x,y,z,rx,ry,rz
-0.325549,-0.458502,0.539691,2.87686,-0.540442,-1.76395
-0.32555040648638417,-0.4586193749485535,0.5396131491286105,2.877939165080052,-0.5393881143757142,-1.7636413392740466
-0.3255519312742641,-0.45873571626129295,0.5395355164230456,2.879011942743187,-0.5383376121621206,-1.7633412526209504
-0.3255535714082251,-0.4588510218979512,0.5394581003663383,2.8800784235904855,-0.53729089920109,-1.7630496224615935
-0.3255553239328526,-0.45896528981826096,0.5393808994415207,2.8811386982230265,-0.536248381334493,-1.7627663312168564
-0.3255571858927319,-0.4590785179819551,0.5393039121316253,2.8821928572418893,-0.5352104644042004,-1.7624912613076211
-0.3255591543324485,-0.4591907043487665,0.5392271369196846,2.883240991248155,-0.5341775542520827,-1.7622242951547686
-0.3255612262965877,-0.45930184687842784,0.5391505722887311,2.8842831908429027,-0.5331500567200107,-1.7619653151791812
-0.3255633988297349,-0.459411943530672,0.5390742167217971,2.8853195466272124,-0.5321283776498553,-1.7617142038017395
-0.3255656689764754,-0.45952099226523185,0.5389980687019152,2.886350149202164,-0.5311129228834871,-1.761470843443325
-0.3255680337813947,-0.45962899104184013,0.5389221267121178,2.8873750891688372,-0.5301040982627768,-1.7612351165248197
-0.3255704902890782,-0.45973593782022965,0.5388463892354375,2.888394457128311,-0.529102309629595,-1.761006905467105
-0.32557303554411116,-0.45984183056013317,0.5387708547549065,2.8894083436816667,-0.5281079628258126,-1.7607860926910617
-0.325575666591079,-0.4599466672212837,0.5386955217535575,2.8904168394299834,-0.5271214636933,-1.7605725606175717
-0.32557838047456716,-0.4600504457634138,0.5386203887144227,2.8914200349743404,-0.5261432180739284,-1.7603661916675164
-0.32558117423916094,-0.46015316414625645,0.5385454541205348,2.892418020915818,-0.525173631809568,-1.7601668682617773
-0.32558404492944576,-0.4602548203295444,0.5384707164549261,2.893410887855496,-0.5242131107420901,-1.7599744728212356
-0.325586989590007,-0.46035541227301047,0.538396174200629,2.894398726394454,-0.5232620607133648,-1.7597888877667733
-0.32559000526543,-0.4604549379363876,0.5383218258406761,2.8953816271337725,-0.5223208875652631,-1.7596099955192712
-0.32559308900030026,-0.4605533952794083,0.5382476698580999,2.89635968067453,-0.5213899971396557,-1.759437678499611
-0.325596237839203,-0.46065078226180567,0.5381737047359326,2.8973329776178076,-0.5204697952784133,-1.7592718191286745
-0.32559944882672365,-0.46074709684331233,0.5380999289572069,2.898301608564684,-0.5195606878234066,-1.7591122998273425
-0.3256027190074477,-0.4608423369836612,0.5380263410049554,2.89926566411624,-0.5186630806165062,-1.7589590030164968
-0.3256060454259604,-0.4609365006425852,0.5379529393622099,2.9002252348735547,-0.517777379499583,-1.758811811117019
-0.3256094251268471,-0.46102958577981684,0.5378797225120036,2.9011804114377084,-0.5169039903145076,-1.7586706065497901
-0.32561285515469335,-0.4611215903550892,0.5378066889373685,2.9021312844097804,-0.5160433189031508,-1.7585352717356921
-0.3256163325540844,-0.4612125123281349,0.5377338371213373,2.9030779443908505,-0.5151957711073835,-1.758405689095606
-0.32561985436960567,-0.4613023496586869,0.5376611655469421,2.904020481981999,-0.5143617527690758,-1.7582817410504135
-0.3256234176458425,-0.461391100306478,0.5375886726972159,2.9049589877843056,-0.513541669730099,-1.758163310020996
-0.3256270194273803,-0.4614787622312409,0.5375163570551905,2.9058935523988496,-0.5127359278323232,-1.7580502784282348
-0.32563065675880454,-0.46156533339270844,0.537444217103899,2.906824266426711,-0.5119449329176199,-1.7579425286930117
-0.32563432668470044,-0.46165081175061357,0.5373722513263735,2.9077512204689704,-0.5111690908278593,-1.7578399432362075
-0.32563802624965343,-0.4617351952646889,0.5373004582056465,2.9086745051267062,-0.5104088074049122,-1.7577424044787042
-0.3256417524982489,-0.46181848189466745,0.5372288362247504,2.909594211000999,-0.5096644884906494,-1.7576497948413832
-0.3256455028387507,-0.46190067084480546,0.5371573823961897,2.910510433208165,-0.508936511389498,-1.7575619951033832
-0.325649278907184,-0.4619817757869465,0.537086076637579,2.9114233193541317,-0.5082249216581094,-1.7574788669585846
-0.3256530850671622,-0.4620618197268609,0.537014887837572,2.912333050909097,-0.50752955082231,-1.7574002597877982
-0.3256569257277582,-0.46214082582588467,0.5369437847010067,2.9132398099076617,-0.5068502268407462,-1.7573260227666165
-0.3256608052980453,-0.4622188172453538,0.5368727359327206,2.914143778384427,-0.5061867776720645,-1.7572560050706325
-0.3256647281870966,-0.4622958171466041,0.5368017102375513,2.9150451383739937,-0.5055390312749115,-1.7571900558754388
-0.3256686988039851,-0.46237184869097164,0.5367306763203369,2.9159440719109626,-0.5049068156079336,-1.757128024356628
-0.3256727215577839,-0.46244693503979234,0.5366596028859147,2.9168407610299347,-0.5042899586297771,-1.7570697596897933
-0.3256768008575661,-0.4625210993544021,0.5365884586391229,2.9177353877655112,-0.5036882882990886,-1.7570151110505272
-0.32568094111240486,-0.4625943647961369,0.5365172122847988,2.9186281341522933,-0.5031016325745145,-1.7569639276144224
-0.32568514673137333,-0.4626667545263327,0.5364458325277804,2.919519182224881,-0.5025298194147011,-1.756916058557072
-0.3256894221235445,-0.4627382917063253,0.5363742880729052,2.9204087140178765,-0.501972676778295,-1.7568713530540683
-0.3256937716979915,-0.4628089994974508,0.5363025476250112,2.921296911565881,-0.5014300326239428,-1.7568296602810043
-0.32569819986378745,-0.46287890106104507,0.536230579888936,2.922183956903494,-0.5009017149102907,-1.7567908294134726
-0.32570271103000553,-0.462948019558444,0.5361583535695171,2.923070032065318,-0.5003875515959852,-1.7567547096270664
-0.3257073096057186,-0.46301637815098373,0.5360858373715925,2.9239553190859526,-0.49988737063967287,-1.7567211500973778
-0.325712,-0.463084,0.536013,2.92484,-0.499401,-1.75669
-0.32571678452026426,-0.4631509065857601,0.5359398170517069,2.92572420020638,-0.49892820253109593,-1.7566611349940515
-0.3257216570672921,-0.46321711266425614,0.5358662916922002,2.9266078185612896,-0.4984684806690214,-1.756634536672754
-0.3257266094402057,-0.4632826313104116,0.5357924339790964,2.927490697285245,-0.49802127174531974,-1.756610213112855
-0.3257316334381273,-0.46334747559914985,0.535718253970012,2.928372678598762,-0.4975860130915346,-1.7565881723911019
-0.3257367208601791,-0.4634116586053943,0.5356437617225642,2.929253604722357,-0.49716214203920944,-1.7565684225842424
-0.3257418635054833,-0.46347519340406845,0.5355689672943692,2.9301333178765474,-0.4967490959198877,-1.7565509717690238
-0.32574705317316216,-0.46353809307009575,0.5354938807430436,2.931011660281847,-0.496346312065113,-1.7565358280221939
-0.32575228166233794,-0.4636003706783995,0.5354185121262043,2.9318884741587743,-0.4959532278064286,-1.7565229994204998
-0.32575754077213276,-0.4636620393039032,0.5353428715014678,2.9327636017278436,-0.4955692804753783,-1.7565124940406895
-0.32576282230166886,-0.46372311202153027,0.5352669689264506,2.9336368852095727,-0.49519390740350544,-1.7565043199595103
-0.32576811805006844,-0.46378360190620416,0.5351908144587696,2.934508166824476,-0.4948265459223534,-1.7564984852537096
-0.3257734198164538,-0.46384352203284823,0.5351144181560412,2.935377288793072,-0.49446663336346586,-1.7564949980000348
-0.32577871939994707,-0.4639028854763858,0.5350377900758823,2.936244093335875,-0.4941136070583863,-1.756493866275234
-0.32578400859967044,-0.4639617053117406,0.5349609402759092,2.9371084226734023,-0.49376690433865816,-1.7564950981560543
-0.32578927921474626,-0.46401999461383586,0.5348838788137389,2.937970119026169,-0.493425962535825,-1.756498701719243
-0.32579452304429674,-0.46407776645759496,0.534806615746988,2.9388290246146926,-0.49309021898143024,-1.756504685041548
-0.3257997319133409,-0.46413503402742323,0.5347291612880325,2.9396849806055547,-0.4927591098673115,-1.7565130542414493
-0.3258048992007188,-0.464191817076632,0.534651534934834,2.9405377649293456,-0.49243200300294915,-1.7565236979413787
-0.32581002069369236,-0.46424814554033755,0.5345737705780101,2.941387057500865,-0.49210816020517056,-1.756536322644893
-0.32581509238669965,-0.4643040502295102,0.5344959033462566,2.9422325298034484,-0.49178683417315516,-1.7565506191894094
-0.3258201102741786,-0.4643595619551204,0.5344179683682692,2.9430738533204286,-0.4914672776060826,-1.7565662784123448
-0.3258250703505674,-0.4644147115281384,0.5343400007727435,2.9439106995351407,-0.49114874320313245,-1.7565829911511168
-0.325829968610304,-0.46446952975953465,0.5342620356883753,2.9447427399309185,-0.4908304836634842,-1.7566004482431428
-0.3258348010478264,-0.46452404746027953,0.5341841082438603,2.9455696459910965,-0.4905117516863174,-1.7566183405258393
-0.3258395636575727,-0.46457829544134327,0.5341062535678942,2.9463910891990084,-0.4901917999708117,-1.7566363588366238
-0.32584425243398085,-0.4646323045136963,0.5340285067891728,2.947206741037989,-0.48986988121614666,-1.756654194012914
-0.325848863371489,-0.46468610548830913,0.5339509030363918,2.948016272991372,-0.4895452481215018,-1.7566715368921262
-0.3258533924645351,-0.4647397291761519,0.5338734774382469,2.9488193565424927,-0.4892171533860566,-1.756688078311678
-0.3258578357075572,-0.46479320638819516,0.5337962651234337,2.9496156631746846,-0.48888484970899077,-1.756703509108987
-0.3258621890949934,-0.4648465679354092,0.533719301220648,2.9504048643712824,-0.4885475897894838,-1.7567175201214695
-0.32586644862128156,-0.46489984462876427,0.5336426208585855,2.9511866316156192,-0.48820462632671524,-1.7567298021865434
-0.32587061028085995,-0.4649530672792309,0.5335662591659421,2.9519606363910307,-0.48785521201986476,-1.7567400461416256
-0.32587467006816645,-0.46500626669777945,0.5334902512714133,2.9527265501808504,-0.48749859956811187,-1.7567479428241333
-0.3258786237716484,-0.4650594741460579,0.5334146333732703,2.953484036735218,-0.48713405787945374,-1.756753173889072
-0.32588246478511085,-0.46511272612484356,0.5333394541036003,2.954232669905888,-0.48676104428939365,-1.7567553142459138
-0.3258861849574282,-0.4651660625149967,0.5332647701163066,2.9549719655456563,-0.48637913769956764,-1.7567538699360437
-0.3258897761117261,-0.4652195232537126,0.5331906381989899,2.9557014385406704,-0.48598791903771393,-1.756748345853045
-0.3258932300711303,-0.4652731482781862,0.5331171151392508,2.9564206037770777,-0.4855869692315708,-1.756738246890502
-0.32589653865876633,-0.46532697752561275,0.5330442577246894,2.9571289761410227,-0.48517586920887645,-1.7567230779419982
-0.3258996936977599,-0.46538105093318727,0.5329721227429065,2.9578260705186548,-0.48475419989736923,-1.7567023439011176
-0.3259026870112366,-0.465435408438105,0.5329007669815027,2.958511401796119,-0.4843215422247873,-1.7566755496614437
-0.3259055104223221,-0.465490089977561,0.532830247228078,2.959184484859563,-0.4838774771188689,-1.7566422001165602
-0.325908155754142,-0.4655451354887503,0.5327606202702333,2.9598448345951334,-0.48342158550735237,-1.756601800160051
-0.325910614829822,-0.4656005849088681,0.5326919428955691,2.960491965888977,-0.4829534483179759,-1.7565538546854997
-0.32591287947248776,-0.4656564781751095,0.5326242718916858,2.961125393627241,-0.4824726464784776,-1.7564978685864903
-0.3259149415052649,-0.4657128552246697,0.5325576640461839,2.9617446326960715,-0.48197876091659597,-1.7564333467566065
-0.32591679275127905,-0.46576975599474374,0.5324921761466638,2.962349197981616,-0.48147137256006917,-1.7563597940894315
-0.32591842503365587,-0.46582722042252667,0.5324278649807261,2.962938604370021,-0.4809500623366354,-1.7562767154785497
-0.325919830175521,-0.46588528844521376,0.5323647873359714,2.9635123667474335,-0.48041441117403294,-1.7561836158175448
-0.325921,-0.465944,0.532303,2.96407,-0.479864,-1.75608
-0.3259219264678743,-0.4660033948399229,0.5322425573426294,2.96461104602819,-0.47929844050329645,-1.7559654071952773
-0.3259226020905475,-0.4660635119813894,0.532183504062545,2.9651351547897584,-0.4787174674167681,-1.755839513675846
-0.3259230195170792,-0.46612439025664837,0.5321258824406492,2.9656420032567854,-0.47812084623428247,-1.755702029989955
-0.32592317139652854,-0.46618606849794925,0.532069734757844,2.966131268401349,-0.4775083424497069,-1.7555526666858519
-0.32592305037795516,-0.4662485855375411,0.5320151032950321,2.9666026271955266,-0.47687972155690894,-1.7553911343117838
-0.3259226491104182,-0.46631198020767306,0.5319620303331154,2.967055756611398,-0.476234749049756,-1.7552171434159993
-0.32592196024297726,-0.4663762913405943,0.5319105581529964,2.9674903336210416,-0.47557319042211554,-1.7550304045467462
-0.32592097642469153,-0.46644155776855406,0.5318607290355775,2.967906035196535,-0.47489481116785487,-1.7548306282522717
-0.32591969030462065,-0.4665078183238014,0.5318125852617608,2.9683025383099575,-0.47419937678084156,-1.7546175250808245
-0.3259180945318238,-0.4665751118385855,0.5317661691124486,2.968679519933386,-0.473486652754943,-1.7543908055806519
-0.32591618175536047,-0.4666434771451556,0.5317215228685432,2.969036657038901,-0.4727564045840266,-1.7541501803000012
-0.3259139446242901,-0.46671295307576083,0.5316786888109472,2.96937362659858,-0.47200839776195996,-1.7538953597871214
-0.3259113757876719,-0.4667835784626503,0.5316377092205626,2.969690105584501,-0.47124239778261023,-1.7536260545902596
-0.32590846789456546,-0.46685539213807314,0.5315986263782916,2.969985770968744,-0.47045817013984514,-1.7533419752576636
-0.32590521359402996,-0.46692843293427866,0.531561482565037,2.9702602997233853,-0.469655480327532,-1.7530428323375813
-0.325901605535125,-0.46700273968351597,0.5315263200617005,2.9705133688205048,-0.4688340938395382,-1.7527283363782609
-0.3258976363402652,-0.467078351052982,0.531493180869678,2.9707446569167084,-0.46799377628244065,-1.7523981995178581
-0.32589329703319053,-0.46715529580674775,0.5314620902199528,2.970953943740254,-0.46713430002538087,-1.7520522292890397
-0.3258885761596943,-0.46723358735903814,0.5314330473493701,2.9711411656804607,-0.4662554479194756,-1.7516903810859628
-0.3258834620524135,-0.46731323780366135,0.5314060492587206,2.971306272602868,-0.4653570037175167,-1.751312623022052
-0.3258779430439846,-0.4673942592344258,0.5313810929487942,2.9714492143730142,-0.46443875117229627,-1.7509189232107323
-0.3258720074670446,-0.46747666374513963,0.5313581754203813,2.9715699408564404,-0.46350047403660627,-1.7505092497654287
-0.3258656436542303,-0.46756046342961094,0.5313372936742722,2.9716684019186848,-0.46254195606323867,-1.750083570799566
-0.3258588399381785,-0.4676456703816481,0.5313184447112572,2.9717445474252875,-0.4615629810049855,-1.7496418544265695
-0.3258515846515259,-0.46773229669505945,0.5313016255321268,2.9717983272417867,-0.4605633326146387,-1.7491840687598639
-0.32584386612690946,-0.46782035446365294,0.5312868331376711,2.9718296912337228,-0.4595427946449904,-1.748710181912874
-0.32583567269696573,-0.46790985578123706,0.5312740645286803,2.9718385892666346,-0.4585011508488324,-1.7482201619990254
-0.32582699269433174,-0.46800081274161986,0.5312633167059451,2.971824971206062,-0.45743818497895694,-1.7477139771317427
-0.32581781445164415,-0.4680932374386097,0.5312545866702554,2.9717887869175437,-0.4563536807881557,-1.7471915954244501
-0.3258081263015398,-0.4681871419660147,0.5312478714224017,2.971729986266619,-0.4552474220292209,-1.7466529849905739
-0.32579791657665547,-0.46828253841764317,0.5312431679631743,2.971648519118828,-0.4541191924549445,-1.746098113943538
-0.32578717360962794,-0.46837943888730327,0.5312404732933635,2.9715443353397095,-0.4529687758181184,-1.745526950396768
-0.32577588573309396,-0.46847785546880333,0.5312397844137595,2.9714173847948033,-0.4517959558715347,-1.7449394624636885
-0.3257640414515304,-0.46857779868018407,0.5312410963377526,2.9712676341605238,-0.45060051715090743,-1.7443356359448665
-0.32575163126705164,-0.46867926072119,0.5312443809752054,2.971095245539711,-0.4493822532934202,-1.743715662253896
-0.32573864697057126,-0.46878222197331004,0.53124959533048,2.9709005071167693,-0.4481409638081723,-1.743079865457937
-0.3257250803744828,-0.46888666262106204,0.5312566961595123,2.970683709177463,-0.4468764483021283,-1.7424285718350412
-0.3257109232911795,-0.4689925628489639,0.5312656402182389,2.9704451420075566,-0.4455885063822528,-1.7417621076632612
-0.32569616753305497,-0.4690999028415337,0.5312763842625965,2.970185095892814,-0.44427693765551035,-1.7410807992206496
-0.3256808049125025,-0.4692086627832891,0.5312888850485213,2.9699038611189996,-0.4429415417288656,-1.7403849727852587
-0.3256648272419157,-0.4693188228587482,0.5313030993319502,2.969601727971877,-0.44158211820928317,-1.7396749546351404
-0.32564822633368773,-0.4694303632524288,0.5313189838688192,2.9692789867372102,-0.4401984667037276,-1.7389510710483478
-0.3256309940002123,-0.46954326414884895,0.531336495415065,2.968935927700764,-0.4387903868191634,-1.7382136483029325
-0.32561312205388265,-0.4696575057325265,0.5313555907266241,2.968572841148303,-0.4373576781625553,-1.7374630126769472
-0.3255946023070923,-0.4697730681879793,0.5313762265594328,2.96819001736559,-0.43590014034086777,-1.7366994904484447
-0.3255754265722347,-0.4698899316997253,0.5313983596694278,2.9677877466383897,-0.4344175729610654,-1.7359234078954768
-0.3255555866617032,-0.47000807645228254,0.5314219468125457,2.9673663192524664,-0.43290977563011296,-1.735135091296096
-0.3255350743878913,-0.47012748263016874,0.5314469447447226,2.9669260254935845,-0.4313765479549748,-1.7343348669283547
-0.32551388156319244,-0.470248130417902,0.5314733102218953,2.9664671556475075,-0.42981768954261557,-1.733523061070305
-0.325492,-0.47037,0.531501,2.96599,-0.428233,-1.7327
-0.32546942336627344,-0.4704930730982479,0.5315299710835613,2.965494855047766,-0.42662230873749,-1.7318659982915434
-0.3254461527522363,-0.4706173375834987,0.5315601814714549,2.9649820421312696,-0.42498556437903784,-1.7310213237032492
-0.32542219110367787,-0.47074278286387256,0.5315915894111449,2.9644518888019147,-0.4233227453519931,-1.7301662322894829
-0.3253975413663878,-0.4708693983474894,0.5316241531500946,2.963904722611106,-0.42163383008370553,-1.7293009801046093
-0.32537220648615556,-0.4709971734424697,0.5316578309357681,2.9633408711102467,-0.4199187970015247,-1.7284258232029952
-0.3253461894087706,-0.4711260975569332,0.5316925810156292,2.962760661850741,-0.4181776245328003,-1.7275410176390058
-0.32531949308002234,-0.4712561600990002,0.5317283616371415,2.9621644223839936,-0.416410291104882,-1.7266468194670062
-0.3252921204457002,-0.4713873504767907,0.5317651310477688,2.9615524802614086,-0.41461677514511935,-1.7257434847413624
-0.32526407445159383,-0.47151965809842483,0.5318028474949751,2.960925163034389,-0.4127970550808622,-1.72483126951644
-0.32523535804349263,-0.4716530723720228,0.5318414692262239,2.9602827982543407,-0.41095110933946,-1.7239104298466048
-0.32520597416718605,-0.4717875827057046,0.531880954488979,2.959625713472666,-0.40907891634826254,-1.7229812217862217
-0.32517592576846355,-0.47192317850759047,0.5319212615307042,2.95895423624077,-0.4071804545346195,-1.7220439013896567
-0.32514521579311473,-0.4720598491858004,0.5319623485988633,2.958268694110056,-0.40525570232588043,-1.7210987247112757
-0.3251138471869289,-0.4721975841484545,0.5320041739409203,2.9575694146319287,-0.40330463814939504,-1.7201459478054437
-0.32508182289569565,-0.47233637280367297,0.5320466958043386,2.9568567253577926,-0.40132724043251294,-1.7191858267265268
-0.32504914586520445,-0.4724762045595758,0.5320898724365823,2.956130953839051,-0.39932348760258396,-1.7182186175288903
-0.325015819072866,-0.47261706891351085,0.532133662080712,2.955392428125609,-0.3972933590377741,-1.7172445757899255
-0.32498184739337255,-0.4727589607164857,0.5321780227156203,2.954641506177453,-0.39523689116524496,-1.716263928468549
-0.32494723864220165,-0.4729018831176807,0.5322229119107381,2.9538785923151907,-0.3931542088381006,-1.7152768581650426
-0.32491200088780214,-0.4730458399800975,0.5322682872002737,2.9531040948474425,-0.3910454445159779,-1.7142835436638915
-0.32487614219862276,-0.4731908351667377,0.5323141061184355,2.9523184220828274,-0.3889107306585135,-1.7132841637495813
-0.324839670643112,-0.4733368725406031,0.532360326199432,2.9515219823299654,-0.3867501997253443,-1.712278897206597
-0.3248025942897186,-0.47348395596469517,0.5324069049774718,2.950715183897476,-0.38456398417610704,-1.7112679228194239
-0.3247649212068912,-0.4736320893020156,0.532453799986763,2.9498984350939783,-0.3823522164704385,-1.710251419372547
-0.32472665946307844,-0.4737812764155661,0.5325009687615141,2.949072144228092,-0.38011502906797545,-1.709229565650452
-0.3246878171267291,-0.4739315211683483,0.5325483688359338,2.948236719608436,-0.3778525544283548,-1.7082025404376242
-0.3246484022662917,-0.47408282742336383,0.5325959577442302,2.947392569543631,-0.37556492501121314,-1.7071705225185483
-0.324608422950215,-0.47423519904361444,0.5326436930206119,2.946540102342296,-0.3732522732761875,-1.70613369067771
-0.3245678872469477,-0.4743886398921016,0.5326915321992871,2.9456797263130508,-0.37091473168291433,-1.7050922236995945
-0.32452680322493827,-0.4745431538318271,0.5327394328144646,2.944811849764515,-0.3685524326910308,-1.7040463003686872
-0.3244851789526355,-0.4746987447257925,0.5327873524003524,2.9439368810053073,-0.36616550876017334,-1.7029960994694728
-0.32444302249848816,-0.4748554164369996,0.5328352484911593,2.9430552283440474,-0.363754092349979,-1.7019417997864374
-0.3244003419309447,-0.47501317282844985,0.5328830786210933,2.9421673000893556,-0.36131831592008445,-1.7008835801040656
-0.32435714542077326,-0.4751720170763733,0.5329308014795977,2.94127349699753,-0.3588583131213594,-1.6998216225778653
-0.3243134423282046,-0.4753319443732779,0.5329783891857133,2.9403741320291363,-0.3563742314527561,-1.6987561485514828
-0.32426924278086455,-0.47549294476088344,0.5330258225227381,2.9394694615023327,-0.35386622734747375,-1.6976874046512331
-0.32422455691916896,-0.47565500819506323,0.533073082418375,2.938559740791237,-0.3513344573876154,-1.6966156379248105
-0.3241793948835338,-0.4758181246316905,0.5331201498003265,2.937645225269967,-0.34877907815528425,-1.695541095419907
-0.32413376681437495,-0.47598228402663856,0.5331670055962952,2.9367261703126406,-0.34620024623258366,-1.694464024184217
-0.3240876828521082,-0.4761474763357807,0.5332136307339833,2.935802831293375,-0.34359811820161656,-1.6933846712654337
-0.3240411531371495,-0.47631369151499026,0.5332600061410936,2.9348754635862884,-0.34097285064448646,-1.6923032837112502
-0.32399418780991457,-0.47648091952014043,0.5333061127453286,2.9339443225654986,-0.3383246001432963,-1.69122010856936
-0.3239467970108195,-0.4766491503071046,0.5333519314743906,2.9330096636051235,-0.3356535232801494,-1.6901353928874563
-0.32389899088028,-0.4768183738317559,0.5333974432559826,2.9320717420792803,-0.3329597766371489,-1.6890493837132328
-0.323850779558712,-0.4769885800499678,0.5334426290178068,2.9311308133620884,-0.330243516796398,-1.6879623280943825
-0.32380217318653143,-0.4771597589176134,0.5334874696875657,2.930187132827663,-0.32750490033999996,-1.6868744730785992
-0.32375318190415403,-0.4773319003905662,0.533531946192962,2.9292409558501245,-0.32474408385005804,-1.685786065713576
-0.32370381585199576,-0.47750499442469935,0.5335760394616982,2.928292537803589,-0.32196122390867515,-1.6846973530470057
-0.3236540851704724,-0.4776790309758862,0.5336197304214766,2.927342134062175,-0.3191564770979548,-1.6836085821265827
-0.323604,-0.477854,0.533663,2.92639,-0.31633,-1.68252
-0.32355356997390633,-0.478029891403186,0.533705833088184,2.9254363844479805,-0.31348203661122187,-1.6814318275644586
-0.32350280269716714,-0.4782066948926774,0.5337482304297969,2.9244815100642274,-0.310613180585263,-1.6803441811151922
-0.3234517052676704,-0.4783844001259796,0.5337901967318202,2.923525592963649,-0.30772411299007385,-1.679257150796942
-0.3234002847833039,-0.47856299676059755,0.5338317367012353,2.9225688492611566,-0.3048155148936047,-1.678170826754449
-0.3233485483419556,-0.47874247445403656,0.5338728550450235,2.9216114950716574,-0.301888067363806,-1.677085299132455
-0.3232965030415132,-0.4789228228638017,0.5339135564701666,2.920653746510063,-0.29894245146862836,-1.6760006580757008
-0.3232441559798647,-0.4791040316473984,0.5339538456836457,2.9196958196912797,-0.295979348276022,-1.6749169937289277
-0.3231915142548979,-0.4792860904623317,0.5339937273924424,2.9187379307302193,-0.29299943885393753,-1.6738343962368771
-0.3231385849645006,-0.47946898896610685,0.5340332063035382,2.9177802957417893,-0.29000340427032534,-1.6727529557442908
-0.32308537520656067,-0.479652716816229,0.5340722871239146,2.916823130840901,-0.28699192559313563,-1.6716727623959091
-0.323031892078966,-0.4798372636702035,0.5341109745605528,2.9158666521424625,-0.28396568389031906,-1.6705939063364739
-0.3229781426796044,-0.4800226191855353,0.5341492733204345,2.914911075761383,-0.28092536022982595,-1.6695164777107263
-0.3229241341063638,-0.48020877301972986,0.534187188110541,2.9139566178125724,-0.27787163567960677,-1.6684405666634077
-0.32286987345713186,-0.48039571483029214,0.5342247236378539,2.91300349441094,-0.274805191307612,-1.6673662633392592
-0.3228153678297967,-0.48058343427472755,0.5342618846093544,2.9120519216713943,-0.271726708181792,-1.6662936578830225
-0.32276062432224595,-0.48077192101054117,0.5342986757320243,2.911102115708845,-0.2686368673700972,-1.6652228404394385
-0.32270565001470186,-0.4809611646444518,0.5343351017252976,2.9101542926316055,-0.26553635077730603,-1.6641538999660175
-0.32265045092744,-0.4811511517359933,0.5343711680557908,2.909208668152185,-0.2624258905178803,-1.6630868541864183
-0.32259503143781937,-0.481341864121563,0.5344068813482512,2.9082654573696036,-0.2593062965312906,-1.6620216104118295
-0.32253939578187274,-0.4815332832312667,0.5344422483270505,2.9073248753301066,-0.2561783854516321,-1.6609580664555925
-0.32248354819563263,-0.48172539049521035,0.53447727571656,2.9063871370799377,-0.2530429739129998,-1.659896120131049
-0.32242749291513206,-0.48191816734349985,0.5345119702411519,2.9054524576653424,-0.24990087854948875,-1.65883566925154
-0.32237123417640345,-0.4821115952062412,0.5345463386251976,2.9045210521325653,-0.24675291599519422,-1.6577766116304073
-0.32231477621547977,-0.48230565551354015,0.5345803875930689,2.9035931355278524,-0.2435999028842112,-1.6567188450809924
-0.32225812326839354,-0.48250032969550266,0.5346141238691373,2.9026689228974476,-0.24044265585063482,-1.655662267416637
-0.32220127957117767,-0.4826955991822348,0.5346475541777747,2.9017486292875967,-0.23728199152856014,-1.6546067764506822
-0.32214424935986474,-0.4828914454038424,0.5346806852433524,2.9008324697445436,-0.23411872655208227,-1.6535522699964702
-0.32208703687048745,-0.4830878497904313,0.5347135237902423,2.899920659314535,-0.2309536775552963,-1.6524986458673419
-0.32202964633907866,-0.4832847937721074,0.5347460765428161,2.899013413043814,-0.22778766117229737,-1.651445801876639
-0.3219720820016711,-0.48348225877897677,0.5347783502254454,2.8981109459786265,-0.22462149403718049,-1.6503936358377025
-0.3219143480942973,-0.4836802262411452,0.5348103515625019,2.8972134731652175,-0.22145599278404085,-1.6493420455638752
-0.32185644885299014,-0.48387867758871866,0.5348420872783572,2.896321209649832,-0.21829197404697345,-1.6482909288684973
-0.3217983885137823,-0.484077594251803,0.5348735640973832,2.8954343704787147,-0.21513025446007347,-1.647240183564911
-0.32174017126025944,-0.4842769567404038,0.5349047884511691,2.8945531651679315,-0.21197162953040263,-1.6461897160861394
-0.32168180066631125,-0.4844767348683582,0.5349357633677109,2.8936777389452115,-0.2088166491632595,-1.6451395330690028
-0.3216232799124748,-0.48467689154874993,0.5349664896791387,2.8928081955619374,-0.20566570481119262,-1.6440897057979345
-0.32156461217273125,-0.4848773895796502,0.5349969681809844,2.8919446380782206,-0.20251918528587104,-1.643040306634827
-0.32150580062106193,-0.48507819175913014,0.5350271996687798,2.8910871695541713,-0.19937747939896408,-1.641991407941572
-0.32144684843144816,-0.4852792608852609,0.5350571849380565,2.890235893049901,-0.19624097596214082,-1.6409430820800632
-0.3213877587778712,-0.48548055975611365,0.5350869247843467,2.8893909116255196,-0.19311006378707055,-1.6398954014121931
-0.3213285348343122,-0.4856820511697595,0.5351164200031823,2.888552328341139,-0.18998513168542233,-1.6388484382998543
-0.32126917977475244,-0.4858836979242695,0.535145671390095,2.887720246256869,-0.18686656846886543,-1.6378022651049395
-0.32120969677317324,-0.486085462817715,0.5351746797406166,2.8868947684328212,-0.18375476294906898,-1.636756954189341
-0.3211500890035559,-0.48628730864816694,0.5352034458502792,2.8860759979291055,-0.18065010393770226,-1.6357125779149517
-0.3210903596398815,-0.48648919821369657,0.5352319705146147,2.8852640378058334,-0.1775529802464344,-1.6346692086436645
-0.3210305118561315,-0.48669109431237506,0.5352602545291549,2.884458991123115,-0.17446378068693463,-1.633626918737372
-0.3209705488262871,-0.4868929597422735,0.5352882986894315,2.8836609609410626,-0.17138289407087212,-1.6325857805579662
-0.3209104737243296,-0.487094757301463,0.5353161037909767,2.882870050319785,-0.16831070920991606,-1.6315458664673406
-0.3208502897242401,-0.4872964497880148,0.5353436706293223,2.8820863623193937,-0.16524761491573559,-1.6305072488273877
-0.32079,-0.487498,0.535371,2.88131,-0.162194,-1.62947
-0.32072960977460074,-0.4876993696240794,0.5353980876748701,2.8805410850972475,-0.1591502013989716,-1.6284342203566027
-0.32066913246707424,-0.48790051590127287,0.535424909331105,2.8797798140489155,-0.15611634854728532,-1.627400122306751
-0.32060858354546296,-0.4881013949611899,0.5354514356222057,2.8790264019683147,-0.1530925190041694,-1.6263679462695328
-0.3205479784778089,-0.4883019629334401,0.5354776372016727,2.878281063968758,-0.15007879032885185,-1.6253379326640365
-0.3204873327321545,-0.48850217594763273,0.5355034847230072,2.877544015163557,-0.14707524008056097,-1.6243103219093487
-0.32042666177654183,-0.4887019901333775,0.5355289488397099,2.876815470666024,-0.1440819458185248,-1.6232853544245585
-0.32036598107901326,-0.48890136162028386,0.5355540002052815,2.8760956455894693,-0.1410989851019715,-1.6222632706287528
-0.3203053061076109,-0.4891002465379613,0.5355786094732227,2.8753847550472065,-0.13812643549012923,-1.6212443109410195
-0.32024465233037713,-0.4892986010160195,0.5356027472970345,2.8746830141525463,-0.13516437454222613,-1.620228715780447
-0.32018403521535405,-0.48949638118406774,0.5356263843302176,2.873990638018802,-0.1322128798174903,-1.6192167255661225
-0.32012347023058385,-0.48969354317171565,0.5356494912262729,2.8733078417592837,-0.12927202887514994,-1.6182085807171347
-0.320062972844109,-0.48989004310857265,0.5356720386387012,2.8726348404873048,-0.12634189927443318,-1.6172045216525703
-0.3200025585239715,-0.49008583712424836,0.5356939972210031,2.8719718493161763,-0.12342256857456814,-1.6162047887915179
-0.31994224273821376,-0.4902808813483523,0.5357153376266797,2.871319083359211,-0.120514114334783,-1.6152096225530652
-0.3198820409548779,-0.4904751319104939,0.5357360305092316,2.8706767577297194,-0.11761661411430585,-1.6142192633563
-0.3198219686420062,-0.4906685449402827,0.5357560465221596,2.870045087541015,-0.11473014547236488,-1.6132339516203094
-0.3197620412266396,-0.49086107651899413,0.53577535654781,2.8694242860709345,-0.11185478749431284,-1.6122539284571618
-0.3197022716757481,-0.4910526798278597,0.5357939451992566,2.8688144564689217,-0.10899071083298031,-1.6112794765576897
-0.3196426691431907,-0.4912433035530428,0.5358118183722007,2.8682155311854047,-0.10613822807078852,-1.610310943059814
-0.31958324245481756,-0.4914328959940341,0.5358289837931068,2.8676274279870237,-0.10329766399915567,-1.6093486806452908
-0.3195240004364782,-0.49162140545032457,0.5358454491884403,2.8670500646404213,-0.10046934340950002,-1.6083930419958758
-0.3194649519140226,-0.4918087802214049,0.5358612222846658,2.8664833589122387,-0.09765359109323982,-1.6074443797933253
-0.31940610571330036,-0.49199496860676595,0.5358763108082484,2.865927228569118,-0.09485073184179327,-1.6065030467193955
-0.3193474706601614,-0.4921799189058985,0.5358907224856527,2.8653815913777008,-0.09206109044657863,-1.605569395455842
-0.3192890555804556,-0.4923635794182934,0.5359044650433438,2.8648463651046283,-0.08928499169901417,-1.6046437786844214
-0.31923086930003264,-0.4925458984434415,0.5359175462077866,2.8643214675165427,-0.08652276039051808,-1.603726549086889
-0.31917292064474234,-0.4927268242808335,0.5359299737054461,2.8638068163800856,-0.08377472131250863,-1.6028180593450017
-0.31911521844043456,-0.4929063052299603,0.5359417552627871,2.8633023294618987,-0.08104119925640403,-1.601918662140515
-0.3190577715129591,-0.4930842895903127,0.5359528986062746,2.8628079245286226,-0.07832251901362255,-1.6010287101551854
-0.31900058868816566,-0.49326072566138146,0.5359634114623733,2.8623235193469005,-0.07561900537558242,-1.6001485560707687
-0.31894367879190405,-0.49343556174265746,0.5359733015575482,2.8618490316833736,-0.07293098313370185,-1.5992785525690205
-0.3188870506500242,-0.4936087461336314,0.5359825766182642,2.861384379304683,-0.07025877707939913,-1.5984190523316977
-0.3188307130883758,-0.49378022713379427,0.5359912443709862,2.8609294799774707,-0.06760271200409244,-1.5975704080405553
-0.3187746755097326,-0.4939499544706336,0.53599931272362,2.860484258590032,-0.06496313067690282,-1.5967329591828878
-0.31871895402360845,-0.49411789447210064,0.5360067916933194,2.860048722819881,-0.06234058485774569,-1.5959068918603603
-0.3186635690664465,-0.494284024176123,0.536013692658044,2.859622933756934,-0.05973576113930711,-1.5950922932161682
-0.3186085411468053,-0.4944483207991278,0.5360200270184333,2.8592069533813103,-0.05714934836148598,-1.5942892487442
-0.31855389077324325,-0.4946107615575425,0.5360258061751273,2.8588008436731327,-0.054582035364181214,-1.5934978439383434
-0.31849963845431917,-0.4947713236677942,0.5360310415287649,2.858404666612523,-0.05203451098729183,-1.5927181642924866
-0.3184458046985914,-0.49492998434631025,0.5360357444799861,2.858018484179602,-0.04950746407071647,-1.5919502953005171
-0.3183924100146186,-0.4950867208095178,0.5360399264294304,2.857642358354491,-0.047001583454354165,-1.5911943224563232
-0.31833947491095943,-0.49524151027384417,0.5360435987777374,2.857276351117312,-0.04451755797810383,-1.5904503312537932
-0.3182870198961723,-0.49539432995571653,0.5360467729255468,2.856920524448186,-0.04205607648186436,-1.589718407186815
-0.31823506547881575,-0.49554515707156216,0.536049460273498,2.856574940327235,-0.03961782780553465,-1.588998635749276
-0.3181836321674485,-0.49569396883780825,0.5360516722222305,2.8562396607345804,-0.03720350078901361,-1.5882911024350643
-0.318132740470629,-0.4958407424708821,0.536053420172384,2.855914747650343,-0.03481378427220014,-1.5875958927380687
-0.3180824108969158,-0.49598545518721104,0.5360547155245982,2.8556002630546446,-0.032449367094993145,-1.5869130921521761
-0.3180326639548676,-0.49612808420322213,0.5360555696795126,2.8552962689276074,-0.030110938097291515,-1.5862427861712753
-0.3179835201530428,-0.4962686067353427,0.5360559940377666,2.855002827249352,-0.027799186118994172,-1.5855850602892538
-0.317935,-0.496407,0.536056,2.85472,-0.0255148,-1.58494
-0.3178871214268574,-0.4965432444086834,0.5360556022185751,2.8544478500951316,-0.023258430669615787,-1.5843076795722022
-0.3178398920549713,-0.496677333153131,0.5360548283527461,2.8541864441921607,-0.02103057741477981,-1.5836881283737518
-0.31779331692825774,-0.4968092626201431,0.5360537093134893,2.853935849883959,-0.01883170161183821,-1.583081364547341
-0.3177474010906326,-0.49693902919651967,0.536052276011782,2.8536961347634002,-0.016662264637137162,-1.5824874062356615
-0.31770214958601184,-0.49706662926906114,0.5360505593586005,2.8534673664233567,-0.014522727867022802,-1.5819062715814056
-0.3176575674583114,-0.49719205922456766,0.5360485902649217,2.8532496124567,-0.012413552677841284,-1.5813379787272654
-0.3176136597514473,-0.4973153154498394,0.5360463996417226,2.8530429404563034,-0.010335200445938771,-1.5807825458159328
-0.3175704315093354,-0.49743639433167663,0.5360440183999797,2.852847418015039,-0.008288132547661408,-1.5802399909900997
-0.31752788777589164,-0.49755529225687956,0.5360414774506701,2.8526631127257795,-0.006272810359355348,-1.5797103323924582
-0.3174860335950322,-0.4976720056122484,0.5360388077047702,2.8524900921813976,-0.004289695257366751,-1.5791935881657004
-0.3174448740106726,-0.4977865307845833,0.536036040073257,2.8523284239747646,-0.002339248618041763,-1.5786897764525183
-0.3174044140667292,-0.49789886416068463,0.5360332054671073,2.8521781756987545,-0.0004219318177265373,-1.5781989153956038
-0.3173646588071178,-0.4980090021273525,0.5360303347972977,2.8520394149462387,0.0014617937672327672,-1.5777210231376493
-0.31732561327575426,-0.49811694107138704,0.536027458974805,2.85191220931009,0.003311466760490001,-1.5772561178213462
-0.31728728251655475,-0.4982226773795887,0.5360246089106061,2.8517966263831807,0.005126625785699011,-1.5768042175893873
-0.317249671573435,-0.49832620743875744,0.5360218155156777,2.8516927337583837,0.006906809466513643,-1.5763653405844638
-0.31721278536003855,-0.4984275279838515,0.5360191096045798,2.8516005970397784,0.008651562235336576,-1.5759395022615688
-0.31717662097366145,-0.4985266566392999,0.5360165162068636,2.851520162503857,0.010360777049499979,-1.575526556813713
-0.3171411633962609,-0.49862364340821164,0.5360140513853169,2.8514511914693537,0.012034887079976768,-1.5751261084778385
-0.3171063965676147,-0.49871854107895874,0.5360117304313933,2.8513934293446566,0.013674371967730458,-1.574737739989289
-0.31707230442750034,-0.49881140243991307,0.5360095686365458,2.8513466215381547,0.015279711353724563,-1.5743610340834087
-0.3170388709156955,-0.49890228027944644,0.5360075812922278,2.851310513458236,0.016851384878922602,-1.5739955734955409
-0.31700607997197777,-0.4989912273859308,0.5360057836898927,2.85128485051329,0.018389872184288083,-1.57364094096103
-0.31697391553612486,-0.4990782965477381,0.5360041911209938,2.851269378111705,0.01989565291078452,-1.5732967192152196
-0.3169423615479144,-0.49916354055324025,0.5360028188769844,2.8512638416618694,0.02136920669937544,-1.572962490993454
-0.31691140194712397,-0.49924701219080897,0.5360016822493179,2.8512679865721715,0.02281101319102434,-1.572637839031077
-0.31688102067353124,-0.4993287642488163,0.5360007965294475,2.8512815582510007,0.02422155202669475,-1.5723223460634324
-0.31685120166691394,-0.49940884951563413,0.5360001770088267,2.8513043021067452,0.02560130284735017,-1.5720155948258638
-0.3168219288670495,-0.4994873207796343,0.5359998389789088,2.8513359635477946,0.026950745293954127,-1.5717171680537156
-0.31679318621371577,-0.49956423082918866,0.5359997977311467,2.851376287982536,0.028270359007470127,-1.571426648482332
-0.31676495764669016,-0.49963963245266935,0.5360000685569944,2.851425020819359,0.029560623628861693,-1.5711436188470564
-0.31673722710575053,-0.499713578438448,0.5360006667479048,2.8514819074666518,0.030822018799092327,-1.5708676618832327
-0.3167099785306744,-0.49978612157489655,0.5360016075953313,2.8515466933328026,0.03205502415912556,-1.570598360326205
-0.31668319605764417,-0.49985731440265074,0.536002904608592,2.8516191283104084,0.033260144742154454,-1.570335303043692
-0.3166568661060472,-0.4999272065824118,0.5360045505796794,2.8516990144209653,0.03443818076604071,-1.5700781501922687
-0.3166309765683064,-0.49999584591685897,0.5360065249345706,2.85178618731752,0.03559012289036774,-1.5698266079213201
-0.3166055153613955,-0.5000632801777046,0.5360088068764755,2.8518804832136464,0.03671696494874763,-1.5695803831467792
-0.3165804704022876,-0.5001295571366606,0.5360113756086041,2.8519817383229173,0.03781970077479248,-1.5693391827845777
-0.31655582960795653,-0.5001947245654396,0.5360142103341662,2.852089788858905,0.03889932420211437,-1.569102713750648
-0.31653158089537564,-0.5002588302357533,0.5360172902563718,2.852204471035184,0.039956829064325426,-1.5688706829609225
-0.31650771218151846,-0.5003219219193143,0.5360205945784307,2.8523256210653263,0.04099320919503772,-1.5686427973313333
-0.3164842113833586,-0.5003840473878348,0.5360241025035528,2.852453075162905,0.04200945842786335,-1.568418763777813
-0.3164610664178694,-0.5004452544130267,0.5360277932349483,2.8525866695414925,0.04300657059641442,-1.5681982892162938
-0.3164382652020244,-0.5005055907666026,0.5360316459758269,2.852726240414663,0.043985539534303016,-1.567981080562708
-0.31641579565279726,-0.5005651042202742,0.5360356399293985,2.8528716239959886,0.04494735907514123,-1.5677668447329876
-0.31639364568716133,-0.5006238425457542,0.5360397542988733,2.853022656499042,0.04589302305254118,-1.5675552886430653
-0.3163718032220901,-0.5006818535147545,0.5360439682874607,2.8531791741373973,0.04682352530011493,-1.567346119208873
-0.31635025617455714,-0.5007391848989875,0.5360482610983711,2.8533410131246266,0.047739859651474606,-1.567139043346343
-0.31632899246153595,-0.5007958844701652,0.5360526119348141,2.8535080096743037,0.048643019940232284,-1.566933767971408
-0.316308,-0.500852,0.536057,2.85368,0.04953400000000005,-1.56673
-0.3162872649808153,-0.5009075736363818,0.5360614061032214,2.8538568091559147,0.05041377919931268,-1.5665275095688835
-0.3162667666904177,-0.5009626250319121,0.536065817478102,2.8540382175587418,0.05128327904639558,-1.5663263196981536
-0.3162464826891356,-0.5010171682153703,0.5360702229643495,2.8542239944658014,0.05214340658439692,-1.5661265166287368
-0.31622639053729723,-0.5010712172155354,0.5360746114016703,2.854413909134412,0.05299506885646477,-1.5659281866015602
-0.3162064677952311,-0.5011247860611869,0.5360789716297719,2.854607730821894,0.05383917290574725,-1.5657314158575504
-0.3161866920232655,-0.5011778887811041,0.536083292488361,2.8548052287855663,0.054676625775392444,-1.5655362906376347
-0.31616704078172875,-0.5012305394040664,0.5360875628171445,2.8550061722827484,0.05550833450854845,-1.5653428971827401
-0.31614749163094913,-0.5012827519588526,0.5360917714558296,2.8552103305707592,0.0563352061483634,-1.565151321733793
-0.31612802213125507,-0.5013345404742425,0.5360959072441231,2.8554174729069186,0.05715814773798537,-1.564961650531721
-0.31610860984297495,-0.5013859189790152,0.5360999590217321,2.855627368548546,0.05797806632056248,-1.5647739698174505
-0.3160892323264371,-0.50143690150195,0.5361039156283637,2.855839786752961,0.05879586893924284,-1.5645883658319084
-0.31606986714196983,-0.5014875020718261,0.5361077659037246,2.8560544967774826,0.05961246263717453,-1.5644049248160223
-0.31605049184990147,-0.5015377347174229,0.536111498687522,2.856271267879431,0.06042875445750569,-1.5642237330107185
-0.3160310840105604,-0.5015876134675196,0.5361151028194627,2.8564898693161247,0.06124565144338439,-1.5640448766569242
-0.316011621184275,-0.5016371523508956,0.536118567139254,2.8567100703448833,0.06206406063795876,-1.563868441995566
-0.31599208093137365,-0.5016863653963302,0.5361218804866026,2.8569316402230265,0.0628848890843769,-1.5636945152675712
-0.3159724408673536,-0.5017352665607282,0.5361250317100443,2.857154349940589,0.06370903871665262,-1.5635231825012708
-0.31595268191785486,-0.5017838654885476,0.5361280101878392,2.8573780744505046,0.06453710492074324,-1.5633545169692298
-0.3159327901392382,-0.5018321651399519,0.5361308061193191,2.857602849848203,0.06536920793311846,-1.5631885721725767
-0.31591275202921654,-0.5018801679001115,0.5361334097744463,2.857828726090833,0.06620542711717375,-1.5630253999116719
-0.31589255408550326,-0.5019278761541974,0.5361358114231832,2.8580557531355444,0.06704584183630459,-1.5628650519868752
-0.3158721828058113,-0.5019752922873801,0.5361380013354916,2.8582839809394867,0.0678905314539065,-1.5627075801985466
-0.31585162468785377,-0.5020224186848301,0.5361399697813338,2.858513459459809,0.06873957533337491,-1.562553036347046
-0.3158308662293438,-0.5020692577317185,0.5361417070306717,2.85874423865366,0.06959305283810538,-1.562401472232734
-0.3158098939279945,-0.5021158118132153,0.5361432033534678,2.8589763684781913,0.07045104333149332,-1.5622529396559695
-0.31578869428151896,-0.5021620833144917,0.5361444490196839,2.8592098988905494,0.07131362617693428,-1.5621074904171133
-0.3157672537876303,-0.5022080746207183,0.5361454342992823,2.8594448798478855,0.07218088073782371,-1.561965176316525
-0.3157455589440416,-0.5022537881170652,0.536146149462225,2.859681361307348,0.07305288637755708,-1.5618260491545652
-0.3157235962484659,-0.5022992261887037,0.5361465847784744,2.859919393226087,0.07392972245952993,-1.5616901607315932
-0.3157013521986164,-0.5023443912208043,0.5361467305179923,2.8601590255612517,0.07481146834713771,-1.561557562847969
-0.3156788132922062,-0.5023892855985372,0.536146576950741,2.8604003082699907,0.0756982034037759,-1.5614283073040531
-0.3156559660269483,-0.5024339117070736,0.5361461143466828,2.860643291309454,0.07659000699284002,-1.5613024459002052
-0.3156327969005559,-0.5024782719315839,0.5361453329757794,2.860888024636791,0.07748695847772553,-1.561180030436785
-0.31560929269277205,-0.5025223684635285,0.5361442242695973,2.861134559828753,0.07838910623527356,-1.5610611091051296
-0.31558544346193773,-0.5025662012424863,0.5361427931633498,2.8613829672899596,0.07929613842363101,-1.5609456881416761
-0.3155612413816184,-0.502609768755209,0.5361410533042812,2.8616333295720437,0.08020751080178706,-1.5608337467151858
-0.31553667866063334,-0.5026530694642349,0.5361390184848357,2.8618857294290896,0.0811226752554117,-1.560725263543292
-0.3155117475078017,-0.5026961018321019,0.5361367024974579,2.86214024961518,0.08204108367017487,-1.5606202173436274
-0.3154864401319429,-0.5027388643213484,0.5361341191345923,2.8623969728843974,0.08296218793174652,-1.5605185868338254
-0.315460748741876,-0.5027813553945124,0.5361312821886833,2.862655981990826,0.08388543992579658,-1.5604203507315189
-0.3154346655464204,-0.5028235735141319,0.5361282054521755,2.862917359688548,0.08481029153799505,-1.560325487754341
-0.3154081827543953,-0.5028655171427452,0.5361249027175135,2.8631811887316476,0.08573619465401182,-1.5602339766199256
-0.31538129257461983,-0.5029071847428902,0.5361213877771415,2.863447551874207,0.08666260115951689,-1.5601457960459044
-0.3153539872159133,-0.5029485747771053,0.5361176744235042,2.8637165318703106,0.08758896294018018,-1.560060924749912
-0.315326258887095,-0.5029896857079285,0.536113776449046,2.8639882114740405,0.08851473188167165,-1.5599793414495804
-0.31529809979698414,-0.5030305159978978,0.5361097076462116,2.8642626734394794,0.08943935986966127,-1.5599010248625431
-0.31526950215439997,-0.5030710641095517,0.5361054818074451,2.8645400005207127,0.09036229878981895,-1.5598259537064334
-0.31524045816816176,-0.5031113285054278,0.5361011127251916,2.8648202754718213,0.09128300052781467,-1.5597541066988843
-0.3152109600470887,-0.5031513076480647,0.5360966141918949,2.8651035810468892,0.09220091696931837,-1.5596854625575287
-0.315181,-0.503191,0.536092,2.86539,0.0931155,-1.55962
-0.31515057185074674,-0.5032303954034621,0.5360872870299204,2.865679619877309,0.09402610696263865,-1.5595577608458437
-0.315119675883307,-0.503269449219438,0.5360825045139468,2.865972547393262,0.09493171702844987,-1.5594990393222543
-0.3150883139966909,-0.5033081081886043,0.5360776847723392,2.8662688940543757,0.09583121482575842,-1.5594441927583405
-0.3150564880899082,-0.5033463190516378,0.5360728601253574,2.8665687713671697,0.09672348498288898,-1.5593935784832091
-0.31502420006196885,-0.503384028549216,0.5360680628932611,2.8668722908381605,0.09760741212816627,-1.5593475538259678
-0.31499145181188276,-0.5034211834220151,0.5360633253963104,2.8671795639738673,0.09848188088991501,-1.559306476115724
-0.3149582452386599,-0.5034577304107123,0.5360586799547653,2.8674907022808065,0.09934577589645992,-1.5592707026815857
-0.3149245822413102,-0.5034936162559844,0.5360541588888855,2.8678058172654968,0.10019798177612568,-1.5592405908526599
-0.3148904647188436,-0.5035287876985082,0.536049794518931,2.8681250204344573,0.10103738315723702,-1.5592164979580547
-0.3148558945702699,-0.5035631914789607,0.5360456191651616,2.8684484232942036,0.10186286466811868,-1.559198781326877
-0.31482087369459927,-0.5035967743380184,0.5360416651478372,2.8687761373512557,0.10267331093709535,-1.5591877982882347
-0.31478540399084143,-0.5036294830163588,0.5360379647872177,2.8691082741121297,0.10346760659249173,-1.5591839061712358
-0.3147494873580064,-0.5036612642546582,0.5360345504035631,2.869444945083345,0.10424463626263254,-1.559187462304987
-0.31471312569510407,-0.5036920647935936,0.5360314543171331,2.869786261771419,0.1050032845758425,-1.5591988240185963
-0.3146763209011444,-0.5037218313738422,0.5360287088481878,2.8701323356828694,0.10574243616044633,-1.5592183486411715
-0.3146390748751373,-0.5037505107360805,0.536026346316987,2.870483278324215,0.10646097564476872,-1.5592463935018197
-0.314601389529575,-0.5037780500022823,0.5360243988811131,2.870839200849585,0.10715779363680787,-1.5592833128723451
-0.31456326758588715,-0.5038044191722275,0.5360228889375027,2.8712001932699,0.10783213952497185,-1.5593292775863403
-0.31452471301935647,-0.5038296237062967,0.5360218237540912,2.8715663128240996,0.10848381880730386,-1.55938417414817
-0.314485729913124,-0.5038536721152439,0.5360212092973946,2.871937613932029,0.1091126848192351,-1.5594478646037713
-0.3144463223503308,-0.5038765729098239,0.5360210515339286,2.8723141510135335,0.10971859089619676,-1.5595202109990807
-0.31440649441411794,-0.5038983346007909,0.5360213564302095,2.872695978488457,0.11030139037362004,-1.5596010753800345
-0.3143662501876265,-0.5039189656988995,0.5360221299527529,2.8730831507766466,0.11086093658693616,-1.55969031979257
-0.3143255937539974,-0.5039384747149038,0.5360233780680751,2.873475722297946,0.11139708287157628,-1.5597878062826231
-0.31428452919637173,-0.5039568701595585,0.5360251067426917,2.873873747472201,0.11190968256297162,-1.5598933968961313
-0.3142430605978906,-0.503974160543618,0.5360273219431188,2.8742772807192565,0.11239858899655338,-1.5600069536790309
-0.314201192041695,-0.5039903543778365,0.5360300296358723,2.874686376458958,0.11286365550775274,-1.5601283386772584
-0.3141589276109259,-0.5040054601729684,0.5360332357874682,2.8751010891111504,0.11330473543200094,-1.5602574139367509
-0.3141162713887245,-0.5040194864397685,0.5360369463644225,2.875521473095678,0.11372168210472913,-1.5603940415034447
-0.3140732274582318,-0.5040324416889909,0.5360411673332509,2.875947582832388,0.11411434886136855,-1.5605380834232767
-0.3140297999025888,-0.5040443344313901,0.5360459046604693,2.8763794727411236,0.11448258903735037,-1.5606894017421835
-0.31398599280493655,-0.5040551731777205,0.5360511643125941,2.8768171972417313,0.1148262559681058,-1.5608478585061016
-0.3139418102484161,-0.5040649664387366,0.5360569522561409,2.8772608107540556,0.11514520298906604,-1.5610133157609682
-0.3138972563662073,-0.5040737248538618,0.5360632738843496,2.877710359634448,0.11543932112921879,-1.5611856180495691
-0.31385233587319045,-0.5040814838082992,0.5360701279261265,2.878165796501148,0.1157089396051462,-1.561364406440571
-0.3138070538595366,-0.5040882946522706,0.5360775088108071,2.8786270134961947,0.11595467033510413,-1.5615491907290122
-0.3137614154216718,-0.5040942090020815,0.5360854108960681,2.8790939017536883,0.11617712994904314,-1.5617394785220395
-0.3137154256560217,-0.5040992784740371,0.5360938285395855,2.879566352407731,0.11637693507691368,-1.5619347774267982
-0.31366908965901225,-0.5041035546844433,0.5361027560990359,2.880044256592424,0.11655470234866627,-1.5621345950504342
-0.3136224125270694,-0.5041070892496051,0.5361121879320958,2.880527505441869,0.11671104839425137,-1.562338439000093
-0.3135753993566191,-0.5041099337858285,0.5361221183964411,2.8810159900901677,0.11684658984361951,-1.56254581688292
-0.3135280552440872,-0.5041121399094185,0.5361325418497483,2.8815096016714206,0.11696194332672116,-1.5627562363060619
-0.3134803852858995,-0.5041137592366809,0.5361434526496941,2.8820082313197304,0.11705772547350682,-1.5629692048766637
-0.31343239457848193,-0.5041148433839208,0.5361548451539544,2.882511770169198,0.11713455291392698,-1.5631842302018712
-0.31338408821826047,-0.5041154439674441,0.5361667137202057,2.8830201093539247,0.11719304227793212,-1.5634008198888303
-0.31333547130166095,-0.5041156126035561,0.5361790527061244,2.8835331400080118,0.11723381019547276,-1.5636184815446867
-0.3132865489251092,-0.5041154009085622,0.5361918564693869,2.884050753265562,0.11725747329649938,-1.5638367227765864
-0.31323732618503125,-0.5041148604987677,0.5362051193676695,2.8845728402606756,0.11726464821096245,-1.5640550511916744
-0.31318780817785286,-0.5041140429904786,0.5362188357586483,2.8850992921274545,0.11725595156881251,-1.564272974397097
-0.313138,-0.504113,0.536233,2.88563,0.117232,-1.56449
-0.31308790700435346,-0.5041117836395905,0.5362476062689178,2.8861648394640214,0.11719349182427817,-1.5647056498872514
-0.3130375355696137,-0.5041104480053207,0.5362626480206635,2.8867036239116604,0.11714145212061113,-1.564919503064609
-0.31298689233093613,-0.5041090476892143,0.5362781185300154,2.887246151186665,0.11707698765776568,-1.565131152817553
-0.3129359839234761,-0.504107637283295,0.5362940110717526,2.8877922191327845,0.11700120520450867,-1.5653401924315646
-0.312884816982389,-0.5041062713795865,0.5363103189206535,2.8883416255937684,0.11691521152960696,-1.5655462151921236
-0.3128333981428303,-0.5041050045701125,0.5363270353514968,2.8888941684133647,0.11682011340182734,-1.5657488143847107
-0.31278173403995535,-0.5041038914468969,0.5363441536390613,2.889449645435323,0.11671701758993666,-1.5659475832948058
-0.31272983130891946,-0.5041029866019632,0.5363616670581256,2.8900078545033923,0.11660703086270173,-1.5661421152078896
-0.3126776965848781,-0.504102344627335,0.5363795688834684,2.890568593461321,0.11649125998888941,-1.5663320034094423
-0.31262533650298663,-0.5041020201150362,0.5363978523898683,2.8911316601528583,0.11637081173726652,-1.5665168411849448
-0.31257275769840037,-0.5041020676570905,0.536416510852104,2.891696852421753,0.11624679287659989,-1.5666962218198772
-0.3125199668062748,-0.5041025418455213,0.5364355375449542,2.892263968111754,0.11612031017565635,-1.56686973859972
-0.3124669704617653,-0.5041034972723527,0.5364549257431975,2.8928328050666106,0.11599247040320275,-1.5670369848099528
-0.3124137753000273,-0.5041049885296083,0.5364746687216126,2.8934031611300717,0.11586438032800589,-1.567197553736057
-0.31236038795621607,-0.5041070702093116,0.5364947597549784,2.8939748341458857,0.11573714671883262,-1.5673510386635128
-0.312306815065487,-0.5041097969034863,0.5365151921180732,2.8945476219578024,0.11561187634444978,-1.5674970328778004
-0.3122530632507475,-0.5041132230405982,0.5365359591520734,2.8951213219609717,0.1154896746797366,-1.5676351318167794
-0.3121991384000146,-0.5041173932356222,0.5365570581820188,2.8956957046346767,0.11537156956631883,-1.56776506006107
-0.3121450452622265,-0.5041223368926236,0.5365784927079366,2.8962704987386028,0.11525846851427911,-1.5678867423625698
-0.3120907884883354,-0.5041280821072022,0.5366002667610352,2.896845429443652,0.1151512686825996,-1.5680001206922118
-0.3120363727292941,-0.5041346569749573,0.5366223843725242,2.897420221920728,0.11505086723026252,-1.5681051370209285
-0.311981802636055,-0.5041420895914891,0.5366448495736124,2.897994601340733,0.11495816131625002,-1.5682017333196527
-0.31192708285957077,-0.5041504080523972,0.5366676663955086,2.89856829287457,0.11487404809954431,-1.5682898515593173
-0.3118722180507939,-0.5041596404532812,0.536690838869422,2.8991410216931417,0.11479942473912753,-1.568369433710855
-0.311817212860677,-0.5041698148897409,0.5367143710265614,2.899712512967351,0.1147351883939819,-1.5684404217451977
-0.3117620719401726,-0.5041809594573762,0.5367382668981358,2.9002824918681007,0.11468223622308961,-1.5685027576332788
-0.31170679994023326,-0.5041931022517866,0.5367625305153543,2.9008506835662926,0.11464146538543281,-1.5685563833460312
-0.31165140151181153,-0.5042062713685719,0.5367871659094257,2.901416813232831,0.11461377303999368,-1.5686012408543875
-0.3115958813058601,-0.504220494903332,0.5368121771115592,2.901980606038618,0.11460005634575443,-1.5686372721292798
-0.31154024397333124,-0.5042358009516664,0.5368375681529634,2.902541787154557,0.11460121246169722,-1.5686644191416415
-0.31148449416517765,-0.5042522176091748,0.5368633430648475,2.9031000817515493,0.11461813854680426,-1.5686826238624045
-0.311428636532352,-0.5042697729714573,0.5368895058784205,2.903655215000499,0.1146517317600577,-1.5686918282625024
-0.3113726757258067,-0.5042884951341132,0.5369160606248914,2.9042069120723086,0.11470288926043977,-1.5686919743128676
-0.311316616200449,-0.5043084109436551,0.5369430111842185,2.904754909419942,0.1147724858549485,-1.5686830185572649
-0.3112604601321591,-0.5043295327259524,0.5369703596780726,2.9052990746503236,0.11486113650876702,-1.5686650869486363
-0.3112042082264769,-0.5043518634387186,0.5369981070937457,2.905839359985834,0.11496928854719778,-1.5686384147361663
-0.3111478611644369,-0.504375405883531,0.537026254399623,2.9063757190591155,0.11509738650154522,-1.5686032389906444
-0.31109141962707343,-0.504400162861967,0.5370548025640902,2.9069081055028065,0.11524587490311378,-1.5685597967828586
-0.3110348842954209,-0.5044261371756039,0.5370837525555325,2.9074364729495468,0.1154151982832079,-1.568508325183598
-0.31097825585051375,-0.5044533316260192,0.5371131053423355,2.907960775031978,0.115605801173132,-1.5684490612636515
-0.3109215349733863,-0.5044817490147901,0.5371428618928846,2.9084809653827377,0.11581812810419058,-1.5683822420938083
-0.3108647223450729,-0.5045113921434942,0.5371730231755654,2.908996997634467,0.116052623607688,-1.5683081047448562
-0.31080781864660806,-0.5045422638137086,0.537203590158763,2.909508825419807,0.11630973221492877,-1.568226886287585
-0.31075082455902603,-0.5045743668270107,0.537234563810863,2.9100164023713955,0.11658989845721729,-1.568138823792783
-0.31069374076336126,-0.504607703984978,0.537265945100251,2.910519682121873,0.11689356686585801,-1.5680441543312391
-0.3106365679406482,-0.5046422780891879,0.5372977349953123,2.9110186183038804,0.11722118197215536,-1.5679431149737422
-0.31057930677192114,-0.5046780919412177,0.5373299344644324,2.911513164550057,0.1175731883074138,-1.5678359427910808
-0.3105219579382145,-0.5047151483426447,0.5373625444759969,2.912003274493042,0.11795003040293775,-1.5677228748540444
-0.3104645221205627,-0.5047534500950464,0.5373955659983909,2.9124889017654767,0.11835215279003168,-1.5676041482334209
-0.310407,-0.504793,0.537429,2.91297,0.11878,-1.56748
-0.31034939307487347,-0.5048337972978353,0.5374628457543538,2.9134465597535684,0.11923389057889643,-1.5673506737370904
-0.3102917061127805,-0.5048758269838906,0.5374970957555574,2.9139187192804035,0.11971363913177174,-1.5672164390780838
-0.31023394469863086,-0.5049190704922569,0.5375317408028599,2.9143866537590424,0.12021893427842603,-1.5670775721688928
-0.31017611441733445,-0.504963509257025,0.5375667716955106,2.9148505383680225,0.12074946463865933,-1.5669343491554286
-0.31011822085380125,-0.5050091247122859,0.5376021792327591,2.9153105482858814,0.12130491883227171,-1.5667870461836033
-0.3100602695929411,-0.5050558982921297,0.5376379542138543,2.915766858691157,0.12188498547906321,-1.5666359393993297
-0.310002266219664,-0.5051038114306479,0.5376740874380456,2.9162196447623865,0.12248935319883389,-1.5664813049485191
-0.3099442163188797,-0.5051528455619311,0.537710569704582,2.916669081678108,0.12311771061138381,-1.566323418977084
-0.30988612547549815,-0.5052029821200698,0.537747391812713,2.917115344616859,0.12376974633651303,-1.5661625576309366
-0.3098279992744292,-0.5052542025391551,0.5377845445616877,2.917558608757176,0.1244451489940216,-1.5659989970559882
-0.309769843300583,-0.505306488253278,0.5378220187507553,2.917999049277597,0.12514360720370962,-1.5658330133981515
-0.30971166313886916,-0.5053598206965286,0.537859805179165,2.918436841356661,0.12586480958537707,-1.5656648828033386
-0.30965346437419766,-0.5054141813029985,0.5378978946461664,2.918872160172903,0.12660844475882407,-1.5654948814174612
-0.30959525259147846,-0.5054695515067781,0.5379362779510084,2.9193051809048622,0.12737420134385066,-1.5653232853864312
-0.30953703337562144,-0.5055259127419582,0.5379749458929404,2.9197360787310753,0.1281617679602569,-1.5651503708561612
-0.30947881231153646,-0.5055832464426296,0.5380138892712114,2.9201650288300813,0.1289708332278428,-1.5649764139725628
-0.30942059499955576,-0.5056415338466115,0.538053099027067,2.9205922062998892,0.1298010824968881,-1.5648016918551266
-0.3093623879653508,-0.5057007444154147,0.5380925746215185,2.921017781406909,0.13065200494644844,-1.5646265400380277
-0.30930419916886914,-0.5057608293572731,0.5381323287212147,2.921441916928562,0.13152278569018236,-1.5644513845982047
-0.30924603669343675,-0.5058217383102461,0.5381723751287733,2.9218647749980597,0.13241258368558517,-1.5642766594012205
-0.3091879086223796,-0.5058834209123935,0.5382127276468115,2.9222865177486113,0.13332055789015218,-1.564102798312638
-0.30912982303902387,-0.5059458268017744,0.5382534000779474,2.9227073073134275,0.1342458672613788,-1.5639302351980204
-0.3090717880266954,-0.5060089056164481,0.5382944062247984,2.9231273058257177,0.1351876707567603,-1.5637594039229308
-0.3090138116687202,-0.5060726069944744,0.5383357598899821,2.9235466754186916,0.13614512733379203,-1.5635907383529317
-0.3089559020484245,-0.5061368805739125,0.5383774748761159,2.92396557822556,0.13711739594996927,-1.5634246723535865
-0.308898067249134,-0.5062016759928221,0.5384195649858176,2.924384176379532,0.13810363556278746,-1.5632616397904577
-0.308840315354175,-0.5062669428892623,0.5384620440217048,2.924802632013818,0.13910300512974183,-1.5631020745291089
-0.3087826544468735,-0.5063326309012927,0.538504925786395,2.925221107261627,0.14011466360832775,-1.5629464104351027
-0.30872509261055525,-0.5063986896669728,0.5385482240825059,2.9256397642561707,0.14113776995604055,-1.562795081374002
-0.30866763792854657,-0.5064650688243618,0.538591952712655,2.9260587651306573,0.14217148313037553,-1.5626485212113703
-0.30861029848417326,-0.5065317180115195,0.53863612547946,2.926478272018297,0.14321496208882808,-1.5625071638127697
-0.30855308236076145,-0.5065985868665052,0.5386807561855385,2.926898447052301,0.1442673657888935,-1.562371443043764
-0.3084959976416372,-0.5066656250273781,0.5387258586335079,2.9273194523658783,0.1453278531880671,-1.562241792769916
-0.3084390528264455,-0.5067327810840799,0.5387714475762904,2.9277414455685555,0.1463955660294602,-1.5621186476926534
-0.3083822612545399,-0.5067999914421814,0.5388175488140956,2.928164531682041,0.14746944593896966,-1.5620024522303402
-0.30832563938766644,-0.5068671846463685,0.5388641952744159,2.9285887818004173,0.14854830543461214,-1.5618936570703281
-0.3082692037396113,-0.5069342891103127,0.5389114200035316,2.929014266452308,0.14963095488260625,-1.561792713004454
-0.30821297082416044,-0.5070012332476855,0.5389592560477233,2.929441056166335,0.15071620464917063,-1.5617000708245532
-0.3081569571551,-0.5070679454721585,0.5390077364532714,2.929869221471121,0.15180286510052385,-1.5616161813224623
-0.3081011792462158,-0.5071343541974029,0.5390568942664561,2.9302988328952897,0.15288974660288454,-1.561541495290017
-0.3080456536112941,-0.5072003878370903,0.5391067625335576,2.9307299609674637,0.1539756595224714,-1.5614764635190532
-0.30799039676412066,-0.5072659748048922,0.5391573743008566,2.931162676216265,0.15505941422550293,-1.5614215368014073
-0.3079354252184818,-0.5073310435144799,0.5392087626146334,2.9315970491703163,0.1561398210781978,-1.5613771659289148
-0.3078807554881633,-0.5073955223795249,0.5392609605211683,2.9320331503582415,0.1572156904467747,-1.5613438016934127
-0.3078264040869514,-0.5074593398136987,0.5393140010667417,2.9324710503086617,0.15828583269745214,-1.561321894886736
-0.3077723875286319,-0.5075224242306727,0.539367917297634,2.932910819550201,0.1593490581964488,-1.561311896300721
-0.30771872232699105,-0.5075847040441184,0.5394227422601258,2.9333525286114823,0.1604041773099833,-1.561314256727204
-0.30766542499581473,-0.5076461076677073,0.539478509000497,2.933796248021127,0.16145000040427426,-1.5613294269580207
-0.30761251204888906,-0.5077065635151106,0.5395352505650283,2.9342420483077585,0.16248533784554028,-1.5613578577850076
-0.30756,-0.507766,0.539593,2.93469,0.163509,-1.5614
-0.30750790429422425,-0.5078243528889774,0.5396517914006893,2.935140133190419,0.16451991745710728,-1.5614562301040438
-0.307456236101801,-0.507881587360367,0.5397116630583602,2.935592316227371,0.16551750169925708,-1.5615266274350224
-0.3074050055242602,-0.5079376759454239,0.5397726543132738,2.9360463770231524,0.16650128443207954,-1.5616111970400288
-0.3073542226631316,-0.5079925911754023,0.5398348045056908,2.9365021434900633,0.16747079736120488,-1.5617099439661561
-0.3073038976199453,-0.5080463055815572,0.5398981529758721,2.9369594435404034,0.1684255721922633,-1.561822873260497
-0.3072540404962309,-0.5080987916951434,0.5399627390640787,2.937418105086472,0.16936514063088498,-1.5619499899701443
-0.30720466139351843,-0.5081500220474157,0.5400286021105715,2.937877956040567,0.1702890343827001,-1.5620912991421914
-0.30715577041333764,-0.5081999691696287,0.5400957814556113,2.9383388243149877,0.17119678515333886,-1.5622468058237304
-0.3071073776572184,-0.5082486055930372,0.5401643164394591,2.938800537822033,0.17208792464843142,-1.5624165150618554
-0.3070594932266908,-0.5082959038488962,0.5402342464023756,2.9392629244740043,0.17296198457360798,-1.5626004319036586
-0.30701212722328447,-0.5083418364684601,0.540305610684622,2.9397258121831973,0.17381849663449875,-1.562798561396233
-0.3069652897485293,-0.508386375982984,0.5403784486264589,2.9401890288619135,0.1746569925367339,-1.5630109085866717
-0.3069189909039554,-0.5084294949237224,0.5404527995681473,2.9406524024224505,0.17547700398594357,-1.5632374785220673
-0.30687324079109235,-0.5084711658219301,0.540528702849948,2.9411157607771092,0.17627806268775806,-1.5634782762495134
-0.30682804951147014,-0.5085113612088619,0.5406061978121222,2.941578931838187,0.17705970034780744,-1.5637333068161023
-0.3067834271666186,-0.5085500536157727,0.5406853237949306,2.9420417435179833,0.17782144867172198,-1.5640025752689275
-0.3067393837883551,-0.5085872158956086,0.5407661201284389,2.942504022444785,0.1785628453860802,-1.564286084436641
-0.30669592522574307,-0.5086228402028182,0.5408486255310154,2.9429655182060923,0.17928378947436072,-1.5645837040414887
-0.3066530508445775,-0.5086569486091773,0.5409328777728956,2.9434258609761925,0.17998473986823754,-1.5648950974907836
-0.30661075945295285,-0.5086895657599952,0.5410189145427554,2.943884670657264,0.18066620366697128,-1.565219910444318
-0.3065690498589637,-0.5087207163005819,0.5411067735292713,2.9443415671514903,0.18132868796982254,-1.5655577885618837
-0.3065279208707045,-0.5087504248762464,0.5411964924211189,2.9447961703610503,0.181972699876052,-1.5659083775032736
-0.3064873712962698,-0.5087787161322986,0.5412881089069744,2.945248100188126,0.1825987464849202,-1.5662713229282792
-0.3064473999437541,-0.5088056147140476,0.5413816606755141,2.9456969765348973,0.18320733489568786,-1.5666462704966932
-0.30640800562125176,-0.5088311452668035,0.5414771854154137,2.946142419303546,0.18379897220761554,-1.5670328658683077
-0.3063691871368574,-0.5088553324358752,0.5415747208153494,2.9465840483962524,0.1843741655199639,-1.5674307547029152
-0.3063309432986655,-0.5088782008665724,0.5416743045639972,2.9470214837151976,0.18493342193199352,-1.5678395826603073
-0.3062932729147705,-0.5088997752042048,0.5417759743500333,2.9474543451625626,0.18547724854296507,-1.568258995400277
-0.306256174793267,-0.5089200800940817,0.5418797678621335,2.947882252640527,0.18600615245213925,-1.5686886385826158
-0.3062196477422494,-0.508939140181513,0.5419857227889741,2.9483048260512743,0.18652064075877658,-1.5691281578671161
-0.3061836905698122,-0.5089569801118077,0.5420938768192309,2.9487216852969826,0.1870212205621377,-1.5695771989135705
-0.30614830208405003,-0.5089736245302756,0.5422042676415803,2.949132450279835,0.1875083989614833,-1.5700354073817708
-0.3061134810930572,-0.508989098082226,0.5423169329446978,2.9495367409020106,0.18798268305607393,-1.5705024289315097
-0.30607922620038497,-0.5090034258041883,0.5424319090246852,2.949934182775163,0.1884445979891242,-1.570977909424749
-0.30604553363176834,-0.5090166372806199,0.5425492159889603,2.9503244678835485,0.18889487866481278,-1.5714614970736793
-0.3060123980788674,-0.5090287650301255,0.5426688635006301,2.9507073310324623,0.1893343953169728,-1.5719528416067683
-0.30597981420777426,-0.5090398416202121,0.5427908610487296,2.951082507740881,0.18976402043493149,-1.5724515927777534
-0.305947776684581,-0.5090498996183872,0.5429152181222936,2.9514497335277814,0.1901846265080162,-1.572957400340373
-0.3059162801753799,-0.5090589715921578,0.5430419442103569,2.9518087439121423,0.19059708602555422,-1.5734699140483657
-0.3058853193462631,-0.5090670901090313,0.5431710488019547,2.9521592744129403,0.19100227147687288,-1.5739887836554691
-0.3058548888633227,-0.5090742877365146,0.5433025413861216,2.952501060549153,0.19140105535129945,-1.5745136589154216
-0.30582498339265074,-0.5090805970421152,0.5434364314518926,2.9528338378397576,0.19179431013816123,-1.5750441895819611
-0.3057955976003395,-0.5090860505933399,0.5435727284883027,2.953157341803731,0.19218290832678556,-1.5755800254088261
-0.30576672615248107,-0.5090906809576964,0.5437114419843868,2.953471307960052,0.1925677224064997,-1.5761208161497549
-0.3057383637151676,-0.5090945207026915,0.5438525814291799,2.953775471827698,0.19294962486663098,-1.5766662115584853
-0.30571050495449126,-0.5090976023958325,0.5439961563117167,2.9540695689256453,0.19332948819650672,-1.5772158613887557
-0.30568314453654416,-0.5090999586046268,0.5441421761210322,2.9543533347728714,0.19370818488545416,-1.577769415394304
-0.30565627712741855,-0.5091016218965813,0.5442906503461612,2.9546265048883544,0.19408658742280063,-1.578326523328869
-0.30562989739320645,-0.5091026248392032,0.544441588476139,2.9548888147910715,0.19446556829787354,-1.5788868349461882
-0.305604,-0.509103,0.544595,2.95514,0.194846,-1.57945
-0.30557858036946556,-0.5091027804513377,0.5447508875618043,2.9553798616246065,0.19522866033152456,-1.5800156908526288
-0.30555363694556587,-0.509102001285019,0.5449092264257115,2.9556084631363113,0.19561394834686027,-1.5805836703007434
-0.3055291689278379,-0.5091006980977056,0.5450699850109054,2.955825933597023,0.19600216841343726,-1.5811537237495992
-0.3055051755158185,-0.5090989064860594,0.5452331317365707,2.956032402068653,0.19639362489868564,-1.5817256366044508
-0.30548165590904464,-0.5090966620467418,0.5453986350218916,2.956227997613109,0.19678862217003562,-1.5822991942705538
-0.3054586093070532,-0.5090940003764146,0.5455664632860523,2.956412849292301,0.1971874645949174,-1.5828741821531627
-0.30543603490938126,-0.5090909570717397,0.5457365849482372,2.956587086168139,0.19759045654076107,-1.5834503856575333
-0.3054139319155655,-0.5090875677293786,0.5459089684276306,2.956750837302531,0.1979979023749968,-1.58402759018892
-0.30539229952514296,-0.509083867945993,0.5460835821434167,2.9569042317573877,0.1984101064650548,-1.5846055811525783
-0.3053711369376506,-0.5090798933182449,0.5462603945147799,2.9570473985946175,0.19882737317836516,-1.5851841439537633
-0.3053504433526253,-0.5090756794427956,0.5464393739609045,2.9571804668761312,0.19925000688235806,-1.5857630639977296
-0.30533021796960397,-0.5090712619163071,0.5466204889009748,2.9573035656638362,0.19967831194446373,-1.5863421266897326
-0.30531045998812356,-0.509066676335441,0.546803707754175,2.957416824019644,0.20011259273211227,-1.5869211174350277
-0.305291168607721,-0.509061958296859,0.5469889989396897,2.957520371005463,0.2005531536127338,-1.5874998216388696
-0.3052723430279331,-0.5090571433972227,0.5471763308767029,2.957614335683202,0.20100029895375857,-1.5880780247065136
-0.305253982448297,-0.5090522672331943,0.5473656719843988,2.957698847114772,0.2014543331226167,-1.5886555120432144
-0.3052360860939804,-0.5090473653417386,0.5475569905421044,2.9577740361712874,0.20191555796294525,-1.5892320691195363
-0.3052186547280118,-0.5090424696780373,0.5477502464376807,2.9578401422762632,0.20238412389079688,-1.5898074853245558
-0.3052016914971033,-0.5090376066455078,0.5479453865522174,2.957897573109432,0.20285994660946818,-1.5903815561210461
-0.30518519975301506,-0.509032802169996,0.5481423566479425,2.9579467508241777,0.20334292163191128,-1.5909540774942488
-0.30516918284750727,-0.5090280821773477,0.548341102487084,2.9579880975738857,0.20383294447107816,-1.591524845429405
-0.3051536441323401,-0.5090234725934091,0.5485415698318697,2.9580220355119407,0.20432991063992093,-1.592093655911757
-0.3051385869592737,-0.5090189993440261,0.5487437044445276,2.9580489867917277,0.20483371565139158,-1.5926603049265458
-0.30512401468006817,-0.5090146883550445,0.5489474520872853,2.958069373566632,0.20534425501844225,-1.5932245884590128
-0.3051099306464838,-0.5090105655523103,0.5491527585223709,2.9580836179900385,0.20586142425402487,-1.5937863024943997
-0.30509633821028065,-0.5090066568616698,0.5493595695120123,2.9580921422153312,0.20638511887109165,-1.5943452430179477
-0.30508324072321896,-0.5090029882089687,0.5495678308184372,2.958095368395896,0.20691523438259452,-1.5949012060148986
-0.3050706415370588,-0.5089995855200529,0.5497774882038735,2.958093718685118,0.20745166630148562,-1.5954539874704938
-0.3050585440035606,-0.5089964747207684,0.5499884874305493,2.9580876152363813,0.20799431014071693,-1.5960033833699747
-0.30504695147448413,-0.5089936817369612,0.5502007742606922,2.9580774802030714,0.2085430614132406,-1.5965491896985828
-0.30503586730158994,-0.5089912324944775,0.5504142944565303,2.958063735738573,0.20909781563200858,-1.5970912024415596
-0.3050252948366378,-0.5089891529191629,0.5506289937802914,2.958046803996271,0.20965846830997295,-1.5976292175841469
-0.3050152374313883,-0.5089874689368636,0.5508448179942034,2.9580271071295505,0.21022491496008583,-1.5981630311115855
-0.30500569854553533,-0.5089862053541224,0.551061713092083,2.958005069962965,0.21079703722407994,-1.5986924423804036
-0.30499668289350496,-0.5089853739655809,0.5512796277599687,2.9579811483734044,0.2113745554907639,-1.5992172899383255
-0.30498819599922794,-0.5089849781711068,0.5514985124208163,2.957955818271523,0.21195708611480182,-1.599737437617719
-0.30498024340012664,-0.5089850212306541,0.5517183175265294,2.9579295559018726,0.21254424371695524,-1.6002527496723635
-0.30497283063362357,-0.5089855064041776,0.5519389935290128,2.9579028375090024,0.21313564291798578,-1.600763090356038
-0.30496596323714104,-0.5089864369516315,0.5521604908801703,2.9578761393374644,0.21373089833865513,-1.6012683239225212
-0.3049596467481015,-0.5089878161329703,0.5523827600319063,2.9578499376318095,0.21432962459972485,-1.601768314625592
-0.3049538867039273,-0.5089896472081485,0.552605751436125,2.9578247086365885,0.21493143632195655,-1.6022629267190298
-0.30494868864204094,-0.5089919334371203,0.5528294155447304,2.957800928596351,0.21553594812611193,-1.6027520244566131
-0.3049440580998648,-0.5089946780798404,0.5530537028096267,2.9577790737556495,0.21614277463295253,-1.6032354720921214
-0.30494000061482124,-0.508997884396263,0.5532785636827181,2.9577596203590346,0.21675153046324003,-1.6037131338793331
-0.3049365217243327,-0.5090015556463426,0.553503948615909,2.9577430446510564,0.217361830237736,-1.604184874072027
-0.3049336269658217,-0.5090056950900337,0.5537298080611035,2.9577298228762654,0.21797328857720208,-1.604650556923983
-0.30493132187671046,-0.5090103059872905,0.5539560924702056,2.957720431279214,0.21858552010239993,-1.6051100466889794
-0.3049296119944215,-0.5090153915980675,0.5541827522951195,2.957715346104452,0.2191981394340911,-1.6055632076207949
-0.30492850285637724,-0.5090209551823193,0.5544097379877497,2.9577150435965303,0.21981076119303727,-1.6060099039732088
-0.304928,-0.509027,0.554637,2.95772,0.220423,-1.60645
-0.3049281081095669,-0.5090335231374613,0.5548644924574834,2.9577306606500553,0.2210344500476143,-1.606883390439258
-0.3049288284567734,-0.5090404969866423,0.5550921841806467,2.9577473472444646,0.22164462381600825,-1.6073100919663152
-0.3049301614601698,-0.5090478877658797,0.555320047663645,2.9577703505716393,0.22225301335718334,-1.607730151740814
-0.30493210753830635,-0.5090556616935096,0.555548055400634,2.9577999614199904,0.22285911072314102,-1.608143616922397
-0.3049346671097331,-0.5090637849878685,0.555776179885769,2.957836470577931,0.22346240796588282,-1.6085505346707074
-0.3049378405930004,-0.5090722238672926,0.5560043936132054,2.957880168833872,0.2240623971374101,-1.6089509521453873
-0.3049416284066582,-0.5090809445501183,0.5562326690770985,2.9579313469762254,0.22465857028972444,-1.6093449165060796
-0.304946030969257,-0.5090899132546821,0.5564609787716037,2.957990295793403,0.22525041947482716,-1.609732474912427
-0.30495104869934675,-0.5090990961993203,0.5566892951908764,2.9580573060738153,0.22583743674471982,-1.6101136745240725
-0.3049566820154778,-0.5091084596023693,0.5569175908290721,2.9581326686058755,0.2264191141514039,-1.6104885625006586
-0.3049629313362002,-0.5091179696821653,0.5571458381803459,2.9582166741779945,0.22699494374688078,-1.6108571860018277
-0.3049697970800644,-0.5091275926570448,0.5573740097388534,2.9583096135785842,0.22756441758315196,-1.6112195921872228
-0.30497727966562027,-0.509137294745344,0.55760207799875,2.958411777596056,0.22812702771221893,-1.6115758282164867
-0.30498537951141824,-0.5091470421653996,0.5578300154541909,2.9585234570188215,0.22868226618608312,-1.611925941249262
-0.30499409703600844,-0.5091568011355477,0.5580577945993315,2.9586449426352934,0.22922962505674602,-1.612269978445191
-0.30500343265794105,-0.5091665378741246,0.5582853879283274,2.9587765252338825,0.22976859637620906,-1.6126079869639165
-0.30501338676466644,-0.5091762186459875,0.5585127681381321,2.9589184929682677,0.23029867561276526,-1.6129400142274768
-0.30502395787764475,-0.5091858125072396,0.5587399200935952,2.9590709759082006,0.23081956321220065,-1.6132661234016161
-0.30503514162605166,-0.5091952928404144,0.5589668475198047,2.9592338590933402,0.23133127733541534,-1.6135864020548236
-0.3050469333902638,-0.5092046334002126,0.559193555764235,2.959407006485489,0.2318338634736418,-1.6139009398547495
-0.305059328550658,-0.5092138079413342,0.5594200501743606,2.9595902820464497,0.23232736711811267,-1.6142098264690443
-0.3050723224876112,-0.509222790218479,0.5596463360976555,2.959783549738024,0.23281183376006043,-1.614513151565358
-0.30508591058150003,-0.5092315539863476,0.559872418881594,2.9599866735220144,0.2332873088907176,-1.6148110048113409
-0.30510008821270146,-0.5092400729996397,0.5600983038736506,2.9601995173602242,0.2337538380013167,-1.6151034758746432
-0.30511485076159217,-0.5092483210130558,0.5603239964212994,2.9604219452144553,0.23421146658309025,-1.6153906544229155
-0.3051301936085491,-0.5092562717812957,0.5605495018720148,2.9606538210465096,0.23466024012727085,-1.615672630123808
-0.30514611213394893,-0.50926389905906,0.5607748255732712,2.9608950088181905,0.23510020412509097,-1.6159494926449705
-0.30516260171816856,-0.5092711766010485,0.5609999728725426,2.9611453724912997,0.2355314040677831,-1.6162213316540532
-0.30517965774158473,-0.5092780781619612,0.5612249491173035,2.96140477602764,0.23595388544657986,-1.6164882368187072
-0.30519727558457427,-0.5092845774964987,0.5614497596550282,2.961673083389013,0.23636769375271374,-1.6167502978065824
-0.305215450627514,-0.5092906483593608,0.5616744098331908,2.9619501585372223,0.23677287447741727,-1.6170076042853285
-0.30523417825078075,-0.5092962645052477,0.561898904999266,2.9622358654340704,0.23716947311192296,-1.6172602459225964
-0.3052534538347513,-0.5093013996888596,0.5621232505007275,2.9625300680413584,0.23755753514746333,-1.6175083123860363
-0.3052732727917809,-0.5093060275574477,0.5623474519149995,2.962832625230647,0.23793710584671965,-1.6177518995942664
-0.30529363090597583,-0.5093101205091722,0.5625715174926657,2.9631433366994173,0.23830822781546407,-1.6179911761334105
-0.3053145242012813,-0.5093136501363267,0.56279545720893,2.9634619639683297,0.23867094194533395,-1.6182263574718538
-0.3053359487056398,-0.5093165880177748,0.5630192810677398,2.9637882679217626,0.2390252890993977,-1.618457659859353
-0.30535790044699396,-0.5093189057323793,0.5632429990730425,2.9641220094440937,0.23937131014072371,-1.6186852995456638
-0.3053803754532863,-0.5093205748590033,0.5634666212287858,2.9644629494197026,0.23970904593238043,-1.6189094927805425
-0.3054033697524594,-0.5093215669765099,0.563690157538917,2.964810848732968,0.2400385373374363,-1.6191304558137458
-0.305426879372456,-0.5093218536637623,0.5639136180073835,2.965165468268268,0.2403598252189597,-1.6193484048950297
-0.3054509003412184,-0.5093214064996234,0.5641370126381327,2.9655265689099806,0.2406729504400191,-1.6195635562741506
-0.3054754286866893,-0.5093201970629565,0.5643603514351122,2.965893911542486,0.2409779538636829,-1.6197761262008648
-0.3055004604368113,-0.5093181969326245,0.5645836444022694,2.9662672570501614,0.24127487635301953,-1.6199863309249285
-0.30552599161952704,-0.5093153776874906,0.5648069015435516,2.9666463663173857,0.24156375877109737,-1.6201943866960977
-0.3055520182627789,-0.5093117109064177,0.5650301328629064,2.9670310002285385,0.24184464198098488,-1.6204005097641292
-0.30557853639450955,-0.5093071681682693,0.5652533483642811,2.967420919667998,0.2421175668457505,-1.6206049163787786
-0.3056055420426616,-0.5093017210519081,0.5654765580516234,2.9678158855201424,0.2423825742284626,-1.6208078227898028
-0.30563303123517754,-0.5092953411361972,0.5656997719288805,2.96821565866935,0.24263970499218965,-1.6210094452469581
-0.305661,-0.509288,0.565923,2.96862,0.24288900000000002,-1.62121
-0.3056894439090566,-0.5092796707126767,0.5661462512490606,2.969028676332522,0.24313047662453308,-1.621409689585947
-0.30571835671021524,-0.5092703323055774,0.5663695305806671,2.9694414782315475,0.24336405827671168,-1.6216086616908618
-0.3057477316953287,-0.5092599653005498,0.5665928418795549,2.969858202197761,0.24358964487702964,-1.6218070502880695
-0.30577756215624996,-0.5092485502194413,0.5668161890304605,2.970278644731844,0.2438071363459807,-1.6220049893508943
-0.3058078413848319,-0.5092360675840994,0.5670395759181196,2.9707026023344807,0.24401643260405867,-1.6222026128526612
-0.30583856267292747,-0.5092224979163718,0.567263006427268,2.9711298715063537,0.24421743357175732,-1.622400054766695
-0.30586971931238954,-0.5092078217381059,0.5674864844426417,2.971560248748146,0.2444100391695705,-1.62259744906632
-0.30590130459507103,-0.5091920195711491,0.5677100138489768,2.971993530560541,0.2445941493179919,-1.6227949297248607
-0.3059333118128248,-0.5091750719373491,0.5679335985310089,2.972429513444221,0.24476966393751534,-1.6229926307156421
-0.30596573425750373,-0.5091569593585532,0.5681572423734743,2.97286799389987,0.24493648294863463,-1.6231906860119891
-0.30599856522096086,-0.5091376623566092,0.5683809492611086,2.9733087684281707,0.2450945062718435,-1.6233892295872256
-0.306031797995049,-0.5091171614533644,0.5686047230786478,2.9737516335298064,0.2452436338276358,-1.623588395414677
-0.30606542587162094,-0.5090954371706663,0.5688285677108279,2.9741963857054605,0.24538376553650526,-1.623788317467668
-0.3060994421425299,-0.5090724700303627,0.5690524870423848,2.974642821455815,0.24551480131894568,-1.6239891297195224
-0.3061338400996284,-0.5090482405543009,0.5692764849580544,2.975090737281554,0.24563664109545083,-1.6241909661435656
-0.3061686130347696,-0.5090227292643283,0.5695005653425727,2.9755399296833596,0.2457491847865145,-1.624393960713122
-0.30620375428736685,-0.5089959167309094,0.5697247320350234,2.975990195318781,0.245852331589263,-1.624598246971662
-0.30623926005046037,-0.508967786441508,0.5699489861353696,2.976441340257295,0.2459459372987717,-1.6248039326714045
-0.3062751309402125,-0.5089383264049373,0.570173324497936,2.9768931851568663,0.24602979043693715,-1.6250110855881283
-0.3063113679532689,-0.5089075250189447,0.5703977436118316,2.977345551930385,0.2461036737387158,-1.6252197700587783
-0.3063479720862757,-0.5088753706812768,0.5706222399661652,2.9777982624907398,0.2461673699390641,-1.6254300504202994
-0.3063849443358783,-0.5088418517896802,0.5708468100500457,2.978251138750819,0.2462206617729385,-1.6256419910096371
-0.30642228569872276,-0.5088069567419021,0.5710714503525821,2.9787040026235116,0.2462633319752954,-1.6258556561637363
-0.3064599971714549,-0.5087706739356893,0.571296157362883,2.9791566760217076,0.2462951632810913,-1.626071110219542
-0.30649807975072035,-0.5087329917687885,0.5715209275700573,2.9796089808582957,0.2463159384252826,-1.6262884175139996
-0.30653653443316514,-0.5086938986389464,0.5717457574632142,2.9800607390461646,0.24632544014282579,-1.6265076423840539
-0.30657536221543497,-0.5086533829439103,0.5719706435314621,2.9805117724982035,0.24632345116867724,-1.6267288491666503
-0.30661456409417576,-0.5086114330814268,0.5721955822639102,2.980961903127303,0.24630975423779347,-1.6269521021987334
-0.30665414106603317,-0.5085680374492424,0.5724205701496671,2.9814109528463493,0.2462841320851309,-1.6271774658172489
-0.3066940941276531,-0.5085231844451045,0.5726456036778419,2.981858743568233,0.24624636744564593,-1.6274050043591413
-0.30673442427568137,-0.5084768624667597,0.5728706793375433,2.9823050972058436,0.24619624305429505,-1.6276347821613562
-0.30677513250676375,-0.5084290599119548,0.5730957936178803,2.9827498356720694,0.2461335416460347,-1.6278668635608387
-0.3068162198175461,-0.5083797651784366,0.5733209430079615,2.9831927808797993,0.24605804595582131,-1.628101312894533
-0.3068576870978554,-0.5083289660745902,0.5735461237759439,2.9836337492433986,0.24596954348249894,-1.6283382020777533
-0.3068995339957492,-0.508276643557466,0.573771329621416,2.9840724932568787,0.245867877105105,-1.6285776911243386
-0.30694175935814383,-0.5082227741638997,0.5739965525868251,2.984508724175317,0.24575292543183405,-1.6288199968858883
-0.3069843620186029,-0.5081673343570562,0.5742217846870004,2.9849421525664734,0.24562456766636648,-1.6290653371612973
-0.3070273408106906,-0.5081103006001008,0.57444701793677,2.9853724889981086,0.2454826830123828,-1.62931392974946
-0.3070706945679706,-0.5080516493561983,0.5746722443509628,2.985799444037984,0.24532715067356337,-1.629565992449272
-0.3071144221240067,-0.5079913570885143,0.5748974559444072,2.98622272825386,0.24515784985358868,-1.6298217430596282
-0.30715852231236274,-0.5079294002602134,0.5751226447319322,2.9866420522134973,0.2449746597561392,-1.6300813993794232
-0.3072029939666026,-0.507865755334461,0.5753478027283663,2.9870571264846557,0.2447774595848953,-1.6303451792075523
-0.30724783592029015,-0.5078003987744222,0.5755729219485379,2.9874676616350975,0.24456612854353751,-1.63061330034291
-0.3072930470069892,-0.5077333070432621,0.575797994407276,2.987873368232582,0.24434054583574621,-1.6308859805843916
-0.3073386260602636,-0.5076644566041457,0.5760230121194089,2.988273956844871,0.24410059066520187,-1.6311634377308921
-0.3073845719136772,-0.5075938239202384,0.5762479670997654,2.988669138039725,0.24384614223558496,-1.6314458895813062
-0.3074308834007937,-0.5075213854547049,0.5764728513631742,2.989058622384904,0.24357707975057583,-1.6317335539345292
-0.3074775593551772,-0.5074471176707107,0.5766976569244637,2.989442120448169,0.24329328241385498,-1.6320266485894561
-0.30752459861039133,-0.5073709970314206,0.5769223757984627,2.9898193427972806,0.2429946294291029,-1.6323253913449811
-0.307572,-0.507293,0.577147,2.99019,0.242681,-1.63263
-0.3076197625154896,-0.5072131042833518,0.5773715214393619,2.9905537883788056,0.24235228190066693,-1.6329406729315041
-0.30766788578003634,-0.5071312925633307,0.5775959316086673,2.9909103472750473,0.24200839718698527,-1.6332575308288717
-0.3077163695747392,-0.5070475487655295,0.5778202218954923,2.9912593017847935,0.2416492764852768,-1.633580674959578
-0.30776521368069687,-0.5069618568155408,0.5780443836874141,2.9916002770041126,0.24127485042186325,-1.6339102065910982
-0.3078144178790082,-0.5068742006389575,0.5782684083720091,2.991932898029073,0.24088504962306648,-1.6342462269909073
-0.3078639819507721,-0.5067845641613723,0.5784922873368539,2.992256789955742,0.24047980471520822,-1.63458883742648
-0.30791390567708726,-0.5066929313083776,0.578716011969525,2.9925715778801876,0.24005904632461025,-1.6349381391652922
-0.30796418883905247,-0.5065992860055663,0.5789395736575991,2.992876886898478,0.2396227050775944,-1.6352942334748184
-0.30801483121776674,-0.5065036121785311,0.5791629637886526,2.993172342106683,0.2391707116004824,-1.6356572216225334
-0.30806583259432885,-0.5064058937528648,0.5793861737502626,2.9934575686008684,0.23870299651959603,-1.636027204875913
-0.30811719274983745,-0.50630611465416,0.5796091949300052,2.9937321914771045,0.23821949046125712,-1.636404284502432
-0.30816891146539155,-0.5062042588080093,0.5798320187154573,2.9939958358314573,0.23772012405178744,-1.6367885617695652
-0.30822098852208984,-0.5061003101400057,0.5800546364941953,2.9942481267599974,0.23720482791750871,-1.6371801379447881
-0.3082734237010313,-0.5059942525757415,0.5802770396537961,2.9944886893587905,0.2366735326847428,-1.6375791142955758
-0.3083262167833145,-0.5058860700408097,0.5804992195818358,2.994717148723906,0.23612616897981142,-1.6379855920894029
-0.30837936755003853,-0.5057757464608029,0.5807211676658914,2.9949331299514124,0.23556266742903637,-1.6383996725937449
-0.3084328757482585,-0.5056632658187266,0.5809428752806464,2.9951362567751043,0.23498295949755868,-1.6388214566061
-0.3084867390824156,-0.5055486155423535,0.5811643330271867,2.995326071192445,0.23438702697967134,-1.6392510167253473
-0.3085409520908993,-0.5054317883988453,0.5813855303075239,2.995501988509579,0.23377492967985325,-1.6396883818425074
-0.30859550903975047,-0.5053127776146662,0.5816064564205228,2.995663413134472,0.2331467341131368,-1.6401335770887853
-0.30865040419500994,-0.5051915764162801,0.5818271006650483,2.9958097494750917,0.23250250679455442,-1.6405866275953855
-0.3087056318227186,-0.5050681780301512,0.5820474523399655,2.995940401939404,0.23184231423913854,-1.6410475584935122
-0.30876118618891735,-0.5049425756827437,0.582267500744139,2.9960547749353763,0.23116622296192163,-1.6415163949143712
-0.308817061559647,-0.5048147626005214,0.5824872351764341,2.996152272870976,0.23047429947793602,-1.6419931619891661
-0.3088732522009485,-0.5046847320099485,0.5827066449357157,2.9962323001541677,0.22976661030221426,-1.6424778848491026
-0.30892975237886267,-0.5045524771374891,0.5829257193208486,2.9962942611929204,0.2290432219497887,-1.642970588625385
-0.3089865563594304,-0.5044179912096073,0.5831444476306978,2.996337560395199,0.22830420093569184,-1.6434712984492175
-0.3090436584086926,-0.5042812674527671,0.5833628191641285,2.996361602168971,0.22754961377495606,-1.6439800394518054
-0.30910105279269,-0.5041422990934327,0.5835808232200052,2.9963657909222037,0.22677952698261378,-1.6444968367643533
-0.30915873377746367,-0.5040010793580679,0.5837984490971933,2.996349531062863,0.22599400707369743,-1.6450217155180662
-0.3092166956290543,-0.5038576014731372,0.5840156860945573,2.996312226998916,0.2251931205632395,-1.645554700844148
-0.30927493261350286,-0.5037118586651043,0.5842325235109626,2.996253283138329,0.2243769339662724,-1.646095817873804
-0.30933343899685023,-0.5035638441604334,0.5844489506452737,2.9961721038890685,0.2235455137978285,-1.6466450917382391
-0.3093922090637396,-0.5034135523718645,0.5846649571759164,2.996068080672639,0.22269892330333615,-1.647202540842559
-0.30945123731506596,-0.5032609915025947,0.5848805371937057,2.9959404539428927,0.22183718771907546,-1.6477681054009723
-0.3095105183912418,-0.5031061786528909,0.5850956876361603,2.995788366755205,0.22096030775929534,-1.6483416751819473
-0.3095700469350047,-0.5029491310713039,0.585310405488244,2.995610960541639,0.2200682837295444,-1.6489231391131907
-0.30962981758909247,-0.5027898660063845,0.58552468773492,2.9954073767342613,0.2191611159353711,-1.6495123861224075
-0.3096898249962427,-0.5026284007066839,0.5857385313611521,2.9951767567651353,0.21823880468232396,-1.6501093051373048
-0.3097500637991932,-0.5024647524207531,0.585951933351904,2.994918242066327,0.2173013502759514,-1.6507137850855882
-0.3098105286406815,-0.5022989383971429,0.5861648906921392,2.9946309740699015,0.216348753021802,-1.651325714894964
-0.3098712141634454,-0.5021309758844047,0.5863774003668213,2.994314094207923,0.21538101322542424,-1.651944983493138
-0.30993211501022255,-0.501960882131089,0.5865894593609139,2.9939667439124573,0.21439813119236656,-1.6525714798078164
-0.30999322582375066,-0.501788674385747,0.5868010646593806,2.9935880646155684,0.2134001072281775,-1.6532050927667052
-0.3100545412467674,-0.50161436989693,0.5870122132471851,2.9931771977493224,0.21238694163840557,-1.6538457112975107
-0.3101160559220105,-0.5014379859131886,0.587222902109291,2.9927332847457833,0.21135863472859923,-1.6544932243279393
-0.31017776449221757,-0.5012595396830739,0.5874331282306617,2.992255467037017,0.21031518680430705,-1.655147520785696
-0.3102396616001264,-0.501079048455137,0.5876428885962611,2.9917428860550874,0.20925659817107745,-1.6558084895984877
-0.3103017418884747,-0.5008965294779286,0.5878521801910527,2.99119468323206,0.2081828691344589,-1.6564760196940203
-0.310364,-0.500712,0.588061,2.99061,0.207094,-1.65715
-0.31042642951748517,-0.5005254765530324,0.5882693436881195,2.9899879285295903,0.2059900367567867,-1.6578303170958433
-0.31048901978389354,-0.5003369728012272,0.588477201640639,2.989327363945986,0.20487120812805504,-1.6585168481678108
-0.3105517590822334,-0.5001465016919169,0.588684562922839,2.988627152112961,0.20373778852057867,-1.659209468053873
-0.31061463569551323,-0.4999540761724328,0.5888914166000004,2.987886138894288,0.20259005234113114,-1.6599080515920017
-0.3106776379067412,-0.49975970919010737,0.5890977517374038,2.9871031701537403,0.20142827399648605,-1.6606124736201668
-0.31074075399892587,-0.4995634136922723,0.5893035574003297,2.9862770917550927,0.20025272789341697,-1.6613226089763404
-0.31080397225507556,-0.4993652026262596,0.5895088226540587,2.985406749562117,0.19906368843869746,-1.6620383324984924
-0.31086728095819854,-0.4991650889394012,0.5897135365638715,2.984490989438587,0.19786143003910112,-1.6627595190245947
-0.3109306683913033,-0.498963085579029,0.5899176881950485,2.983528657248277,0.19664622710140153,-1.663486043392618
-0.31099412283739813,-0.49875920549247504,0.5901212666128709,2.982518598854959,0.1954183540323723,-1.664217780440533
-0.3110576325794914,-0.4985534616270712,0.5903242608826188,2.9814596601224075,0.19417808523878696,-1.6649546050063109
-0.3111211859005915,-0.49834586693014943,0.590526660069573,2.9803506869143956,0.1929256951274192,-1.6656963919279226
-0.31118477108370685,-0.49813643434904165,0.5907284532390142,2.979190525094696,0.19166145810504245,-1.6664430160433392
-0.3112483764118458,-0.4979251768310799,0.590929629456223,2.9779780205270834,0.1903856485784304,-1.6671943521905317
-0.3113119901680166,-0.497712107323596,0.59113017778648,2.9767120190753302,0.18909854095435658,-1.6679502752074709
-0.31137560063522773,-0.497497238773922,0.5913300872950659,2.97539136660321,0.1878004096395946,-1.6687106599321282
-0.3114391961711926,-0.4972805843193081,0.5915293470193639,2.974014906775787,0.18649152832168708,-1.669475379911131
-0.31150276961592854,-0.49706216849211204,0.5917279443229178,2.972581351335558,0.18517212753431875,-1.6702442312105297
-0.31156632075702384,-0.4968420334871074,0.5919258639748202,2.971089207545039,0.18384237092269437,-1.6710168898014777
-0.3116298499797074,-0.4966202230184154,0.5921230905209846,2.9695369650770727,0.18250241637817127,-1.6717930213243852
-0.31169335766920797,-0.49639678080015726,0.5923196085073252,2.967923113604499,0.18115242179210653,-1.672572291419662
-0.3117568442107544,-0.4961717505464542,0.5925154024797561,2.966246142800161,0.17979254505585732,-1.6733543657277181
-0.3118203099895755,-0.49594517597142745,0.5927104569841904,2.9645045423368996,0.17842294406078085,-1.6741389098889636
-0.3118837553909002,-0.49571710078919823,0.5929047565665427,2.9626968018875557,0.1770437766982343,-1.6749255895438084
-0.31194718079995737,-0.4954875687138879,0.5930982857727267,2.9608214111249715,0.1756552008595748,-1.675714070332663
-0.31201058660197567,-0.4952566234596175,0.593291029148656,2.958876859721988,0.17425737443615952,-1.6765040178959363
-0.31207397318218405,-0.49502430874050846,0.5934829712402447,2.956861637351447,0.1728504553193457,-1.677295097874039
-0.31213734092581136,-0.49479066827068185,0.5936740965934064,2.954774233686189,0.1714346014004905,-1.678086975907381
-0.31220069021808644,-0.4945557457642589,0.5938643897540555,2.9526131383990566,0.170009970570951,-1.6788793176363728
-0.312264021444238,-0.49431958493536104,0.5940538352681054,2.950376841162891,0.16857672072208443,-1.6796717887014234
-0.31232733498949505,-0.49408222949810937,0.5942424176814701,2.9480638316505328,0.16713500974524798,-1.6804640547429432
-0.3123906312390863,-0.49384372316662506,0.5944301215400636,2.945672599534825,0.16568499553179883,-1.6812557814013425
-0.3124539105782407,-0.4936041096550295,0.5946169313897995,2.943201634488608,0.16422683597309426,-1.6820466343170304
-0.3125171731076856,-0.4933634316124592,0.5948028317164018,2.940649404899391,0.16276068276001912,-1.6828362872291822
-0.31258041562082023,-0.4931217193076049,0.594987806305884,2.9380141317126935,0.16128661550297074,-1.6836245080251082
-0.3126436327772835,-0.4928789950217728,0.5951718384928337,2.9352938762340446,0.15980466730880596,-1.684411125332852
-0.31270681920115184,-0.4926352809031459,0.5953549116043149,2.932486697108303,0.1583148705093225,-1.685195968792802
-0.3127699695165014,-0.4923905990999075,0.5955370089673913,2.9295906529803317,0.15681725743631802,-1.6859788680453485
-0.3128330783474084,-0.49214497176024063,0.595718113909127,2.9266038024949896,0.1553118604215903,-1.6867596527308792
-0.31289614031794927,-0.4918984210323284,0.5958982097565857,2.9235242042971383,0.153798711796937,-1.6875381524897843
-0.31295915005220026,-0.491650969064354,0.5960772798368316,2.920349917031639,0.15227784389415594,-1.6883141969624522
-0.3130221021742376,-0.49140263800450046,0.596255307476928,2.917078999343352,0.15074928904504475,-1.6890876157892725
-0.31308499130813755,-0.491153450000951,0.5964322760039396,2.9137095098771377,0.14921307958140126,-1.6898582386106338
-0.3131478120779766,-0.49090342720188873,0.5966081687449296,2.910239507277858,0.1476692478350231,-1.6906258950669255
-0.31321055910783074,-0.4906525917554967,0.5967829690269623,2.9066670501903733,0.14611782613770813,-1.6913904147985366
-0.3132732270217764,-0.49040096580995807,0.5969566601771014,2.902990197259544,0.14455884682125392,-1.6921516274458561
-0.31333581044388986,-0.490148571513456,0.5971292255224108,2.899207007130231,0.1429923422174583,-1.692909362649273
-0.3133983039982475,-0.4898954310141735,0.5973006483899544,2.8953155384472957,0.14141834465811892,-1.6936634500491767
-0.3134607023089254,-0.4896415664602938,0.597470912106796,2.8913138498555986,0.13983688647503362,-1.6944137192859559
-0.313523,-0.489387,0.59764,2.8872,0.138248,-1.69516
-0.31358519330327916,-0.48913175417496907,0.5978078958824241,2.882971929842504,0.13665167424242491,-1.6959021229646387
-0.31364728488149723,-0.48887585310085346,0.5979745855101046,2.8786271096136824,0.1350477249221512,-1.696639923484965
-0.3137092790051203,-0.48861932128679936,0.5981400551248722,2.874162891861251,0.13343592443663083,-1.6973732379990123
-0.3137711799446144,-0.4883621832419532,0.5983042909685575,2.869576629132926,0.13181604518331563,-1.6981019029448148
-0.3138329919704456,-0.48810446347546105,0.5984672792829909,2.864865673976422,0.13018785955965761,-1.6988257547604058
-0.31389471935307983,-0.4878461864964693,0.598629006310003,2.8600273789394537,0.12855113996310863,-1.6995446298838193
-0.31395636636298313,-0.4875873768141243,0.5987894582914246,2.8550590965697378,0.12690565879112065,-1.7002583647530884
-0.3140179372706216,-0.48732805893757225,0.5989486214690858,2.8499581794149877,0.12525118844114555,-1.7009667958062475
-0.31407943634646124,-0.4870682573759594,0.5991064820848175,2.84472198002292,0.1235875013106353,-1.70166975948133
-0.314140867860968,-0.4868079966384321,0.5992630263804504,2.8393478509412504,0.12191436979704177,-1.7023670922163696
-0.31420223608460796,-0.4865473012341366,0.5994182405978146,2.8338331447176937,0.12023156629781691,-1.7030586304494
-0.3142635452878473,-0.4862861956722191,0.5995721109787411,2.8281752138999647,0.11853886321041261,-1.7037442106184548
-0.31432479974115174,-0.486024704461826,0.5997246237650602,2.8223714110357796,0.11683603293228083,-1.704423669161568
-0.3143860037149876,-0.4857628521121035,0.5998757651986026,2.8164190886728524,0.11512284786087344,-1.7050968425167727
-0.31444716147982077,-0.48550066313219786,0.6000255215211988,2.8103155993589,0.1133990803936424,-1.7057635671221032
-0.31450827730611725,-0.4852381620312555,0.6001738789746793,2.804058295641637,0.11166450292803962,-1.7064236794155931
-0.3145693554137234,-0.4849753732492503,0.6003208238244291,2.797644524803942,0.109918888765108,-1.7070770169750873
-0.3146303969852977,-0.4847123170758174,0.600466343749086,2.7910713182385334,0.10816206542135073,-1.7077234857671129
-0.31469139849585825,-0.4844490073675673,0.6006104286178299,2.7843352177083776,0.10639394444723438,-1.7083630977606556
-0.31475235601546464,-0.4841854574277315,0.6007530684882748,2.7774327228577507,0.10461444462195355,-1.7089958740431919
-0.31481326561417644,-0.48392168055954193,0.6008942534180346,2.770360333330933,0.10282348472470279,-1.709621835702197
-0.3148741233620533,-0.48365769006623033,0.601033973464723,2.7631145487722004,0.10102098353467677,-1.7102410038251474
-0.3149349253291547,-0.48339349925102854,0.6011722186859539,2.755691868825832,0.09920685983107003,-1.7108533994995194
-0.3149956675855403,-0.48312912141716813,0.6013089791393411,2.748088793136106,0.09738103239307719,-1.711459043812789
-0.31505634620126977,-0.482864569867881,0.6014442448824986,2.7403018213472987,0.09554341999989283,-1.7120579578524324
-0.31511695724640265,-0.4825998579063989,0.6015780059730401,2.7323274531036903,0.09369394143071157,-1.712650162705926
-0.3151774967909986,-0.48233499883595365,0.6017102524685795,2.724162188049557,0.09183251546472798,-1.7132356794607457
-0.3152379609051172,-0.48207000595977695,0.6018409744267307,2.715802525829178,0.08995906088113668,-1.7138145292043674
-0.31529834565881804,-0.48180489258110054,0.6019701619051072,2.70724496608683,0.08807349645913226,-1.7143867330242673
-0.3153586471221607,-0.48153967200315617,0.6020978049613235,2.6984860084667917,0.0861757409779093,-1.714952312007922
-0.3154188613652048,-0.48127435752917574,0.6022238936529928,2.689522152613341,0.0842657132166624,-1.7155112872428073
-0.3154789844580099,-0.4810089624623909,0.6023484180377293,2.6803498981707556,0.08234333195458618,-1.7160636798163993
-0.31553901247063576,-0.4807435001060335,0.6024713681731467,2.670965744783314,0.08040851597087521,-1.716609510816174
-0.3155989412086102,-0.4804779822762584,0.6025927342431849,2.6613661099990416,0.07846121192127596,-1.7171488073999583
-0.31565876340228216,-0.48021240350195293,0.6027125079003226,2.6515464569970333,0.07650169052645019,-1.717681667293395
-0.31571846979801343,-0.47994674715892827,0.6028306817444832,2.641501633234494,0.07453043158119865,-1.7182082337497524
-0.3157780511090997,-0.4796809964371111,0.6029472483913806,2.6312264759065966,0.07254791836489102,-1.7187286507810922
-0.3158374980488364,-0.4794151345264281,0.6030622004567289,2.6207158222085134,0.07055463415689701,-1.719243062399476
-0.31589680133051923,-0.4791491446168059,0.6031755305562424,2.609964509335418,0.0685510622365863,-1.719751612616966
-0.3159559516674436,-0.4788830098981712,0.6032872313056349,2.5989673744824833,0.06653768588332859,-1.7202544454456234
-0.31601493977290523,-0.4786167135604506,0.6033972953206204,2.587719254844882,0.06451498837649358,-1.7207517048975105
-0.3160737563601996,-0.4783502387935708,0.6035057152169132,2.5762149876177864,0.062483452995450973,-1.7212435349846882
-0.31613239214262223,-0.47808356878745845,0.603612483610227,2.5644494099963704,0.06044356301957046,-1.7217300797192192
-0.31619083783346874,-0.4778166867320402,0.6037175931162764,2.5524173591758066,0.05839580172822173,-1.7222114831131645
-0.31624908414603464,-0.4775495758172428,0.6038210363507749,2.5401136723512674,0.05634065240077449,-1.7226878891785862
-0.31630712179361553,-0.4772822192329927,0.6039228059294368,2.527533186717927,0.05427859831659843,-1.723159441927546
-0.31636494148950695,-0.4770146001692168,0.6040228944679764,2.5146707394709567,0.05221012275506327,-1.7236262853721054
-0.3164225339470045,-0.4767467018158416,0.6041212945821074,2.5015211678055302,0.05013570899553866,-1.7240885635243266
-0.3164798898794036,-0.47647850736279374,0.6042179988875439,2.48807930891682,0.04805584031739434,-1.7245464203962708
-0.316537,-0.47621,0.604313,2.47434,0.045971,-1.725
-0.3165938552079996,-0.47594116736457615,0.6044062886258258,2.4602980996602186,0.04388161716431814,-1.7254494308229453
-0.31665044714625007,-0.47567201488239463,0.6044978478339151,2.44594855214253,0.04178790429768256,-1.7258947792540142
-0.3167067676435097,-0.47540255242651697,0.604587658783798,2.431286323101965,0.03969001972901989,-1.7263360961574834
-0.3167628085285365,-0.47513278987000485,0.6046757026350046,2.4163063781935534,0.037588121787256734,-1.7267734323976305
-0.31681856163008876,-0.47486273708591986,0.6047619605470643,2.4010036830723256,0.0354823688013197,-1.7272068388387318
-0.3168740187769246,-0.4745924039473236,0.6048464136795074,2.3853732033933124,0.03337291910013542,-1.7276363663450642
-0.31692917179780217,-0.4743218003272776,0.6049290431918639,2.369409904811545,0.03125993101263051,-1.7280620657809052
-0.3169840125214797,-0.4740509360988436,0.6050098302436635,2.353108752982052,0.029143562867731572,-1.728483988010531
-0.31703853277671523,-0.473779821135083,0.6050887559944365,2.3364647135598653,0.027023972994365233,-1.7289021838982188
-0.31709272439226693,-0.4735084653090576,0.6051658016037123,2.319472752200015,0.024901319721458103,-1.7293167043082458
-0.31714657919689315,-0.4732368784938289,0.6052409482310209,2.3021278345575307,0.022775761377936805,-1.7297276001048885
-0.3172000890193519,-0.4729650705624585,0.6053141770358929,2.2844249262874445,0.020647456292727948,-1.730134922152424
-0.3172532456884014,-0.47269305138800805,0.6053854691778575,2.2663589930447854,0.018516562794758145,-1.730538721315129
-0.3173060410327997,-0.47242083084353914,0.6054548058164448,2.247925000484584,0.016383239212954023,-1.730939048457281
-0.3173584668813051,-0.4721484188021132,0.6055221681111852,2.229117914261871,0.014247643876242194,-1.7313359544431564
-0.31741051506267565,-0.47187582513679216,0.605587537221608,2.209932700031677,0.012109935113549264,-1.7317294901370321
-0.3174621773951938,-0.4716030596876791,0.6056508943903214,2.190364275819215,0.009970270711900603,-1.7321197061843367
-0.3175134450685912,-0.47133013031738313,0.6057122258446135,2.1704047018606896,0.007828775944246476,-1.732506640099593
-0.3175643082983465,-0.47105704182339714,0.6057715255380265,2.1500416088193415,0.005685525686720737,-1.7328903090444185
-0.3176147572161314,-0.4707837987395481,0.6058287880887266,2.129262246319875,0.003540590480247225,-1.733270728429644
-0.31766478195361786,-0.47051040559966295,0.6058840081148799,2.108053863986996,0.0013940408657497807,-1.7336479136661
-0.31771437264247754,-0.47023686693756855,0.6059371802346527,2.0864037114454104,-0.0007540526158477563,-1.7340218801646174
-0.31776351941438225,-0.46996318728709185,0.6059882990662111,2.064299038319823,-0.002903619423621547,-1.7343926433360268
-0.3178122124010037,-0.46968937118205994,0.6060373592277214,2.0417270942349393,-0.0050545890166477465,-1.7347602185911586
-0.3178604417340138,-0.4694154231562996,0.6060843553373498,2.0186751288154645,-0.007206890854002519,-1.7351246213408436
-0.31790819754508426,-0.4691413477436378,0.6061292820132627,1.9951303916861045,-0.009360454394762024,-1.7354858669959121
-0.31795546996588697,-0.4688671494779016,0.606172133873626,1.9710801324715645,-0.011515209098002415,-1.7358439709671951
-0.3180022491280938,-0.46859283289291775,0.606212905536606,1.94651160079655,-0.013671084422799861,-1.7361989486655232
-0.3180485251633762,-0.46831840252251333,0.6062515916203691,1.921412046285766,-0.015828009828230512,-1.7365508155017264
-0.3180942882034062,-0.46804386290051536,0.6062881867430813,1.8957687185639185,-0.017985914773370536,-1.736899586886636
-0.3181395283798556,-0.4677692185607506,0.6063226855229088,1.869568867255713,-0.020144728717296088,-1.737245278231082
-0.3181842358243961,-0.467494474037046,0.606355082578018,1.8427997419858542,-0.022304381119083325,-1.7375879049458958
-0.31822840066869956,-0.4672196338632286,0.606385372526575,1.815448592379048,-0.02446480143780841,-1.7379274824419075
-0.31827201255658016,-0.4669447017341034,0.6064135501979874,1.7875035823504408,-0.026625907421571993,-1.7382640300529881
-0.318315055460507,-0.4666696715908438,0.6064396128773446,1.7589635044415644,-0.028787480678384346,-1.7385976127183547
-0.31835750969401694,-0.46639453108195844,0.6064635594340466,1.7298340083722608,-0.030949214983939394,-1.7389283248000278
-0.31839935550966464,-0.46611926775107787,0.6064853887638986,1.7001208581486775,-0.033110802650059105,-1.7392562611504083
-0.3184405731600048,-0.4658438691418326,0.6065050997627057,1.6698298177769635,-0.03527193598856547,-1.7395815166218964
-0.31848114289759216,-0.4655683227978535,0.6065226913262735,1.6389666512632657,-0.037432307311280444,-1.7399041860668931
-0.31852104497498124,-0.46529261626277096,0.6065381623504067,1.607537122613733,-0.039591608930026036,-1.7402243643377988
-0.3185602596447269,-0.46501673708021574,0.6065515117309109,1.5755469958345125,-0.04174953315662421,-1.7405421462870143
-0.31859876715938357,-0.4647406727938184,0.6065627383635913,1.5430020349317524,-0.04390577230289694,-1.7408576267669404
-0.31863654777150624,-0.4644644109472096,0.606571841144253,1.5099080039116008,-0.046060018680666205,-1.7411709006299774
-0.31867358173364924,-0.46418793908402,0.6065788189687011,1.476270666780205,-0.04821196460175398,-1.741482062728526
-0.31870984929836754,-0.4639112447478801,0.6065836707327411,1.4420957875437135,-0.05036130237798226,-1.741791207914987
-0.3187453307182157,-0.4636343154824207,0.606586395332178,1.4073891302082744,-0.052507724321173,-1.742098431041761
-0.3187800062457483,-0.4633571388312724,0.6065869916628172,1.3721564587800348,-0.05465092274314819,-1.7424038269612487
-0.31881385613352015,-0.46307970233806567,0.6065854586204638,1.3364035372651435,-0.05679058995572981,-1.7427074905258506
-0.3188468606340858,-0.4628019935464313,0.6065817951009229,1.300136129669748,-0.05892641827073983,-1.7430095165879675
-0.318879,-0.46252399999999994,0.606576,1.2633599999999958,-0.06105810000000023,-1.74331
-0.31891025811274326,-0.4622457115230721,0.6065680796466347,1.2260671521061282,-0.06318534734856865,-1.7436090274422096
-0.31894063336949924,-0.4619671270626284,0.6065580701023056,1.188194549214755,-0.06530795209444537,-1.7439066529063025
-0.3189701277963775,-0.4616882478463193,0.6065460148616252,1.1496653943965793,-0.06742572590886631,-1.744202922211845
-0.3189987434194874,-0.46140907510179535,0.6065319574192067,1.110402890722304,-0.06953848046306738,-1.7444978811784042
-0.31902648226493874,-0.46112961005670716,0.6065159412696629,1.070330241262632,-0.07164602742828453,-1.7447915756255468
-0.31905334635884075,-0.4608498539387053,0.6064980099076067,1.0293706490882666,-0.07374817847575367,-1.7450840513728398
-0.3190793377273031,-0.4605698079754403,0.6064782068276512,0.9874473172699103,-0.07584474527671076,-1.7453753542398496
-0.3191044583964353,-0.4602894733945626,0.606456575524409,0.9444834488782659,-0.07793553950239168,-1.7456655300461434
-0.3191287103923469,-0.4600088514237229,0.6064331594924932,0.9004022469840366,-0.08002037282403238,-1.745954624611288
-0.3191520957411473,-0.45972794329057165,0.6064080022265166,0.8551269146579306,-0.08209905691286858,-1.7462426837548497
-0.31917461646894607,-0.4594467502227594,0.6063811472210923,0.8085806549706405,-0.08417140344013666,-1.7465297532963961
-0.31919627460185274,-0.4591652734479366,0.6063526379708329,0.7606866709928741,-0.08623722407707228,-1.7468158790554937
-0.3192170721659768,-0.45888351419375406,0.6063225179703517,0.7113681657953346,-0.0882963304949114,-1.7471011068517088
-0.3192370111874278,-0.4586014736878621,0.6062908307142615,0.6605483424487248,-0.09034853436488995,-1.7473854825046087
-0.31925609369231533,-0.4583191531579114,0.6062576196971747,0.6081504040237478,-0.09239364735824383,-1.7476690518337603
-0.31927432170674874,-0.45803655383155234,0.6062229284137051,0.5540975535911061,-0.09443148114620901,-1.74795186065873
-0.31929169715620126,-0.4577536769834363,0.6061868000868544,0.4983147888208138,-0.0964618482839473,-1.7482339544793921
-0.31930821592795977,-0.4574705267082577,0.6061492616430075,0.4408347833415278,-0.09848461436217551,-1.7485153596140524
-0.3193238645501232,-0.45718711147177804,0.6061103147487897,0.38185710851780286,-0.10049972717672064,-1.7487960726495848
-0.3193386287456987,-0.45690344011576445,0.6060699588979439,0.3215956925086791,-0.10250714159481698,-1.749076087615322
-0.3193524942376936,-0.45661952148198415,0.6060281935842137,0.260264463473197,-0.10450681248369884,-1.749355398540596
-0.31936544674911505,-0.45633536441220435,0.6059850183013419,0.19807734957039685,-0.10649869471060054,-1.7496339994547387
-0.3193774720029704,-0.4560509777481922,0.6059404325430718,0.1352482789593191,-0.10848274314275641,-1.7499118843870825
-0.31938855572226693,-0.45576637033171497,0.6058944358031466,0.07199117979900407,-0.11045891264740072,-1.7501890473669592
-0.3193986836300118,-0.45548155100453974,0.6058470275753092,0.008519980248492053,-0.11242715809176783,-1.7504654824237014
-0.31940784144921236,-0.4551965286084338,0.605798207353303,-0.054951391533176464,-0.114387434343092,-1.750741183586641
-0.31941601490287586,-0.45491131198516427,0.6057479746308712,-0.11820900738696127,-0.11633969626860759,-1.7510161448851103
-0.3194231897140095,-0.45462590997649843,0.6056963289017564,-0.1810389391538218,-0.11828389873554887,-1.751290360348441
-0.31942935160562064,-0.4543403314242034,0.6056432696597024,-0.243227258674718,-0.12021999661115018,-1.7515638240059657
-0.3194344863007164,-0.4540545851700464,0.605588796398452,-0.30456003779060925,-0.12214794476264583,-1.751836529887016
-0.31943857952230426,-0.4537686800557946,0.6055329086117482,-0.3648233483424552,-0.12406769805727012,-1.7521084720209246
-0.3194416169933912,-0.4534826249232153,0.6054756057933346,-0.42380326217121567,-0.12597921136225737,-1.7523796444370232
-0.3194435844369846,-0.45319642861407555,0.605416887436954,-0.48128585111785027,-0.12788243954484188,-1.7526500411646442
-0.31944446876122046,-0.45291010047836544,0.6053567542134692,-0.5370715324460298,-0.1297773288987366,-1.7529196535246638
-0.31944427065135456,-0.45262365577416624,0.605295220477758,-0.5911274889584448,-0.13166372605046875,-1.7531884413521615
-0.3194429996811071,-0.4523371135712307,0.6052323094130949,-0.6435284941281206,-0.13354141332515526,-1.7534563441687987
-0.31944066557233974,-0.45205049300283956,0.6051680443498946,-0.6943511146059216,-0.135410171976223,-1.7537233011576803
-0.3194372780469138,-0.4517638132022734,0.6051024486185713,-0.7436719170427122,-0.1372697832570988,-1.7539892515019107
-0.3194328468266907,-0.451477093302813,0.6050355455495399,-0.7915674680893566,-0.13912002842120944,-1.7542541343845948
-0.319427381633532,-0.4511903524377389,0.6049673584732146,-0.8381143343967191,-0.14096068872198178,-1.754517888988837
-0.31942089218929903,-0.45090360974033195,0.60489791072001,-0.8833890826156644,-0.14279154541284264,-1.7547804544977426
-0.3194133882158533,-0.45061688434387276,0.6048272256203409,-0.9274682793970562,-0.14461237974721886,-1.7550417700944156
-0.31940487943505624,-0.450330195381642,0.6047553265046215,-0.9704284913917596,-0.14642297297853724,-1.7553017749619613
-0.31939537556876924,-0.45004356198692036,0.6046822367032664,-1.0123462852506382,-0.1482231063602246,-1.7555604082834837
-0.3193848863388538,-0.4497570032929885,0.6046079795466901,-1.0532982276245568,-0.15001256114570782,-1.755817609242088
-0.3193734214671713,-0.4494705384331271,0.6045325783653073,-1.0933608851643795,-0.15179111858841368,-1.7560733170208787
-0.31936099067558327,-0.4491841865406169,0.6044560564895324,-1.1326108245209712,-0.15355855994176895,-1.7563274708029608
-0.3193476036859511,-0.4488979667487385,0.6043784372497797,-1.1711246123451955,-0.15531466645920058,-1.7565800097714386
-0.31933327022013613,-0.44861189819077263,0.6042997439764641,-1.2089788152879168,-0.15705921939413534,-1.7568308731094167
-0.319318,-0.448326,0.60422,-1.24625,-0.158792,-1.75708
-0.3193018000493516,-0.44804028577167276,0.6041392257091658,-1.2830009929390997,-0.16051280397076023,-1.7573273597021504
-0.3192846665997903,-0.4477547469489296,0.6040574297261965,-1.3192396597899998,-0.16222148476253523,-1.7575730417782602
-0.3192665931848632,-0.4474693694368803,0.6039746177316906,-1.3549601260443003,-0.1639179102719842,-1.757817165866578
-0.31924757333811726,-0.4471841391406353,0.6038907954062471,-1.3901565171935677,-0.1656019483957647,-1.758059851605353
-0.31922760059309935,-0.44689904196530444,0.6038059684304646,-1.424822958729401,-0.16727346703053592,-1.7583012186328342
-0.3192066684833565,-0.44661406381599794,0.6037201424849419,-1.4589535761433672,-0.16893233407295544,-1.7585413865872712
-0.3191847705424357,-0.4463291905978257,0.6036333232502779,-1.4925424949270654,-0.17057841741968247,-1.758780475106913
-0.3191619003038839,-0.446044408215898,0.6035455164070711,-1.525583840572063,-0.17221158496737457,-1.7590186038300082
-0.3191380513012481,-0.4457597025753249,0.6034567276359204,-1.5580717385699576,-0.17383170461269093,-1.7592558923948065
-0.3191132170680752,-0.44547505958121636,0.6033669626174248,-1.5900003144123185,-0.1754386442522892,-1.7594924604395572
-0.31908739113791235,-0.44519046513868255,0.6032762270321828,-1.6213636935907425,-0.17703227178282843,-1.7597284276025087
-0.3190605670443063,-0.44490590515283357,0.6031845265607931,-1.6521560015967982,-0.17861245510096638,-1.7599639135219107
-0.3190327383208042,-0.44462136552877934,0.6030918668838546,-1.6823713639220834,-0.1801790621033621,-1.7601990378360124
-0.3190038985009529,-0.4443368321716302,0.6029982536819662,-1.7120039060581667,-0.18173196068667327,-1.7604339201830623
-0.3189740411182995,-0.44405229098649607,0.6029036926357266,-1.7410477534966446,-0.18327101874755897,-1.7606686802013103
-0.3189431597063909,-0.44376772787848706,0.6028081894257343,-1.7694970317290872,-0.1847961041826769,-1.760903437529005
-0.31891124792234454,-0.44348312883763397,0.6027117499252463,-1.7973459819894313,-0.1863070858442373,-1.7611383108872702
-0.31887830683750124,-0.4431984849492156,0.6026143915669979,-1.82459579005204,-0.18780388991751604,-1.7613733639696922
-0.3188443490152486,-0.44291379519614443,0.6025161497009153,-1.8512584057290025,-0.18928653145404448,-1.7616085751771748
-0.3188093880075374,-0.44262905924069956,0.602417061218189,-1.87734670477111,-0.1907550331497617,-1.7618439155736163
-0.318773437366318,-0.44234427674515986,0.6023171630100097,-1.9028735629291782,-0.19220941770060782,-1.7620793562229164
-0.3187365106435413,-0.4420594473718044,0.6022164919675675,-1.9278518559539994,-0.19364970780252191,-1.762314868188973
-0.31869862139115784,-0.44177457078291216,0.602115084982053,-1.9522944595963878,-0.1950759261514442,-1.7625504225356852
-0.31865978316111837,-0.44148964664076207,0.6020129789446563,-1.9762142496071367,-0.1964880954433137,-1.7627859903269516
-0.31862000950537345,-0.4412046746076332,0.6019102107465683,-1.9996241017370546,-0.19788623837407038,-1.763021542626671
-0.3185793139758737,-0.4409196543458044,0.6018068172789791,-2.02253689173695,-0.19927037763965408,-1.7632570504987428
-0.31853771012457,-0.4406345855175549,0.601702835433079,-2.044965495357618,-0.20064053593600392,-1.7634924850070646
-0.31849521150341276,-0.4403494677851634,0.6015983021000586,-2.0669227883498698,-0.20199673595906004,-1.7637278172155364
-0.31845183166435276,-0.4400643008109091,0.6014932541711082,-2.088421646464501,-0.20333900040476155,-1.763963018188056
-0.3184075841593407,-0.43977908425707085,0.6013877285374184,-2.109474945452323,-0.20466735196904856,-1.7641980589885224
-0.318362482540327,-0.4394938177859278,0.6012817620901794,-2.1300955610641323,-0.2059818133478602,-1.764432910680835
-0.31831654035926255,-0.4392085010597587,0.6011753917205817,-2.1502963690507397,-0.2072824072371367,-1.7646675443288917
-0.318269771168098,-0.43892313374084285,0.6010686543198156,-2.170090245162941,-0.20856915633281703,-1.7649019309965919
-0.31822218888395426,-0.43863771684689085,0.6009615859656121,-2.1894896842129996,-0.20984208841052748,-1.7651360359444885
-0.3181738116690577,-0.4383522671525089,0.6008542132792384,-2.2085027526025396,-0.21110129029724417,-1.765369756969246
-0.31812466042441273,-0.43806681159804184,0.6007465567810161,-2.2271346596940917,-0.21234688691758996,-1.765602948342438
-0.3180747560966694,-0.4377813772932639,0.6006386368895852,-2.245390567232849,-0.21357900383114742,-1.7658354636102205
-0.31802411963247823,-0.43749599134794875,0.6005304740235848,-2.263275636964023,-0.2147977665975002,-1.766067156318749
-0.3179727719784897,-0.43721068087187065,0.600422088601655,-2.2807950306328073,-0.21600330077623092,-1.7662978800141795
-0.31792073408135413,-0.43692547297480333,0.6003135010424352,-2.2979539099844137,-0.21719573192692315,-1.7665274882426676
-0.3178680268877219,-0.43664039476652083,0.6002047317645649,-2.314757436764036,-0.21837518560915953,-1.7667558345503696
-0.31781467134424346,-0.43635547335679714,0.6000958011866838,-2.331210772716885,-0.2195417873825237,-1.7669827724834408
-0.31776068839756927,-0.43607073585540623,0.5999867297274315,-2.347319079588156,-0.22069566280659822,-1.767208155588037
-0.3177060989943496,-0.43578620937212204,0.5998775378054477,-2.363087519123059,-0.22183693744096677,-1.767431837410314
-0.31765092408123485,-0.4355019210167185,0.5997682458393719,-2.378521253066788,-0.2229657368452119,-1.767653671496428
-0.31759518460487557,-0.43521789789896964,0.5996588742478438,-2.393625443164555,-0.22408218657891724,-1.7678735113925341
-0.31753890151192204,-0.4349341671286494,0.599549443449503,-2.408405251161554,-0.2251864122016654,-1.7680912106447888
-0.31748209574902464,-0.4346507558155317,0.599439973862989,-2.422865838802995,-0.22627853927303998,-1.7683066227993471
-0.3174247882628339,-0.43436769106939066,0.5993304859069415,-2.4370123678340745,-0.22735869335262368,-1.7685196014023659
-0.317367,-0.434085,0.599221,-2.45085,-0.228427,-1.76873
-0.31730874839297313,-0.4338027059739425,0.5991115300287395,-2.4643838216331666,-0.22948363922310908,-1.768937721245959
-0.3172500368174013,-0.4335208173850344,0.599002063751476,-2.4776186174147683,-0.23052900882332186,-1.7691428642241678
-0.31719086513473244,-0.43323933888390126,0.5988925823944602,-2.4905590966131856,-0.23156356105036577,-1.769345577126104
-0.3171312332064142,-0.432958275121168,0.5987830671839438,-2.50320996849681,-0.23258774815396924,-1.7695460081432461
-0.3170711408938942,-0.43267763074745985,0.5986734993461778,-2.515575942334021,-0.2336020223838597,-1.7697443054670716
-0.31701058805862037,-0.43239741041340196,0.5985638601074131,-2.5276617273932116,-0.23460683598976548,-1.769940617289059
-0.3169495745620403,-0.4321176187696194,0.598454130693901,-2.5394720329427605,-0.23560264122141414,-1.7701350918006866
-0.3168881002656019,-0.43183826046673746,0.5983442923318929,-2.5510115682510603,-0.236589890328534,-1.7703278771934317
-0.31682616503075284,-0.43155934015538117,0.5982343262476397,-2.5622850425864914,-0.23756903556085254,-1.7705191216587732
-0.3167637687189408,-0.43128086248617575,0.5981242136673927,-2.573297165217444,-0.23854052916809812,-1.7707089733881884
-0.31670091119161364,-0.4310028321097463,0.5980139358174028,-2.5840526454123003,-0.2395048233999982,-1.7708975805731564
-0.31663759231021904,-0.43072525367671816,0.5979034739239215,-2.5945561924394496,-0.24046237050628122,-1.7710850914051541
-0.31657381193620476,-0.4304481318377162,0.5977928092131998,-2.6048125155672746,-0.2414136227366746,-1.7712716540756608
-0.31650956993101853,-0.4301714712433657,0.5976819229114888,-2.6148263240641643,-0.2423590323409067,-1.7714574167761532
-0.3164448661561081,-0.4298952765442919,0.5975707962450398,-2.6246023271985015,-0.24329905156870502,-1.7716425276981107
-0.3163797004729213,-0.4296195523911198,0.5974594104401039,-2.6341452342386753,-0.2442341326697979,-1.7718271350330106
-0.31631407264988165,-0.42934430320359257,0.5973477466963278,-2.643459745322654,-0.24516472593652877,-1.7720113873825563
-0.3162479768739727,-0.4290695195485274,0.597235784617101,-2.6525500127635486,-0.2460911642181964,-1.772195457961952
-0.316181398680945,-0.4287951705207065,0.5971235013316137,-2.6614193397459243,-0.24701359832737838,-1.7723795581373296
-0.31611432286235724,-0.42852122336785525,0.5970108737562214,-2.6700709564110388,-0.2479321634175802,-1.7725639025566213
-0.316046734209768,-0.4282476453376991,0.5968978788072801,-2.6785080929001426,-0.24884699464230672,-1.7727487058677587
-0.31597861751473594,-0.4279744036779635,0.5967844934011453,-2.6867339793544924,-0.24975822715506352,-1.7729341827186735
-0.31590995756881957,-0.42770146563637385,0.5966706944541729,-2.6947518459153392,-0.2506659961093554,-1.7731205477572978
-0.3158407391635776,-0.42742879846065557,0.5965564588827185,-2.702564922723939,-0.25157043665868806,-1.7733080156315635
-0.3157709470905687,-0.4271563693985341,0.596441763603138,-2.7101764399215433,-0.25247168395656616,-1.7734968009894028
-0.31570056614135134,-0.42688414569773486,0.5963265855317872,-2.7175896276494087,-0.25336987315649534,-1.7736871184787468
-0.31562958110748424,-0.4266120946059832,0.5962109015850218,-2.7248077160487854,-0.2542651394119804,-1.7738791827475282
-0.315557976780526,-0.42634018337100466,0.5960946886791975,-2.7318339352609313,-0.25515761787652697,-1.7740732084436788
-0.3154857379520352,-0.4260683792405246,0.5959779237306702,-2.7386715154270966,-0.2560474437036399,-1.7742694102151302
-0.3154128494135706,-0.4257966494622684,0.5958605836557953,-2.745323686688538,-0.2569347520468247,-1.774468002709814
-0.3153392959566907,-0.42552496128396156,0.5957426453709289,-2.751793679186506,-0.2578196780595861,-1.774669200575663
-0.31526506237295404,-0.4252532819533295,0.5956240857924265,-2.7580847230622574,-0.25870235689542986,-1.7748732184606084
-0.3151901334539195,-0.42498157871809755,0.5955048818366443,-2.7642000484570444,-0.2595829237078608,-1.775080271012582
-0.3151144956411582,-0.4247098190033121,0.5953850130147015,-2.7701428787499163,-0.26046149064982854,-1.7752905605619291
-0.3150381545576405,-0.4244379722953746,0.5952644890018491,-2.775916358709285,-0.2613379024928218,-1.7755041462470451
-0.3149611282014325,-0.42416600941059307,0.5951433389340671,-2.781523582387028,-0.2622118315041616,-1.7757209948244228
-0.31488343477685216,-0.4238939011874408,0.5950215922716816,-2.7869676429897416,-0.26308294707609886,-1.7759410715108563
-0.314805092488217,-0.4236216184643907,0.5948992784750186,-2.7922516337240264,-0.2639509186008851,-1.77616434152314
-0.314726119539845,-0.4233491320799163,0.5947764270044035,-2.7973786477964806,-0.2648154154707715,-1.7763907700780683
-0.31464653413605376,-0.4230764128724903,0.5946530673201622,-2.802351778413704,-0.2656761070780095,-1.7766203223924357
-0.3145663544811612,-0.4228034316805862,0.5945292288826209,-2.807174118782295,-0.26653266281485,-1.7768529636830357
-0.31448559877948506,-0.42253015934267696,0.5944049411521052,-2.811848762108853,-0.26738475207354473,-1.777088659166664
-0.31440428523534314,-0.4222565666972359,0.5942802335889409,-2.816378801599976,-0.26823204424634456,-1.7773273740601139
-0.31432243205305316,-0.421982624582736,0.5941551356534537,-2.8207673304622647,-0.26907420872550125,-1.77756907358018
-0.3142400574369329,-0.4217083038376506,0.5940296768059696,-2.8250174419023155,-0.2699109149032655,-1.7778137229436564
-0.3141571795913002,-0.42143357530045267,0.5939038865068146,-2.829132229126732,-0.27074183217188913,-1.7780612873673383
-0.31407381672047274,-0.4211584098096156,0.5937777942163143,-2.833114785342108,-0.27156662992362296,-1.7783117320680188
-0.3139899870287684,-0.42088277820361225,0.5936514293947944,-2.836968203755046,-0.2723849775507186,-1.7785650222624934
-0.31390570872050494,-0.42060665132091607,0.5935248215025811,-2.840695577572143,-0.2731965444454271,-1.7788211231675555
-0.313821,-0.42033,0.593398,-2.8443,-0.274001,-1.77908
-0.313735881556047,-0.42005279827132214,0.5932709941643796,-2.8477844614161727,-0.2747979989635613,-1.7793416133479705
-0.31365038401534057,-0.4197750329332795,0.5931438325410578,-2.851151540882054,-0.27558713751272795,-1.7796059052850082
-0.3135645404890512,-0.41949669397625416,0.5930165434923763,-2.854403714629993,-0.27636799718098937,-1.7798728132560042
-0.31347838408834894,-0.419217771390628,0.5928891553806754,-2.857543458892341,-0.2771401595018355,-1.7801422747058488
-0.3133919479244042,-0.41893825516678307,0.5927616965682965,-2.8605732499014467,-0.2779032060087558,-1.7804142270794334
-0.31330526510838724,-0.41865813529510115,0.5926341954175802,-2.863495563889663,-0.2786567182352402,-1.7806886078216484
-0.3132183687514684,-0.4183774017659644,0.5925066802908675,-2.866312877089336,-0.27940027771477816,-1.7809653543773845
-0.3131312919648177,-0.41809604456975447,0.5923791795504993,-2.8690276657328195,-0.2801334659808596,-1.7812444041915323
-0.3130440678596057,-0.4178140536968536,0.5922517215588167,-2.8716424060524615,-0.2808558645669739,-1.781525694708983
-0.31295672954700254,-0.4175314191376437,0.5921243346781605,-2.8741595742806134,-0.28156705500661117,-1.7818091633746274
-0.3128693101381784,-0.41724813088250656,0.5919970472708714,-2.876581646649625,-0.28226661883326065,-1.7820947476333557
-0.31278184274430376,-0.4169641789218243,0.5918698876992908,-2.8789110993918454,-0.28295413758041243,-1.7823823849300593
-0.31269436047654864,-0.4166795532459787,0.5917428843257593,-2.8811504087396265,-0.2836291927815559,-1.7826720127096283
-0.3126068964460836,-0.4163942438453519,0.591616065512618,-2.883302050925317,-0.28429136597018106,-1.7829635684169545
-0.3125194837640786,-0.41610824071032576,0.5914894596222074,-2.8853685021812683,-0.2849402386797772,-1.7832569894969275
-0.31243215554170417,-0.4158215338312822,0.5913630950168691,-2.88735223873983,-0.28557539244383445,-1.7835522133944386
-0.31234494470780844,-0.41553411333555146,0.5912369998657088,-2.8892557314725593,-0.28619641085626374,-1.783849177459803
-0.31225787325191773,-0.4152459775673589,0.5911111907437474,-2.8910811296034784,-0.28680300113627305,-1.7841478133688
-0.31217094620760943,-0.4149571376071177,0.5909856662551736,-2.892830083802925,-0.28739506212227917,-1.7844480440016763
-0.31208416714988474,-0.4146676056308267,0.5908604234582975,-2.8945042018549,-0.28797250913607236,-1.7847497914820745
-0.31199753965374477,-0.41437739381448513,0.59073545941143,-2.8961050915434026,-0.28853525749944237,-1.7850529779336375
-0.3119110672941907,-0.4140865143340918,0.5906107711728812,-2.897634360652435,-0.2890832225341794,-1.7853575254800078
-0.3118247536462236,-0.41379497936564597,0.5904863558009619,-2.8990936169659958,-0.289616319562073,-1.7856633562448279
-0.31173860228484457,-0.41350280108514653,0.5903622103539822,-2.900484468268086,-0.2901344639049136,-1.7859703923517405
-0.31165261678505485,-0.4132099916685927,0.5902383318902528,-2.901808522342706,-0.2906375708844907,-1.786278555924388
-0.31156680072185555,-0.4129165632919833,0.5901147174680841,-2.9030673869738566,-0.2911255558225946,-1.7865877690864131
-0.31148115767024787,-0.4126225281313175,0.5899913641457867,-2.9042626699455365,-0.291598334041015,-1.7868979539614587
-0.31139569120523286,-0.41232789836259426,0.5898682689816709,-2.905395979041748,-0.2920558208615421,-1.7872090326731669
-0.31131040490181167,-0.4120326861618127,0.589745429034047,-2.90646892204649,-0.29249793160596566,-1.7875209273451804
-0.3112253023349855,-0.41173690370497185,0.589622841361226,-2.9074831067437645,-0.2929245815960758,-1.7878335601011421
-0.31114038707975544,-0.41144056316807076,0.5895005030215179,-2.9084401409175697,-0.29333568615366223,-1.7881468530646942
-0.31105566271112256,-0.41114367672710833,0.5893784110732333,-2.9093416323519072,-0.2937311606005152,-1.7884607283594798
-0.3109711328040882,-0.41084625655808393,0.5892565625746827,-2.9101891888307767,-0.29411092025842445,-1.7887751081091408
-0.3108868008478175,-0.4105483150128787,0.5891349551899102,-2.910984393591397,-0.29447490435839285,-1.7890899149951915
-0.310802669333634,-0.4102498664880101,0.589013593624614,-2.911728544514634,-0.2948233300760228,-1.7894050781844015
-0.31071874010909234,-0.4099509266991145,0.5888924871274943,-2.9124227553804847,-0.29515659390601323,-1.7897205310275752
-0.31063501501101776,-0.4096515113838138,0.5887716450229683,-2.913068136900598,-0.2954750953317146,-1.7900362069452518
-0.3105514958762353,-0.4093516362797298,0.5886510766354536,-2.9136657997866213,-0.29577923383647736,-1.7903520393579706
-0.3104681845415704,-0.4090513171244846,0.5885307912893669,-2.914216854750204,-0.29606940890365196,-1.7906679616862695
-0.31038508284384786,-0.4087505696556999,0.5884107983091258,-2.9147224125029947,-0.2963460200165891,-1.7909839073506881
-0.3103021926198931,-0.4084494096109977,0.5882911070191473,-2.9151835837566415,-0.2966094666586391,-1.791299809771765
-0.3102195157065312,-0.40814785272799975,0.5881717267438488,-2.9156014792227936,-0.29686014831315244,-1.7916156023700394
-0.31013705394058744,-0.40784591474432813,0.5880526668076471,-2.9159772096130983,-0.2970984644634796,-1.7919312185660496
-0.3100548091588867,-0.40754361139760464,0.58793393653496,-2.9163118856392054,-0.2973248145929713,-1.792246591780335
-0.30997278319825455,-0.40724095842545116,0.5878155452502042,-2.916606618012762,-0.2975395981849777,-1.7925616554334343
-0.30989097789551584,-0.4069379715654895,0.587697502277797,-2.916862517445418,-0.29774321472284954,-1.7928763429458865
-0.30980939508749583,-0.40663466655534175,0.587579816942156,-2.917080694648821,-0.29793606368993714,-1.7931905877382301
-0.30972803661101983,-0.4063310591326296,0.5874624985676979,-2.917262260334621,-0.29811854456959114,-1.7935043232310044
-0.30964690430291275,-0.40602716503497505,0.5873455564788402,-2.917408325214464,-0.2982910568451619,-1.7938174828447482
-0.309566,-0.40572299999999994,0.587229,-2.91752,-0.29845400000000005,-1.79413
-0.3094853219005854,-0.4054185777973081,0.5871128354955284,-2.9175983164058374,-0.2986077454636989,-1.7944418160995763
-0.3094048536488884,-0.40511390432443106,0.5869970574895124,-2.9176439901584215,-0.2987525524508236,-1.7947529044754018
-0.3093245752506072,-0.4048089835108821,0.5868816575459724,-2.9176576579871583,-0.2988886521221823,-1.795063246441678
-0.3092444667114399,-0.4045038192861748,0.5867666272289292,-2.9176399566214535,-0.299016275638583,-1.7953728233126074
-0.30916450803708484,-0.40419841557982233,0.5866519581024038,-2.917591522790712,-0.29913565416083393,-1.7956816164023912
-0.30908467923324,-0.4038927763213384,0.5865376417304166,-2.9175129932243404,-0.299247018849743,-1.795989607025232
-0.3090049603056037,-0.40358690544023607,0.586423669676988,-2.9174050046517443,-0.2993506008661184,-1.796296776495331
-0.30892533125987415,-0.403280806866029,0.5863100335061394,-2.917268193802328,-0.2994466313707681,-1.7966031061268906
-0.3088457721017494,-0.4029744845282305,0.586196724781891,-2.9171031974054986,-0.2995353415245004,-1.7969085772341127
-0.3087662628369278,-0.40266794235635395,0.5860837350682637,-2.916910652190661,-0.29961696248812314,-1.7972131711311987
-0.30868678347110745,-0.4023611842799128,0.5859710559292782,-2.9166911948872207,-0.2996917254224445,-1.7975168691323513
-0.30860731400998653,-0.4020542142284205,0.585858678928955,-2.9164454622245835,-0.29975986148827255,-1.7978196525517716
-0.3085278344592633,-0.4017470361313903,0.5857465956313151,-2.9161740909321554,-0.29982160184641543,-1.798121502703662
-0.3084483248246358,-0.40143965391833575,0.5856347976003792,-2.9158777177393413,-0.2998771776576811,-1.7984224009022243
-0.3083687651118024,-0.40113207151877023,0.5855232764001675,-2.9155569793755474,-0.29992682008287785,-1.79872232846166
-0.30828913532646113,-0.40082429286220705,0.5854120235947015,-2.915212512570179,-0.2999707602828135,-1.7990212666961718
-0.30820941551207987,-0.40051632181973257,0.5853010308308126,-2.914844953704255,-0.3000092275857569,-1.799319195827667
-0.30812958797830586,-0.40020815875680765,0.58519029472403,-2.9144549182555806,-0.30004234136760954,-1.7996160305404447
-0.3080496385473636,-0.3998997986051735,0.5850798195913602,-2.9140429893019797,-0.30007005057810426,-1.7999115839355058
-0.3079695533436355,-0.3995912358291545,0.5849696104123038,-2.9136097471341813,-0.3000922895066582,-1.8002056603755034
-0.3078893184915035,-0.3992824648930753,0.5848596721663601,-2.9131557720429146,-0.3001089924426887,-1.8004980642230919
-0.3078089201153497,-0.3989734802612603,0.5847500098330296,-2.912681644318909,-0.3001200936756127,-1.8007885998409248
-0.30772834433955626,-0.3986642763980339,0.5846406283918122,-2.9121879442528935,-0.3001255274948476,-1.801077071591655
-0.3076475772885051,-0.39835484776772095,0.5845315328222077,-2.9116752521355957,-0.3001252281898104,-1.8013632838379363
-0.3075666050865784,-0.39804518883464557,0.5844227281037161,-2.9111441482577467,-0.3001191300499184,-1.8016470409424226
-0.3074854138581583,-0.39773529406313246,0.5843142192158377,-2.9105952129100743,-0.30010716736458876,-1.8019281472677668
-0.30740398972762684,-0.397425157917506,0.5842060111380721,-2.9100290263833077,-0.30008927442323863,-1.802206407176623
-0.307322318819366,-0.3971147748620908,0.5840981088499194,-2.9094461689681768,-0.3000653855152853,-1.8024816250316447
-0.30724038725775804,-0.3968041393612112,0.5839905173308798,-2.908847220955409,-0.30003543493014573,-1.8027536051954847
-0.30715818116718485,-0.3964932458791919,0.583883241560453,-2.9082327626357345,-0.29999935695723734,-1.8030221520307974
-0.30707568667202867,-0.39618208888035716,0.5837762865181392,-2.907603374299882,-0.29995708588597714,-1.803287069900236
-0.30699288989667156,-0.3958706628290317,0.5836696571834382,-2.906959636238581,-0.2999085560057825,-1.8035481631664538
-0.30690977696549554,-0.39555896218953984,0.5835633585358501,-2.90630212874256,-0.29985370160607033,-1.8038052361921049
-0.3068263357923342,-0.3952469825349897,0.5834573959579602,-2.905631426337459,-0.2997924679297448,-1.8040580996881153
-0.30674257509339387,-0.3949347323280961,0.5833517795182218,-2.9049480365297597,-0.2997249275539927,-1.8043066381640869
-0.3066585170057665,-0.3946222283474499,0.5832465223082284,-2.9042524235877765,-0.2996512352071515,-1.8045507837416694
-0.3065741838902256,-0.39430948751023964,0.5831416374699595,-2.903545051059187,-0.2995715469867443,-1.8047904693360468
-0.30648959810754484,-0.39399652673365415,0.5830371381453946,-2.90282638249167,-0.29948601899029437,-1.8050256278624033
-0.30640478201849747,-0.39368336293488165,0.5829330374765127,-2.9020968814329042,-0.2993948073153248,-1.8052561922359227
-0.3063197579838571,-0.3933700130311111,0.5828293486052935,-2.901357011430567,-0.2992980680593589,-1.8054820953717887
-0.306234548364397,-0.39305649393953085,0.582726084673716,-2.9006072360323367,-0.2991959573199198,-1.8057032701851856
-0.30614917552089094,-0.3927428225773298,0.58262325882376,-2.8998480187858924,-0.29908863119453066,-1.8059196495912972
-0.30606366181411226,-0.39242901586169626,0.5825208841974046,-2.8990798232389112,-0.2989762457807147,-1.806131166505308
-0.3059780296048344,-0.3921150907098191,0.5824189739366291,-2.898303112939072,-0.2988589571759951,-1.806337753842401
-0.3058923012538308,-0.39180106403888676,0.5823175411834128,-2.8975183514340532,-0.29873692147789505,-1.8065393445177609
-0.30580649912187513,-0.39148695276608797,0.5822165990797354,-2.896726002271533,-0.29861029478393786,-1.8067358714465716
-0.30572064556974077,-0.39117277380861126,0.5821161607675761,-2.8959265289991887,-0.29847923319164654,-1.806927267544017
-0.3056347629582011,-0.39085854408364534,0.5820162393889141,-2.8951203951647,-0.2983438927985443,-1.8071134657252805
-0.30554887364802963,-0.39054428050837864,0.5819168480857289,-2.894308064315744,-0.2982044297021544,-1.8072943989055468
-0.305463,-0.39023,0.581818,-2.89349,-0.298061,-1.80747
-0.3053771616615106,-0.38991571710065326,0.5817197031881401,-2.8926665974802916,-0.2979137611880988,-1.8076402666740612
-0.3052913674264604,-0.38960143685230425,0.5816219453642988,-2.891837978880031,-0.2977628763564464,-1.8078054555941037
-0.30520562337537344,-0.3892871619218738,0.5815247091570579,-2.891004198037776,-0.2976085099935327,-1.8079658881767373
-0.30511993558877365,-0.3889728949762832,0.5814279771950001,-2.890165308792085,-0.29745082658784794,-1.808121885838574
-0.30503431014718513,-0.3886586386824532,0.5813317321067083,-2.889321364981515,-0.29728999062788214,-1.808273769996223
-0.30494875313113184,-0.3883443957073051,0.5812359565207647,-2.888472420444625,-0.29712616660212526,-1.8084218620662957
-0.30486327062113777,-0.3880301687177598,0.5811406330657523,-2.887618529019972,-0.29695951899906753,-1.8085664834654023
-0.30477786869772694,-0.3877159603807385,0.5810457443702532,-2.8867597445461146,-0.2967902123071988,-1.8087079556101537
-0.3046925534414233,-0.38740177336316206,0.5809512730628505,-2.885896120861611,-0.2966184110150093,-1.80884659991716
-0.304607330932751,-0.38708761033195177,0.5808572017721264,-2.8850277118050185,-0.29644427961098907,-1.8089827378030323
-0.30452220725223383,-0.38677347395402845,0.5807635131266636,-2.8841545712148955,-0.29626798258362796,-1.8091166906843807
-0.3044371884803961,-0.3864593668963132,0.5806701897550446,-2.8832767529298002,-0.29608968442141637,-1.809248779977816
-0.3043522806977615,-0.38614529182572715,0.5805772142858522,-2.88239431078829,-0.2959095496128441,-1.8093793270999492
-0.3042674899848542,-0.38583125140919133,0.5804845693476689,-2.8815072986289234,-0.2957277426464013,-1.8095086534673903
-0.30418282242219813,-0.38551724831362666,0.580392237569077,-2.880615770290257,-0.29554442801057795,-1.8096370804967499
-0.3040982840903174,-0.3852032852059545,0.5803002015786594,-2.879719779610851,-0.2953597701938642,-1.8097649296046388
-0.30401388086403597,-0.3848893645663559,0.5802084438600299,-2.8788193790261727,-0.29517393309238,-1.809892522861506
-0.3039296062761803,-0.3845754776706449,0.5801169381986948,-2.8779145367863324,-0.2949870450600326,-1.8100202215680818
-0.30384543472948067,-0.3842615984278641,0.5800256448980918,-2.8770050906541345,-0.29479917936030026,-1.8101484478320362
-0.3037613389810674,-0.38394769925314093,0.5799345231019116,-2.8760908671676693,-0.2946104045176997,-1.810277628991743
-0.3036772917880712,-0.38363375256160226,0.5798435319538442,-2.8751716928650253,-0.2944207890567473,-1.8104081923855757
-0.3035932659076223,-0.3833197307683756,0.5797526305975799,-2.874247394284294,-0.29423040150195984,-1.8105405653519078
-0.3035092340968515,-0.383005606288588,0.5796617781768092,-2.873317797963564,-0.29403931037785375,-1.8106751752291133
-0.3034251691128892,-0.38269135153736666,0.5795709338352224,-2.8723827304409255,-0.29384758420894563,-1.8108124493555657
-0.3033410437128657,-0.38237693892983865,0.5794800567165098,-2.8714420182544687,-0.29365529151975206,-1.8109528150696388
-0.3032568306539118,-0.38206234088113145,0.5793891059643618,-2.870495487942283,-0.2934625008347897,-1.8110966997097064
-0.30317250269315776,-0.381747529806372,0.5792980407224685,-2.869542966042459,-0.293269280678575,-1.8112445306141423
-0.30308803258773426,-0.3814324781206876,0.5792068201345204,-2.8685842790930853,-0.29307569957562457,-1.8113967351213194
-0.3030033930947717,-0.38111715823920544,0.5791154033442077,-2.867619253632253,-0.29288182605045504,-1.8115537405696125
-0.30291855697140063,-0.3808015425770526,0.5790237494952211,-2.8666477161980515,-0.29268772862758297,-1.8117159742973947
-0.3028334969747516,-0.3804856035493565,0.5789318177312504,-2.8656694933285696,-0.29249347583152496,-1.8118838636430397
-0.302748185861955,-0.3801693135712441,0.5788395671959861,-2.864684411561899,-0.2922991361867975,-1.8120578359449213
-0.30266259639014137,-0.3798526450578427,0.5787469570331186,-2.8636922974361276,-0.29210477821791714,-1.8122383185414137
-0.3025767023028028,-0.3795355712796594,0.5786539479241638,-2.8626929959007543,-0.2919104588468785,-1.8124257140228166
-0.3024904888098859,-0.37921807545099256,0.5785605184278585,-2.8616865659378816,-0.29171610011635624,-1.8126201372830821
-0.30240394851904917,-0.37890014720149007,0.5784666586366305,-2.860673204615167,-0.29152153705010936,-1.8128215176056137
-0.3023170741612467,-0.3785817762677218,0.5783723588351362,-2.859653111301692,-0.2913266032215814,-1.8130297811803064
-0.30222985846743267,-0.37826295238625834,0.5782776093080314,-2.8586264853665404,-0.2911311322042161,-1.8132448541970547
-0.30214229416856075,-0.37794366529366946,0.5781824003399724,-2.857593526178795,-0.29093495757145704,-1.8134666628457528
-0.30205437399558516,-0.37762390472652557,0.5780867222156153,-2.8565544331075374,-0.2907379128967479,-1.8136951333162958
-0.30196609067945973,-0.3773036604213969,0.5779905652196166,-2.8555094055218504,-0.2905398317535322,-1.8139301917985782
-0.30187743695113856,-0.3769829221148535,0.5778939196366317,-2.854458642790817,-0.2903405477152537,-1.8141717644824944
-0.3017884055415756,-0.3766616795434656,0.5777967757513174,-2.8534023442835204,-0.29013989435535603,-1.814419777557939
-0.30169898918172483,-0.3763399224438034,0.5776991238483293,-2.8523407093690425,-0.28993770524728274,-1.8146741572148073
-0.3016091806025403,-0.376017640552437,0.5776009542123238,-2.851273937416466,-0.28973381396447756,-1.814934829642993
-0.30151897253497595,-0.37569482360593676,0.5775022571279571,-2.850202227794874,-0.2895280540803841,-1.8152017210323907
-0.3014283577099857,-0.37537146134087274,0.5774030228798853,-2.849125779873349,-0.2893202591684459,-1.8154747575728962
-0.30133732885852366,-0.3750475434938152,0.5773032417527645,-2.848044793020973,-0.28911026280210683,-1.815753865454403
-0.30124587871154374,-0.37472305980133414,0.5772029040312506,-2.8469594666068287,-0.2888978985548103,-1.816038970866806
-0.301154,-0.374398,0.577102,-2.84587,-0.288683,-1.81633
-0.3010616915168629,-0.37407236136071975,0.5770005255611734,-2.8447766216589843,-0.2884654318591639,-1.8166268412492383
-0.30096897630316954,-0.37374617129174864,0.5768984990869517,-2.843679676399946,-0.28824518344596645,-1.8169292318312096
-0.3008758834619733,-0.37341946473567855,0.5767959445670195,-2.8425795381284638,-0.2880222752221167,-1.8172368711679627
-0.30078244209632793,-0.3730922766351017,0.5766928859910619,-2.8414765807501183,-0.28779672764932346,-1.8175494586815444
-0.3006886813092868,-0.37276464193261005,0.5765893473487647,-2.840371178170488,-0.28756856118929564,-1.8178666937940027
-0.3005946302039035,-0.37243659557079584,0.5764853526298123,-2.8392637042951536,-0.28733779630374207,-1.818188275927386
-0.30050031788323156,-0.372108172492251,0.5763809258238904,-2.838154533029693,-0.28710445345437163,-1.818513904503742
-0.3004057734503246,-0.3717794076395676,0.5762760909206839,-2.837044038279688,-0.2868685531028933,-1.8188432789451183
-0.3003110260082361,-0.37145033595533783,0.5761708719098783,-2.8359325939507163,-0.2866301157110157,-1.8191760986735626
-0.3002161046600197,-0.3711209923821536,0.5760652927811583,-2.834820573948359,-0.286389161740448,-1.819512063111123
-0.3001210385087288,-0.37079141186260706,0.5759593775242093,-2.8337083521781943,-0.28614571165289887,-1.8198508716798476
-0.30002585665741704,-0.3704616293392904,0.5758531501287165,-2.8325963025458027,-0.2858997859100773,-1.8201922238017836
-0.2999305882091379,-0.37013167975479544,0.5757466345843651,-2.831484798956763,-0.28565140497369207,-1.8205358188989795
-0.299835262266945,-0.36980159805171453,0.5756398548808401,-2.830374215316656,-0.2854005893054522,-1.8208813563934825
-0.2997399079338918,-0.36947141917263937,0.5755328350078267,-2.8292649255310596,-0.28514735936706637,-1.821228535707341
-0.299644554313032,-0.36914117806016244,0.5754255989550103,-2.8281573035055554,-0.28489173562024367,-1.8215770562626024
-0.29954923032604724,-0.36881090957775503,0.5753181705996245,-2.827051721974752,-0.2846337370184829,-1.8219266179340305
-0.29945395401231506,-0.3684806438416552,0.5752105670718365,-2.8259484834151203,-0.2843732920226953,-1.822276947759301
-0.2993587265436411,-0.36815040360988877,0.5751027950438579,-2.824847781403011,-0.28411018883027983,-1.8226278148786061
-0.2992635476408574,-0.36782021100751755,0.5749948602882925,-2.8237498001470236,-0.2838442035729577,-1.8229789920538606
-0.29916841702479563,-0.3674900881596028,0.5748867685777429,-2.8226547238557558,-0.2835751123824494,-1.8233302520469779
-0.2990733344162877,-0.36716005719120637,0.5747785256848129,-2.8215627367378087,-0.28330269139047615,-1.823681367619872
-0.2989782995361653,-0.3668301402273895,0.5746701373821054,-2.820474023001779,-0.2830267167287585,-1.8240321115344569
-0.2988833121052605,-0.36650035939321385,0.5745616094422237,-2.8193887668562674,-0.28274696452901765,-1.8243822565526469
-0.29878837184440493,-0.3661707368137409,0.574452947637771,-2.818307152509873,-0.2824632109229741,-1.8247315754363556
-0.29869347847443056,-0.36584129461403225,0.5743441577413504,-2.8172293641711934,-0.28217523204234907,-1.8250798409474975
-0.2985986317161691,-0.3655120549191493,0.5742352455255653,-2.816155586048829,-0.28188280401886306,-1.8254268258479862
-0.2985038312904525,-0.3651830398541539,0.5741262167630187,-2.815086002351378,-0.2815857029842373,-1.825772302899736
-0.29840907691811247,-0.3648542715441071,0.574017077226314,-2.8140207972874403,-0.2812837050701923,-1.826116044864661
-0.298314368319981,-0.36452577211407083,0.5739078326880543,-2.812960155065614,-0.2809765864084493,-1.8264578245046745
-0.29821970521688973,-0.36419756368910644,0.5737984889208431,-2.8119042598944985,-0.2806641231307288,-1.8267974145816916
-0.29812508732967063,-0.3638696683942755,0.5736890516972831,-2.810853295982693,-0.2803460913687519,-1.827134587857625
-0.2980305143791555,-0.3635421083546396,0.5735795267899779,-2.809807447538796,-0.2800222672542394,-1.8274691170943902
-0.29793598465391874,-0.3632149038187218,0.5734699194095206,-2.8087668853833296,-0.2796924408645757,-1.827800791605425
-0.29784147979254233,-0.36288805322028844,0.5733602282331393,-2.8077316247004105,-0.27935656439548395,-1.8281295931156476
-0.29774697069167744,-0.36256154091906834,0.5732504477229865,-2.8067015802635717,-0.2790146946351638,-1.8284556274864134
-0.2976524280689434,-0.3622353510402234,0.573140572270965,-2.80567666517284,-0.27866689011502305,-1.8287790026480186
-0.29755782264195907,-0.36190946770891547,0.5730305962689761,-2.8046567925282377,-0.27831320936646925,-1.8290998265307592
-0.2974631251283439,-0.36158387505030637,0.5729205141089224,-2.8036418754297903,-0.27795371092091015,-1.8294182070649316
-0.2973683062457168,-0.3612585571895577,0.5728103201827054,-2.8026318269775206,-0.27758845330975335,-1.8297342521808315
-0.297273336711697,-0.3609334982518315,0.5727000088822274,-2.8016265602714547,-0.2772174950644066,-1.8300480698087551
-0.29717818724390344,-0.36060868236228943,0.5725895745993901,-2.800625988411616,-0.2768408947162774,-1.8303597678789991
-0.2970828285599555,-0.36028409364609343,0.5724790117260957,-2.799630024498028,-0.27645871079677364,-1.830669454321859
-0.29698723137747207,-0.35995971622840517,0.572368314654246,-2.798638581630716,-0.2760710018373028,-1.830977237067631
-0.29689136641407243,-0.3596355342343865,0.572257477775743,-2.7976515729097047,-0.2756778263692727,-1.8312832240466108
-0.2967952043873757,-0.35931153178919917,0.572146495482489,-2.7966689114350176,-0.2752792429240908,-1.8315875231890952
-0.296698716015001,-0.3589876930180051,0.5720353621663856,-2.7956905103066796,-0.27487531003316495,-1.8318902424253805
-0.29660187201456734,-0.358664002045966,0.5719240722193352,-2.794716282624714,-0.27446608622790275,-1.832191489685762
-0.29650464310369395,-0.35834044299824375,0.5718126200332392,-2.7937461414891462,-0.2740516300397119,-1.8324913729005365
-0.296407,-0.358017,0.571701,-2.79278,-0.273632,-1.83279
-0.29630891540561666,-0.3576936593739183,0.571589210438834,-2.791817791372513,-0.27320729091138163,-1.833087439805549
-0.29621036996072336,-0.3573704162327682,0.5714772653782155,-2.7908595292827756,-0.2727777426612983,-1.8333836047029846
-0.2961113462900119,-0.35704726788684116,0.5713651827739336,-2.7899052475220922,-0.2723436314083986,-1.8336783679692084
-0.296011827018174,-0.35672421164642815,0.5712529805817766,-2.7889549798817654,-0.27190523331133093,-1.8339716028811215
-0.2959117947699013,-0.3564012448218206,0.5711406767575339,-2.7880087601531,-0.2714628245287439,-1.834263182715626
-0.29581123216988536,-0.3560783647233098,0.5710282892569941,-2.787066622127399,-0.2710166812192858,-1.8345529807496228
-0.29571012184281803,-0.3557555686611869,0.5709158360359462,-2.786128599595967,-0.27056707954160525,-1.8348408702600136
-0.2956084464133907,-0.3554328539457432,0.570803335050179,-2.785194726350107,-0.2701142956543505,-1.8351267245237002
-0.2955061885062953,-0.35511021788727004,0.5706908042554814,-2.7842650361811225,-0.2696586057161703,-1.8354104168175842
-0.29540333074622327,-0.3547876577960585,0.5705782616076419,-2.7833395628803186,-0.26920028588571293,-1.8356918204185668
-0.29529985575786655,-0.3544651709824,0.5704657250624499,-2.782418340238998,-0.26873961232162696,-1.8359708086035496
-0.2951957461659165,-0.35414275475658563,0.570353212575694,-2.7815014020484643,-0.2682768611825607,-1.8362472546494342
-0.295090984595065,-0.3538204064289069,0.570240742103163,-2.780588782100022,-0.26781230862716293,-1.8365210318331222
-0.2949855536700037,-0.3534981233096548,0.5701283316006458,-2.779680514184974,-0.2673462308140817,-1.836792013431515
-0.29487943601542405,-0.3531759027091208,0.5700159990239313,-2.778776632094625,-0.26687890390196595,-1.837060072721514
-0.294772614256018,-0.3528537419375959,0.5699037623288082,-2.7778771696202775,-0.26641060404946365,-1.837325082980021
-0.29466507133350744,-0.3525316385103802,0.5697916395514926,-2.776982160766715,-0.26594160860250365,-1.8375869176889077
-0.29455680921143756,-0.35220960224328507,0.5696796535538124,-2.7760916523474055,-0.2654722661438104,-1.837845462628267
-0.29444785933717965,-0.35188766201791555,0.5695678346772951,-2.7752057110292867,-0.26500303567314293,-1.8381006226404335
-0.29433825569434774,-0.3515658483559448,0.5694562139068837,-2.7743244051871168,-0.2645343856884997,-1.8383523042075054
-0.2942280322665562,-0.3512441917790459,0.5693448222275205,-2.7734478031956575,-0.2640667846878791,-1.8386004138115801
-0.2941172230374191,-0.35092272280889214,0.5692336906241481,-2.772575973429671,-0.2636007011692795,-1.838844857934756
-0.2940058619905508,-0.3506014719671567,0.5691228500817093,-2.7717089842639155,-0.26313660363069974,-1.8390855430591302
-0.2938939831095654,-0.3502804697755126,0.5690123315851463,-2.7708469040731534,-0.26267496057013784,-1.8393223756668007
-0.2937816203780772,-0.3499597467556331,0.568902166119402,-2.769989801232145,-0.26221624048559244,-1.8395552622398654
-0.2936688077797003,-0.34963933342919135,0.5687923846694191,-2.76913774411565,-0.2617609118750619,-1.8397841092604221
-0.29355557929804904,-0.3493192603178606,0.5686830182201398,-2.768290801098431,-0.2613094432365449,-1.8400088232105682
-0.2934419689167376,-0.3489995579433139,0.568574097756507,-2.767449040555247,-0.26086230306803965,-1.8402293105724017
-0.29332801061938024,-0.3486802568272246,0.5684656542634632,-2.7666125308608596,-0.2604199598675448,-1.8404454778280208
-0.29321373838959097,-0.34836138749126555,0.568357718725951,-2.765781340390028,-0.2599828821330586,-1.8406572314595222
-0.2930991862109843,-0.34804298045711024,0.5682503221289129,-2.764955537517516,-0.2595515383625797,-1.8408644779490049
-0.29298438806717425,-0.3477250662464317,0.5681434954572916,-2.7641351906180804,-0.2591263970541064,-1.8410671237785659
-0.2928693779417751,-0.34740767538090306,0.5680372696960297,-2.763320368066485,-0.25870792670563725,-1.841265075430303
-0.29275418830142513,-0.34709083699480703,0.5679316736927611,-2.762511129926126,-0.25829656608318835,-1.841458249535085
-0.2926388339779173,-0.34677456409401225,0.5678267114489053,-2.7617074396408015,-0.25789240831848226,-1.841646680703242
-0.292523318425725,-0.34645885927895825,0.5677223709360673,-2.760909198319087,-0.25749532355337434,-1.8418304796608842
-0.29240764490969995,-0.34614372497666135,0.5676186398586873,-2.760116306030635,-0.2571051782132225,-1.8420097584027197
-0.2922918166946934,-0.3458291636141375,0.5675155059212065,-2.7593286628450984,-0.25672183872338417,-1.8421846289234554
-0.2921758370455569,-0.34551517761840284,0.5674129568280651,-2.7585461688321318,-0.2563451715092174,-1.8423552032177988
-0.2920597092271419,-0.34520176941647335,0.5673109802837045,-2.7577687240613886,-0.2559750429960796,-1.8425215932804575
-0.2919434365043,-0.3448889414353652,0.5672095639925653,-2.7569962286025222,-0.2556113196093287,-1.8426839111061388
-0.2918270221418825,-0.3445766961020943,0.5671086956590881,-2.7562285825251855,-0.25525386777432224,-1.8428422686895496
-0.29171046940474094,-0.34426503584367685,0.567008362987714,-2.7554656858990327,-0.25490255391641814,-1.842996778025398
-0.29159378155772675,-0.34395396308712894,0.5669085536828832,-2.7547074387937167,-0.25455724446097394,-1.8431475511083908
-0.29147696186569155,-0.34364348025946656,0.5668092554490372,-2.753953741278892,-0.25421780583334747,-1.8432946999332358
-0.2913600135934866,-0.34333358978770573,0.5667104559906161,-2.753204493424211,-0.25388410445889625,-1.8434383364946403
-0.29124294000596357,-0.34302429409886265,0.5666121430120613,-2.752459595299328,-0.2535560067629783,-1.8435785727873115
-0.2911257443679737,-0.3427155956199533,0.5665143042178129,-2.7517189469738965,-0.25323337917095107,-1.843715520805957
-0.2910084299443688,-0.34240749677799376,0.5664169273123123,-2.7509824485175693,-0.25291608810817245,-1.843849292545284
-0.290891,-0.3421,0.56632,-2.75025,-0.252604,-1.84398
-0.29077345827107376,-0.3417931068675294,0.566223511179459,-2.749521517210338,-0.25229697864499373,-1.8441077487022064
-0.29065581037921506,-0.3414868155803032,0.5661274545258416,-2.748796978815713,-0.2519948773345221,-1.844232618333582
-0.29053806241740393,-0.34118112349258417,0.5660318249084416,-2.7480763792027503,-0.25169754673315586,-1.844354682113199
-0.29042022047862015,-0.34087602795863475,0.5659366171965539,-2.7473597127580756,-0.25140483750546555,-1.844474013260131
-0.2903022906558437,-0.34057152633271753,0.5658418262594723,-2.7466469738683132,-0.25111660031602195,-1.8445906849934497
-0.2901842790420544,-0.340267615969095,0.5657474469664915,-2.745938156920089,-0.25083268582939583,-1.8447047705322284
-0.29006619173023224,-0.33996429422202995,0.5656534741869054,-2.7452332563000286,-0.2505529447101578,-1.8448163430955398
-0.289948034813357,-0.33966155844578466,0.5655599027900085,-2.744532266394757,-0.25027722762287846,-1.8449254759024563
-0.28982981438440863,-0.33935940599462205,0.5654667276450952,-2.7438351815908986,-0.2500053852321287,-1.8450322421720506
-0.28971153653636705,-0.3390578342228043,0.5653739436214597,-2.7431419962750803,-0.249737268202479,-1.8451367151233955
-0.2895932073622121,-0.33875684048459426,0.5652815455883962,-2.7424527048339264,-0.2494727271985002,-1.845238967975564
-0.28947483295492366,-0.33845642213425436,0.5651895284151991,-2.741767301654062,-0.24921161288476285,-1.8453390739476285
-0.28935641940748164,-0.33815657652604725,0.5650978869711629,-2.741085781122113,-0.2489537759258378,-1.8454371062586619
-0.289237972812866,-0.3378573010142354,0.5650066161255815,-2.7404081376247045,-0.24869906698629557,-1.8455331381277364
-0.28911949926405656,-0.3375585929530815,0.5649157107477495,-2.739734365548462,-0.24844733673070699,-1.8456272427739255
-0.2890010048540332,-0.33726044969684793,0.5648251657069611,-2.7390644592800095,-0.24819843582364262,-1.8457194934163013
-0.2888824956355675,-0.33696286849847445,0.564734975946764,-2.7383984143960807,-0.24795221404332632,-1.845809962242763
-0.28876397524893077,-0.3366658405315194,0.5646451408659243,-2.7377362978797835,-0.24770846798716264,-1.8458986595708142
-0.28864544359501854,-0.33636934754650066,0.5645556667687945,-2.737078287394113,-0.24746691182228725,-1.8459854998188425
-0.2885269002530597,-0.3360733704833518,0.564466560553757,-2.7364245701229146,-0.24722725262505937,-1.8460703891558496
-0.2884083448022834,-0.33577789028200666,0.5643778291191938,-2.7357753332500345,-0.2469891974718388,-1.8461532337508375
-0.2882897768219185,-0.3354828878823987,0.5642894793634866,-2.735130763959317,-0.24675245343898494,-1.8462339397728078
-0.28817119589119394,-0.33518834422446175,0.5642015181850175,-2.734491049434608,-0.2465167276028574,-1.8463124133907627
-0.28805260158933876,-0.3348942402481293,0.5641139524821689,-2.7338563768597526,-0.2462817270398156,-1.8463885607737036
-0.2879339934955818,-0.33460055689333523,0.5640267891533225,-2.7332269334185963,-0.24604715882621922,-1.8464622880906325
-0.2878153711891521,-0.3343072751000131,0.5639400350968604,-2.7326029062949844,-0.24581273003842766,-1.846533501510551
-0.2876967342492787,-0.33401437580809656,0.5638536972111647,-2.7319844826727624,-0.24557814775280057,-1.8466021072024614
-0.2875780822551904,-0.33372183995751925,0.5637677823946173,-2.7313718497357753,-0.24534311904569742,-1.8466680113353653
-0.28745941478611614,-0.33342964848821505,0.5636822975456004,-2.7307651946678693,-0.2451073509934778,-1.8467311200782643
-0.287340731421285,-0.3331377823401173,0.5635972495624957,-2.7301647046528883,-0.24487055067250116,-1.8467913396001603
-0.28722203173992594,-0.33284622245315987,0.5635126453436857,-2.729570566874679,-0.24463242515912714,-1.8468485760700548
-0.28710331532126787,-0.33255494976727634,0.5634284917875519,-2.728982968517086,-0.2443926815297152,-1.8469027356569503
-0.2869845817445397,-0.3322639452224005,0.5633447957924768,-2.7284020967639555,-0.2441510268606249,-1.846953724529848
-0.28686583032797663,-0.3319731897953087,0.5632615644709061,-2.727828137018102,-0.2439071798336296,-1.8470014492101412
-0.2867470573557607,-0.33168266489107684,0.5631788074237798,-2.727261253977871,-0.24366099404343963,-1.847045820315768
-0.28662825715462054,-0.33139235219110186,0.5630965358575172,-2.7267015989838845,-0.2434124101253692,-1.8470867511076
-0.2865094240186603,-0.33110223338138695,0.5630147610052962,-2.726149323154136,-0.24316137016540967,-1.8471241548905568
-0.2863905522419843,-0.33081229014793456,0.5629334941002941,-2.7256045776066187,-0.24290781624955202,-1.8471579449695588
-0.2862716361186969,-0.33052250417674767,0.5628527463756887,-2.7250675134593254,-0.2426516904637876,-1.8471880346495255
-0.2861526699429021,-0.3302328571538288,0.5627725290646575,-2.7245382818302506,-0.24239293489410738,-1.847214337235378
-0.28603364800870457,-0.32994333076518106,0.5626928534003782,-2.7240170338373866,-0.24213149162650274,-1.8472367660320352
-0.28591456461020825,-0.3296539066968069,0.5626137306160282,-2.7235039205987266,-0.24186730274696464,-1.8472552343444182
-0.28579541404151765,-0.32936456663470937,0.5625351719447854,-2.7229990932322643,-0.24160031034148446,-1.8472696554774464
-0.2856761905967368,-0.3290752922648909,0.5624571886198272,-2.722502702855993,-0.2413304564960532,-1.8472799427360402
-0.28555688856997036,-0.3287860652733546,0.5623797918743312,-2.722014900587906,-0.24105768329666216,-1.8472860094251193
-0.2854375022553222,-0.32849686734610295,0.5623029929414748,-2.7215358375459964,-0.24078193282930235,-1.847287768849604
-0.2853180259468969,-0.32820768016913904,0.5622268030544361,-2.721065664848258,-0.24050314717996513,-1.8472851343144145
-0.28519845393879856,-0.32791848542846525,0.5621512334463922,-2.720604533612683,-0.24022126843464148,-1.8472780191244706
-0.2850787805251315,-0.3276292648100847,0.562076295350521,-2.7201525949572662,-0.23993623867932273,-1.8472663365846924
-0.284959,-0.32733999999999996,0.562002,-2.71971,-0.23964799999999994,-1.84725
-0.28483911213055,-0.32705067924255593,0.561928360861295,-2.719276880969909,-0.23935657925294515,-1.847228947919713
-0.2847191385760937,-0.3267613170154658,0.5618554003340256,-2.7188532945401436,-0.2390623423755532,-1.8472032198707502
-0.2845991064689852,-0.32647193435478483,0.5617831430510991,-2.718439278494885,-0.23876574007550008,-1.8471728806244287
-0.2844790429415782,-0.3261825522965682,0.561711613645423,-2.718034870618315,-0.23846722306046145,-1.8471379949520674
-0.28435897512622693,-0.3258931918768713,0.5616408367499053,-2.7176401086946145,-0.23816724203811324,-1.8470986276249834
-0.2842389301552851,-0.32560387413174935,0.561570836997453,-2.7172550305079657,-0.23786624771613105,-1.847054843414495
-0.28411893516110676,-0.3253146200972576,0.5615016390209744,-2.7168796738425494,-0.2375646908021908,-1.8470067070919205
-0.28399901727604576,-0.32502545080945133,0.5614332674533765,-2.716514076482547,-0.23726302200396823,-1.8469542834285773
-0.2838792036324561,-0.3247363873043857,0.5613657469275672,-2.716158276212141,-0.23696169202913908,-1.8468976371957833
-0.28375952136269167,-0.3244474506181161,0.561299102076454,-2.715812310815511,-0.23666115158537926,-1.8468368331648568
-0.2836399975991064,-0.3241586617866978,0.5612333575329446,-2.7154762180768404,-0.23636185138036447,-1.8467719361071155
-0.28352065947405425,-0.32387004184618595,0.5611685379299465,-2.715150035780309,-0.23606424212177055,-1.846703010793878
-0.2834015341198891,-0.32358161183263595,0.5611046679003671,-2.7148338017100997,-0.2357687745172732,-1.8466301219964614
-0.283282648668965,-0.32329339278210295,0.5610417720771143,-2.714527553650392,-0.23547589927454834,-1.8465533344861842
-0.28316403025363585,-0.32300540573064224,0.5609798750930954,-2.71423132938537,-0.23518606710127163,-1.846472713034364
-0.28304570600625545,-0.3227176717143091,0.5609190015812184,-2.7139451666992134,-0.23489972870511897,-1.846388322412319
-0.282927702912981,-0.32243021170494723,0.560859175992775,-2.713669101837098,-0.23461733332852922,-1.846300228087407
-0.2828100391881647,-0.3221430428217043,0.5608004118821257,-2.7134030787038665,-0.2343392422997302,-1.8462085372893902
-0.2826927194498604,-0.3218561762120492,0.5607427059133868,-2.713146898076845,-0.2340656806799223,-1.8461134219797555
-0.28257574714654826,-0.32156962250975824,0.5606860532977501,-2.7129003484213134,-0.23379686180841144,-1.8460150596883116
-0.28245912572670806,-0.3212833923486076,0.5606304492464083,-2.712663218202553,-0.23353299902450306,-1.8459136279448667
-0.2823428586388199,-0.3209974963623734,0.5605758889705525,-2.712435295885845,-0.23327430566750296,-1.8458093042792285
-0.2822269493313637,-0.3207119451848318,0.5605223676813755,-2.7122163699364696,-0.23302099507671672,-1.8457022662212055
-0.2821114012528195,-0.3204267494497591,0.5604698805900689,-2.7120062288197087,-0.23277328059145014,-1.8455926913006058
-0.2819962178516674,-0.32014191979093126,0.5604184229078252,-2.711804661000842,-0.23253137555100875,-1.8454807570472376
-0.2818814025763872,-0.31985746684212474,0.5603679898458358,-2.711611454945151,-0.23229549329469842,-1.845366640990909
-0.281766958875459,-0.3195734012371154,0.5603185766152932,-2.7114263991179173,-0.23206584716182463,-1.845250520661428
-0.2816528901973628,-0.3192897336096798,0.5602701784273892,-2.7112492819844207,-0.23184265049169317,-1.8451325735886028
-0.2815391999905784,-0.3190064745935938,0.5602227904933161,-2.711079892009943,-0.23162611662360966,-1.8450129773022415
-0.28142589170358606,-0.3187236348226338,0.5601764080242658,-2.7109180176597643,-0.23141645889687984,-1.8448919093321525
-0.28131296878486556,-0.3184412249305758,0.5601310262314303,-2.710763447399166,-0.23121389065080933,-1.8447695472081438
-0.28120043468289707,-0.3181592555511961,0.5600866403260018,-2.710615969693429,-0.23101862522470382,-1.8446460684600237
-0.2810882928461604,-0.31787773731827085,0.560043245519172,-2.710475373007834,-0.23083087595786897,-1.8445216506175997
-0.2809765458117899,-0.3175966805931349,0.5600008357721151,-2.710341448172572,-0.2306508334800696,-1.8443964587375765
-0.2808651855225236,-0.3173160925699931,0.5599593905145437,-2.710214013509903,-0.2304784244226568,-1.8442705128768224
-0.28075419708600613,-0.31703597839974085,0.5599188798010344,-2.710092905078909,-0.2303134050954248,-1.8441437395439249
-0.28064356549596353,-0.31675634319921786,0.5598792735299114,-2.7099779592342848,-0.23015552896947503,-1.8440160636883334
-0.2805332757461219,-0.31647719208526426,0.5598405415994989,-2.7098690123307256,-0.2300045495159091,-1.8438874102594975
-0.2804233128302073,-0.3161985301747201,0.5598026539081213,-2.709765900722926,-0.22986022020582836,-1.8437577042068662
-0.2803136617419459,-0.31592036258442546,0.5597655803541026,-2.7096684607655805,-0.22972229451033446,-1.8436268704798895
-0.28020430747506375,-0.31564269443122017,0.5597292908357673,-2.7095765288133844,-0.22959052590052884,-1.8434948340280168
-0.280095235023287,-0.3153655308319443,0.5596937552514396,-2.7094899412210323,-0.22946466784751302,-1.8433615198006976
-0.2799864293803418,-0.315088876903438,0.5596589434994437,-2.7094085343432197,-0.2293444738223885,-1.843226852747381
-0.2798778755399541,-0.31481273776254115,0.5596248254781039,-2.709332144534641,-0.2292296972962568,-1.8430907578175166
-0.27976955849585017,-0.3145371185260938,0.5595913710857443,-2.7092606081499917,-0.22912009174021944,-1.8429531599605542
-0.27966146324175606,-0.3142620243109359,0.5595585502206893,-2.709193761543966,-0.2290154106253779,-1.8428139841259428
-0.27955357477139786,-0.3139874602339076,0.5595263327812631,-2.7091314410712592,-0.22891540742283364,-1.8426731552631324
-0.27944587807850174,-0.3137134314118488,0.55949468866579,-2.709073483086566,-0.22881983560368827,-1.8425305983215723
-0.27933835815679375,-0.3134399429615996,0.5594635877725941,-2.709019723944581,-0.2287284486390432,-1.8423862382507117
-0.279231,-0.313167,0.559433,-2.70897,-0.228641,-1.84224
-0.2791237914603282,-0.31289460679156045,0.5594028969371959,-2.708924185314391,-0.22855724456185794,-1.8420917766727112
-0.2790167318239123,-0.3126227641914744,0.5593732569368288,-2.7088823047768207,-0.22847694281670758,-1.841941333987415
-0.278909823235368,-0.3123514722026054,0.5593440600424093,-2.708844420983227,-0.22839985666083712,-1.8417884058165053
-0.2788030678393108,-0.31208073082781734,0.5593152862974485,-2.7088105965295504,-0.22832574799053493,-1.8416327260323762
-0.2786964677803561,-0.3118105400699738,0.5592869157454574,-2.70878089401173,-0.22825437870208928,-1.8414740285074216
-0.2785900252031198,-0.31154089993193873,0.559258928429947,-2.7087553760257057,-0.22818551069178852,-1.8413120471140354
-0.27848374225221734,-0.3112718104165758,0.559231304394428,-2.708734105167416,-0.22811890585592084,-1.8411465157246114
-0.2783776210722642,-0.31100327152674884,0.5592040236824115,-2.7087171440328017,-0.22805432609077467,-1.8409771682115441
-0.27827166380787616,-0.3107352832653215,0.5591770663374085,-2.708704555217801,-0.2279915332926382,-1.8408037384472273
-0.27816587260366854,-0.3104678456351577,0.55915041240293,-2.708696401318355,-0.22793028935779977,-1.8406259603040547
-0.2780602496042571,-0.31020095863912106,0.5591240419224868,-2.708692744930402,-0.22787035618254767,-1.8404435676544202
-0.27795479695425757,-0.3099346222800756,0.55909793493959,-2.708693648649881,-0.22781149566317024,-1.8402562943707186
-0.2778495167982851,-0.30966883656088473,0.5590720714977505,-2.7086991750727325,-0.22775346969595572,-1.8400638743253428
-0.27774441128095556,-0.3094036014844124,0.5590464316404792,-2.7087093867948964,-0.22769604017719247,-1.8398660413906873
-0.27763948254688453,-0.30913891705352237,0.5590209954112871,-2.7087243464123105,-0.22763896900316868,-1.839662529439146
-0.27753473274068746,-0.3088747832710784,0.5589957428536853,-2.7087441165209154,-0.2275820180701728,-1.839453072343113
-0.2774301639534195,-0.3086112000122704,0.5589706540209384,-2.708768759514833,-0.2275249492251563,-1.8392374056920722
-0.2773257750625046,-0.3083481594918592,0.5589457095515411,-2.708798325679152,-0.22746752135486975,-1.8390153681009076
-0.2772215599642385,-0.3080856420509402,0.558920890991095,-2.708832846529957,-0.22740948875775197,-1.8387869578738743
-0.2771175121264327,-0.3078236270092183,0.5588961799632316,-2.708872351968795,-0.22735060533754814,-1.8385521870519466
-0.2770136250168988,-0.30756209368639853,0.5588715580915833,-2.7089168718972134,-0.2272906249980037,-1.838311067676099
-0.27690989210344846,-0.30730102140218574,0.5588470069997815,-2.7089664362167594,-0.22722930164286387,-1.8380636117873064
-0.2768063068538932,-0.3070403894762849,0.5588225083114585,-2.70902107482898,-0.22716638917587398,-1.8378098314265434
-0.27670286273604455,-0.30678017722840095,0.5587980436502462,-2.7090808176354226,-0.22710164150077936,-1.8375497386347845
-0.2765995532177142,-0.30652036397823884,0.5587735946397764,-2.7091456945376335,-0.2270348125213252,-1.8372833454530044
-0.2764963717667137,-0.3062609290455034,0.5587491429036808,-2.709215735437161,-0.2269656561412569,-1.837010663922178
-0.2763933118508546,-0.30600185174989963,0.5587246700655918,-2.7092909702355517,-0.22689392626431976,-1.8367317060832795
-0.2762903669379485,-0.3057431114111324,0.558700157749141,-2.709371428834353,-0.22681937679425904,-1.836446483977284
-0.2761875304958069,-0.3054846873489067,0.5586755875779604,-2.709457141135112,-0.22674176163482004,-1.8361550096451658
-0.27608479599224156,-0.30522655888292743,0.5586509411756819,-2.7095481370393757,-0.2266608346897481,-1.8358572951278993
-0.2759821568950639,-0.3049687053328995,0.5586262001659376,-2.7096444464486917,-0.2265763498627885,-1.8355533524664596
-0.2758796066720855,-0.30471110601852786,0.5586013461723591,-2.7097460992646063,-0.2264880610576865,-1.8352431937018212
-0.27577713879111804,-0.3044537402595174,0.5585763608185785,-2.7098531253886673,-0.2263957221781875,-1.834926830874959
-0.27567474637095224,-0.30419658640167746,0.5585512267711082,-2.709965549368167,-0.22629910153875205,-1.8346042925958708
-0.2755724184730104,-0.3039396114692793,0.558525938819946,-2.710083333507175,-0.22619813497840632,-1.834275800089458
-0.2754701415410585,-0.3036827751823765,0.5585004995766932,-2.710206399952844,-0.22609286641654144,-1.8339416988482995
-0.2753679019752345,-0.30342603713928545,0.5584749117833113,-2.710334670183048,-0.2259833415738879,-1.833602336436103
-0.27526568617567654,-0.3031693569383229,0.5584491781817613,-2.7104680656756583,-0.2258696061711762,-1.8332580604165762
-0.2751634805425227,-0.30291269417780514,0.5584233015140048,-2.710606507908546,-0.22575170592913685,-1.8329092183534266
-0.27506127147591114,-0.3026560084560489,0.5583972845220032,-2.710749918359584,-0.22562968656850033,-1.8325561578103613
-0.2749590453759798,-0.3023992593713706,0.5583711299477176,-2.710898218506643,-0.22550359380999707,-1.8321992263510878
-0.27485678864286706,-0.3021424065220867,0.5583448405331097,-2.711051329827596,-0.2253734733743577,-1.8318387715393138
-0.27475448767671073,-0.3018854095065139,0.5583184190201406,-2.7112091738003135,-0.22523937098231261,-1.8314751409387469
-0.27465212887764906,-0.3016282279229685,0.5582918681507718,-2.7113716719026684,-0.22510133235459237,-1.8311086821130942
-0.2745496986458201,-0.30137082136976723,0.5582651906669646,-2.7115387456125317,-0.22495940321192745,-1.8307397426260636
-0.2744471833813621,-0.30111314944522655,0.5582383893106801,-2.7117103164077765,-0.22481362927504833,-1.8303686700413622
-0.2743445694844129,-0.3008551717476629,0.5582114668238802,-2.7118863057662743,-0.22466405626468552,-1.8299958119226976
-0.27424184335511076,-0.3005968478753929,0.558184425948526,-2.712066635165896,-0.22451072990156956,-1.8296215158337776
-0.27413899139359377,-0.30033813742673315,0.5581572694265788,-2.712251226084514,-0.22435369590643087,-1.8292461293383093
-0.274036,-0.300079,0.55813,-2.71244,-0.224193,-1.82887
-0.27393286108438386,-0.2998194063882954,0.5581026244285111,-2.7126328891617417,-0.2240287245144411,-1.8284934126993055
-0.2738295885964651,-0.299559372163863,0.5580751655428747,-2.7128298689051893,-0.2238610982276533,-1.8281164015836735
-0.27372620199587977,-0.2992989240937318,0.5580476501916133,-2.7130309253373075,-0.2236903865289691,-1.827738938117299
-0.27362272074226374,-0.2990380889449307,0.5580201052232495,-2.7132360445650625,-0.22351685480772143,-1.8273609937643773
-0.27351916429525314,-0.29877689348448866,0.5579925574863063,-2.7134452126954187,-0.22334076845324283,-1.8269825399891044
-0.27341555211448404,-0.2985153644794347,0.5579650338293058,-2.7136584158353423,-0.22316239285486614,-1.8266035482556755
-0.27331190365959235,-0.2982535286967978,0.557937561100771,-2.713875640091799,-0.22298199340192396,-1.826223990028286
-0.27320823839021413,-0.2979914129036069,0.5579101661492247,-2.714096871571753,-0.22279983548374907,-1.8258438367711314
-0.27310457576598535,-0.297729043866891,0.5578828758231891,-2.7143220963821713,-0.2226161844896741,-1.8254630599484072
-0.2730009352465422,-0.297466448353679,0.5578557169711871,-2.7145513006300184,-0.22243130580903184,-1.8250816310243088
-0.2728973362915205,-0.29720365313099995,0.5578287164417414,-2.7147844704222597,-0.22224546483115498,-1.8246995214630317
-0.2727937983605564,-0.2969406849658829,0.5578019010833744,-2.7150215918658605,-0.2220589269453762,-1.824316702728771
-0.27269034091328587,-0.2966775706253566,0.557775297744609,-2.7152626510677864,-0.2218719575410282,-1.8239331462857225
-0.27258698340934495,-0.2964143368764502,0.5577489332739678,-2.715507634135004,-0.22168482200744377,-1.8235488235980817
-0.27248374530836955,-0.29615101048619263,0.5577228345199734,-2.715756527174477,-0.2214977857339555,-1.8231637061300439
-0.27238064606999585,-0.2958876182216129,0.5576970283311483,-2.7160093162931718,-0.2213111141098962,-1.8227777653458046
-0.27227770510920346,-0.2956241869529901,0.5576715414064317,-2.7162659865915555,-0.22112507225134295,-1.8223909728848386
-0.27217493916159524,-0.2953607497456179,0.5576463914697344,-2.716526462780206,-0.22093990887904197,-1.8220033109034055
-0.27207236080973896,-0.2950973492670618,0.5576215823336752,-2.7167905759653768,-0.22075584730097592,-1.8216147778587772
-0.2719699822789526,-0.2948340290108896,0.557597116614202,-2.7170581492013324,-0.22057310863908358,-1.8212253736104649
-0.27186781579455405,-0.2945708324706687,0.5575729969272627,-2.7173290055423402,-0.22039191401530356,-1.8208350980179793
-0.271765873581861,-0.29430780313996674,0.5575492258888056,-2.7176029680426663,-0.22021248455157455,-1.820443950940831
-0.27166416786619135,-0.2940449845123513,0.5575258061147788,-2.7178798597565774,-0.2200350413698352,-1.8200519322385307
-0.27156271087286293,-0.29378242008138994,0.55750274022113,-2.71815950373834,-0.21985980559202425,-1.8196590417705893
-0.2714615148271934,-0.2935201533406503,0.5574800308238076,-2.71844172304222,-0.2196869983400803,-1.8192652793965176
-0.27136059195450074,-0.2932582277837,0.5574576805387595,-2.718726340722484,-0.21951684073594205,-1.818870644975826
-0.27125995448010276,-0.29299668690410635,0.5574356919819338,-2.7190131798333983,-0.2193495539015481,-1.8184751383680258
-0.27115961462931726,-0.29273557419543733,0.5574140677692786,-2.7193020634292298,-0.21918535895883726,-1.8180787594326269
-0.27105958462746205,-0.2924749331512603,0.5573928105167419,-2.719592814564245,-0.21902447702974803,-1.8176815080291406
-0.2709598766998549,-0.2922148072651429,0.5573719228402718,-2.719885256292709,-0.21886712923621923,-1.8172833840170775
-0.2708605030718137,-0.2919552400306525,0.5573514073558162,-2.72017921166889,-0.2187135367001894,-1.8168843872559484
-0.2707614759686563,-0.29169627494135697,0.5573312666793234,-2.720474503747053,-0.21856392054359733,-1.816484517605264
-0.2706628076157004,-0.29143795549082385,0.5573115034267415,-2.720770955581465,-0.21841850188838158,-1.8160837749245349
-0.2705645086906972,-0.2911803239276395,0.557292118818252,-2.7210683962027726,-0.21827747997682534,-1.8156821534771364
-0.2704665718809353,-0.2909234080274854,0.5572730978482568,-2.7213667241170456,-0.21814079970021508,-1.8152795824713646
-0.2703689782669533,-0.290667226228685,0.5572544150429118,-2.721665882653203,-0.2180082418524205,-1.814875949144499
-0.2702717087358438,-0.29041179681393886,0.5572360447539018,-2.7219658158872155,-0.21787958449235414,-1.8144711400343005
-0.27017474417469944,-0.29015713806594773,0.557217961332912,-2.7222664678950514,-0.21775460567892863,-1.8140650416785313
-0.27007806547061314,-0.2899032682674123,0.5572001391316277,-2.7225677827526806,-0.2176330834710566,-1.8136575406149527
-0.2699816535106774,-0.2896502057010334,0.5571825525017339,-2.72286970453607,-0.21751479592765058,-1.8132485233813262
-0.269885489181985,-0.2893979686495115,0.5571651757949156,-2.72317217732119,-0.21739952110762328,-1.8128378765154136
-0.2697895533716287,-0.28914657539554744,0.5571479833628582,-2.7234751451840093,-0.2172870370698873,-1.8124254865549771
-0.26969382696670113,-0.2888960442218419,0.5571309495572466,-2.7237785522004967,-0.21717712187335525,-1.8120112400377772
-0.269598290854295,-0.28864639341109555,0.5571140487297661,-2.7240823424466205,-0.21706955357693972,-1.8115950235015765
-0.26950292592150304,-0.28839764124600914,0.5570972552321015,-2.72438645999835,-0.21696411023955334,-1.8111767234841363
-0.2694077130554179,-0.28814980600928325,0.5570805434159384,-2.724690848931655,-0.21686056992010866,-1.8107562265232184
-0.26931263314313236,-0.2879029059836188,0.5570638876329613,-2.7249954533225034,-0.21675871067751842,-1.810333419156584
-0.26921766707173894,-0.28765695945171627,0.5570472622348559,-2.7253002172468643,-0.21665831057069515,-1.8099081879219951
-0.2691227957283307,-0.2874119846962764,0.5570306415733072,-2.7256050847807067,-0.21655914765855147,-1.8094804193572132
-0.269028,-0.287168,0.557014,-2.72591,-0.216461,-1.80905
-0.2689332601917095,-0.28692501865707587,0.5569973127162241,-2.7262149377150267,-0.21636360583120307,-1.8086167813633975
-0.26883855427990067,-0.28668303400764533,0.5569805583216864,-2.7265199956733306,-0.21626654409732182,-1.8081804748615675
-0.26874385965888503,-0.2864420344033383,0.5569637162656986,-2.7268253023567706,-0.21616935392076717,-1.807740756883954
-0.2686491537229738,-0.2862020081957842,0.556946765997572,-2.7271309862472033,-0.21607157442394997,-1.8072973038199986
-0.26855441386647844,-0.28596294373661263,0.5569296869666179,-2.7274371758264864,-0.21597274472928113,-1.8068497920591446
-0.26845961748371033,-0.2857248293774533,0.5569124586221481,-2.727743999576479,-0.21587240395917143,-1.8063978979908342
-0.2683647419689808,-0.2854876534699358,0.5568950604134738,-2.7280515859790393,-0.2157700912360319,-1.8059412980045106
-0.2682697647166012,-0.2852514043656898,0.5568774717899065,-2.7283600635160243,-0.21566534568227327,-1.8054796684896166
-0.26817466312088295,-0.28501607041634486,0.556859672200758,-2.728669560669292,-0.2155577064203065,-1.8050126858355946
-0.2680794145761373,-0.2847816399735307,0.5568416410953394,-2.728980205920701,-0.21544671257254244,-1.8045400264318872
-0.26798399647667587,-0.2845481013888767,0.5568233579229621,-2.729292127752109,-0.21533190326139195,-1.8040613666679373
-0.2678883862168098,-0.28431544301401274,0.5568048021329377,-2.729605454645373,-0.21521281760926594,-1.803576382933188
-0.26779256119085054,-0.2840836532005684,0.5567859531745778,-2.729920315082353,-0.2150889947385753,-1.8030847516170811
-0.26769649879310947,-0.28385272030017317,0.5567667904971938,-2.7302368375449055,-0.21495997377173082,-1.8025861491090602
-0.26760017641789796,-0.28362263266445686,0.5567472935500968,-2.730555150514889,-0.2148252938311435,-1.802080251798568
-0.2675035714595273,-0.2833933786450489,0.5567274417825988,-2.7308753824741605,-0.2146844940392241,-1.801566736075046
-0.26740666135199637,-0.2831649464642405,0.5567072147886143,-2.7311976612442996,-0.21453711612900725,-1.801045280456303
-0.26730942591054463,-0.2829373165840082,0.5566866008382649,-2.7315220750301226,-0.21438285847094704,-1.8005156911620062
-0.26721184864133524,-0.2827104574378416,0.5566656016497922,-2.731848650630463,-0.21422166222349812,-1.7999779723497082
-0.26711391336802986,-0.28248433642452125,0.5566442200982649,-2.7321774095619205,-0.21405348943010433,-1.7994321452038766
-0.2670156039142905,-0.2822589209428281,0.5566224590587524,-2.732508373341094,-0.21387830213420964,-1.7988782309089788
-0.26691690410377883,-0.28203417839154293,0.5566003214063234,-2.732841563484583,-0.21369606237925778,-1.7983162506494828
-0.2668177977601568,-0.2818100761694466,0.5565778100160472,-2.7331770015089862,-0.2135067322086928,-1.7977462256098555
-0.26671826870708604,-0.28158658167531986,0.5565549277629928,-2.7335147089309033,-0.2133102736659584,-1.7971681769745647
-0.2666183007682286,-0.2813636623079436,0.5565316775222291,-2.733854707266934,-0.21310664879449862,-1.7965821259280776
-0.26651787776724606,-0.28114128546609846,0.5565080621688252,-2.7341970180336768,-0.21289581963775725,-1.795988093654862
-0.2664169835278004,-0.2809194185485654,0.5564840845778501,-2.7345416627477306,-0.21267774823917823,-1.7953861013393853
-0.2663156018735534,-0.28069802895412516,0.556459747624373,-2.7348886629256963,-0.21245239664220542,-1.7947761701661145
-0.2662137166281669,-0.2804770840815586,0.5564350541834626,-2.735238040084171,-0.21221972689028268,-1.794158321319518
-0.2661113116153026,-0.28025655132964644,0.5564100071301883,-2.735589815739755,-0.2119797010268539,-1.7935325759840628
-0.2660083706586225,-0.2800363980971697,0.556384609339619,-2.735944011409048,-0.21173228109536296,-1.792898955344216
-0.2659048775817883,-0.2798165917829089,0.5563588636868235,-2.7363006486086485,-0.21147742913925371,-1.7922574805844458
-0.26580081620846185,-0.279597099785645,0.5563327730468712,-2.7366597488551556,-0.21121510720197015,-1.7916081728892195
-0.2656961725927928,-0.27937789153707077,0.5563063415597862,-2.7370213328876454,-0.21094529966633227,-1.7909510590730398
-0.26559095871835253,-0.2791589601014799,0.5562795880706973,-2.7373854124064803,-0.2106682506104097,-1.7902862313995733
-0.2654852032973713,-0.27894031379000556,0.5562525409118975,-2.7377519932805967,-0.21038437165759383,-1.7896138243577526
-0.2653789353208906,-0.278721961167895,0.5562252285737992,-2.7381210812817396,-0.21009407722369838,-1.7889339731402654
-0.2652721837799516,-0.2785039108003951,0.5561976795468146,-2.7384926821816533,-0.2097977817245369,-1.7882468129397988
-0.26516497766559594,-0.27828617125275323,0.5561699223213564,-2.7388668017520836,-0.20949589957592302,-1.7875524789490402
-0.26505734596886465,-0.27806875109021645,0.5561419853878371,-2.739243445764776,-0.20918884519367026,-1.786851106360677
-0.2649493176807993,-0.27785165887803187,0.5561138972366687,-2.739622619991474,-0.2088770329935924,-1.7861428303673963
-0.26484092179244123,-0.27763490318144673,0.5560856863582638,-2.7400043302039236,-0.20856087739150275,-1.7854277861618855
-0.2647321872948317,-0.2774184925657081,0.5560573812430349,-2.7403885821738707,-0.20824079280321522,-1.7847061089368321
-0.26462314317901214,-0.2772024355960631,0.5560290103813943,-2.74077538167306,-0.2079171936445432,-1.7839779338849235
-0.26451381843602395,-0.2769867408377589,0.5560006022637545,-2.7411647344732355,-0.20759049433130042,-1.783243396198847
-0.2644042420569084,-0.27677141685604273,0.5559721853805277,-2.7415566463461443,-0.20726110927930033,-1.7825026310712895
-0.2642944430327069,-0.27655647221616153,0.5559437882221265,-2.7419511230635294,-0.20692945290435671,-1.7817557736949388
-0.2641844503544607,-0.2763419154833626,0.5559154392789631,-2.7423481703971366,-0.20659593962228304,-1.7810029592624819
-0.2640742930132113,-0.2761277552228931,0.5558871670414504,-2.742747794118712,-0.20626098384889296,-1.7802443229666067
-0.263964,-0.275914,0.555859,-2.74315,-0.205925,-1.77948
-0.2638535976347234,-0.2757006560277612,0.5558309642398364,-2.743554787576858,-0.20558834707899926,-1.778710145444032
-0.2637431015526989,-0.2754877201105766,0.5558030762254293,-2.7439621314415943,-0.20525116243961095,-1.777934993934803
-0.2636325247180995,-0.27527518670067697,0.55577535001606,-2.744371999950628,-0.20491352802313692,-1.7771547999970967
-0.2635218800950978,-0.27506305025029276,0.55574779967101,-2.7447843614603813,-0.20457552577087873,-1.7763698181556955
-0.2634111806478665,-0.27485130521165485,0.5557204392495606,-2.745199184327274,-0.20423723762413828,-1.7755803029353832
-0.2633004393405785,-0.2746399460369936,0.555693282810993,-2.7456164369077256,-0.20389874552421716,-1.774786508860943
-0.2631896691374065,-0.27442896717853993,0.5556663444145885,-2.7460360875581564,-0.2035601314124172,-1.7739886904571576
-0.2630788830025231,-0.27421836308852415,0.5556396381196288,-2.746458104634988,-0.20322147723003997,-1.7731871022488102
-0.2629680939001013,-0.2740081282191771,0.555613177985395,-2.7468824564946397,-0.20288286491838736,-1.7723819987606846
-0.2628573147943136,-0.2737982570227293,0.5555869780711685,-2.747309111493532,-0.20254437641876089,-1.7715736345175632
-0.262746558649333,-0.2735887439514115,0.5555610524362309,-2.747738037988086,-0.2022060936724625,-1.7707622640442298
-0.2626358384293321,-0.2733795834574542,0.555535415139863,-2.748169204334721,-0.20186809862079372,-1.7699481418654672
-0.2625251670984836,-0.27317076999308815,0.5555100802413466,-2.7486025788898574,-0.20153047320505646,-1.7691315225060589
-0.2624145576209605,-0.27296229801054384,0.555485061799963,-2.7490381300099167,-0.2011932993665522,-1.7683126604907875
-0.2623040229609353,-0.2727541619620521,0.5554603738749934,-2.7494758260513175,-0.2008566590465829,-1.7674918103444366
-0.26219357608258087,-0.27254635629984325,0.5554360305257192,-2.7499156353704812,-0.20052063418645008,-1.7666692265917896
-0.26208322983498406,-0.27233887552250385,0.5554120457216266,-2.750357526944854,-0.20018530529628079,-1.7658451618674031
-0.2619729901620818,-0.27213171690995297,0.5553884280444911,-2.75080150701342,-0.19985066701571205,-1.765019755392278
-0.2618628523048285,-0.2719248820531768,0.5553651777251362,-2.751247639570547,-0.19951658088512217,-1.764192970596402
-0.26175281058349154,-0.27171837291400536,0.5553422942760239,-2.7516959935788092,-0.1991828969954906,-1.7633647557879546
-0.2616428593183387,-0.2715121914542693,0.5553197772096167,-2.7521466380007795,-0.1988494654377969,-1.7625350592751161
-0.2615329928296376,-0.2713063396357989,0.5552976260383767,-2.752599641799032,-0.1985161363030205,-1.7617038293660663
-0.2614232054376559,-0.2711008194204244,0.555275840274766,-2.75305507393614,-0.19818275968214108,-1.7608710143689854
-0.26131349146266125,-0.2708956327699762,0.5552544194312466,-2.7535130033746773,-0.197849185666138,-1.7600365625920529
-0.2612038452249212,-0.2706907816462847,0.5552333630202811,-2.753973499077217,-0.19751526434599095,-1.7592004223434494
-0.26109426104470346,-0.2704862680111802,0.5552126705543315,-2.754436630006333,-0.19718084581267925,-1.7583625419313544
-0.26098473324227556,-0.270282093826493,0.5551923415458602,-2.7549024651245984,-0.1968457801571826,-1.757522869663948
-0.2608752561379052,-0.2700782610540535,0.555172375507329,-2.755371073394587,-0.19650991747048038,-1.7566813538494102
-0.26076582405186,-0.2698747716556921,0.5551527719512002,-2.7558425237788726,-0.19617310784355235,-1.7558379427959212
-0.26065643130440763,-0.269671627593239,0.5551335303899361,-2.7563168852400284,-0.19583520136737773,-1.7549925848116605
-0.2605470722158157,-0.26946883082852474,0.5551146503359988,-2.7567942267406282,-0.19549604813293628,-1.7541452282048082
-0.2604377411063518,-0.26926638332337943,0.5550961313018504,-2.757274617243245,-0.19515549823120734,-1.7532958212835446
-0.26032843229628366,-0.2690642870396336,0.5550779727999534,-2.757758125710453,-0.1948134017531706,-1.7524443123560496
-0.26021913997207574,-0.2688625439846789,0.5550601736408639,-2.7582448145996756,-0.19446961263789442,-1.75159064736479
-0.26010985676473286,-0.2686611566955579,0.5550427244754836,-2.7587346707459672,-0.194124029558481,-1.7507347447508228
-0.26000057430173706,-0.2684601280510234,0.5550256106904208,-2.7592276321957563,-0.19377658004869927,-1.7498765052123588
-0.259891284193845,-0.26825946093552344,0.5550088175845449,-2.7597236361823296,-0.19342719212332965,-1.7490158291518951
-0.25978197805181347,-0.268059158233506,0.5549923304567262,-2.760222619938972,-0.19307579379715212,-1.7481526169719286
-0.25967264748639923,-0.267859222829419,0.5549761346058345,-2.7607245206989686,-0.19272231308494708,-1.7472867690749565
-0.2595632841083589,-0.2676596576077105,0.5549602153307397,-2.761229275695606,-0.1923666780014944,-1.746418185863475
-0.25945387952844917,-0.26746046545282853,0.5549445579303117,-2.761736822162169,-0.19200881656157462,-1.745546767739982
-0.2593444253574268,-0.2672616492492209,0.5549291477034205,-2.7622470973319433,-0.19164865677996767,-1.744672415106974
-0.25923491320604863,-0.26706321188133586,0.5549139699489358,-2.762760038438214,-0.1912861266714539,-1.7437950283669477
-0.25912533468507115,-0.26686515623362117,0.5548990099657276,-2.7632755827142668,-0.19092115425081335,-1.7429145079224
-0.2590156814052513,-0.26666748519052497,0.5548842530526659,-2.763793667393388,-0.19055366753282635,-1.7420307541758284
-0.25890594497734565,-0.2664702016364952,0.5548696845086203,-2.764314229708862,-0.19018359453227293,-1.7411436675297294
-0.258796117012111,-0.26627330845597985,0.5548552896324612,-2.7648372068939744,-0.18981086326393348,-1.7402531483866002
-0.258686189120304,-0.2660768085334268,0.554841053723058,-2.7653625361820113,-0.189435401742588,-1.7393590971489377
-0.25857615291268143,-0.26588070475328424,0.5548269620792811,-2.765890154806258,-0.1890571379830168,-1.7384614142192385
-0.258466,-0.26568499999999995,0.554813,-2.76642,-0.18867599999999993,-1.7375599999999998
-0.25835572755467445,-0.2654896974513437,0.5547991547482829,-2.766952008768356,-0.18829196967683767,-1.7366547946669413
-0.2582453549957523,-0.2652948014583716,0.5547854214439895,-2.7674861172037772,-0.1879052443709097,-1.7357458974886721
-0.2581349073039389,-0.2651003166654611,0.5547717971711785,-2.7680222611705485,-0.18751607530811584,-1.7348334475070255
-0.25802440945993993,-0.2649062477169902,0.5547582790139081,-2.7685603765329536,-0.18712471371435566,-1.7339175837638325
-0.25791388644446067,-0.26471259925733637,0.5547448640562362,-2.7691003991552767,-0.18673141081552913,-1.7329984453009266
-0.25780336323820685,-0.2645193759308774,0.5547315493822212,-2.7696422649018033,-0.18633641783753577,-1.732076171160139
-0.25769286482188386,-0.26432658238199097,0.5547183320759212,-2.770185909636817,-0.18593998600627545,-1.7311509003833025
-0.2575824161761971,-0.2641342232550548,0.5547052092213944,-2.7707312692246027,-0.18554236654764777,-1.7302227720122494
-0.25747204228185216,-0.2639423031944466,0.5546921779026993,-2.7712782795294446,-0.18514381068755262,-1.729291925088812
-0.2573617681195545,-0.2637508268445441,0.5546792352038937,-2.7718268764156266,-0.18474456965188957,-1.728358498654822
-0.25725161867000973,-0.2635597988497248,0.5546663782090359,-2.7723769957474333,-0.18434489466655846,-1.7274226317521124
-0.2571416189139232,-0.2633692238543666,0.5546536040021842,-2.77292857338915,-0.18394503695745892,-1.726484463422515
-0.2570317938320005,-0.2631791065028472,0.5546409096673968,-2.773481545205061,-0.18354524775049083,-1.7255441327078622
-0.256922168404947,-0.26298945143954416,0.5546282922887318,-2.77403584705945,-0.18314577827155376,-1.724601778649986
-0.25681276761346844,-0.2628002633088353,0.5546157489502475,-2.774591414816601,-0.18274687974654757,-1.7236575402907195
-0.2567036164382701,-0.2626115467550983,0.5546032767360022,-2.7751481843407997,-0.18234880340137194,-1.7227115566718942
-0.2565947397648336,-0.26242330622956056,0.5545908727347997,-2.7757060917832765,-0.18195179860039393,-1.7217639671587273
-0.25648615676520176,-0.26223553459443605,0.5545785343201995,-2.776265090512036,-0.18155600301602567,-1.7208149305195255
-0.2563778777555878,-0.2620482067489679,0.5545662593071319,-2.7768251605810863,-0.18116138119814867,-1.7198646355973841
-0.25626991229041307,-0.2618612960471972,0.5545540455484935,-2.7773862843400035,-0.1807678828043839,-1.7189132738224775
-0.25616226992409863,-0.26167477584316523,0.5545418908971821,-2.777948444138364,-0.18037545749235218,-1.7179610366249791
-0.256054960211066,-0.2614886194909133,0.5545297932060947,-2.778511622325746,-0.17998405491967448,-1.7170081154350636
-0.2559479927057363,-0.2613028003444824,0.5545177503281287,-2.7790758012517256,-0.17959362474397153,-1.7160547016829042
-0.25584137696253106,-0.2611172917579139,0.5545057601161817,-2.7796409632658783,-0.17920411662286448,-1.7151009867986755
-0.2557351225358714,-0.260932067085249,0.5544938204231503,-2.780207090717783,-0.17881548021397398,-1.7141471622125513
-0.2556292389801786,-0.26074709968052906,0.5544819291019323,-2.780774165957015,-0.17842766517492115,-1.7131934193547056
-0.255523735849874,-0.26056236289779505,0.554470084005425,-2.7813421713331516,-0.1780406211633266,-1.7122399496553125
-0.2554186226993789,-0.26037783009108834,0.5544582829865254,-2.78191108919577,-0.17765429783681153,-1.711286944544546
-0.2553139090831145,-0.26019347461445014,0.554446523898131,-2.7824809018944467,-0.17726864485299662,-1.71033459545258
-0.2552096045555023,-0.2600092698219217,0.5544348045931389,-2.783051591778759,-0.17688361186950285,-1.7093830938095884
-0.2551057186709635,-0.25982518906754404,0.5544231229244465,-2.783623141198282,-0.17649914854395107,-1.7084326310457454
-0.2550022609839193,-0.25964120570535865,0.5544114767449512,-2.7841955325025944,-0.1761152045339623,-1.707483398591225
-0.2548992410487911,-0.2594572930894065,0.5543998639075502,-2.784768748041272,-0.1757317294971572,-1.706535587876201
-0.2547966675152687,-0.25927342458762614,0.5543882819792867,-2.7853427725692175,-0.1753486637711567,-1.7055893861178746
-0.25469453851553875,-0.25908957372950947,0.5543767252041505,-2.785917618803235,-0.17496583934857893,-1.7046449315576364
-0.254592845396302,-0.2589057141487769,0.554365185682226,-2.7864933175000677,-0.17458301832204068,-1.70370233083958
-0.25449157939116784,-0.25872181948088574,0.554353655477866,-2.7870698997171237,-0.17419996161915857,-1.7027616900811762
-0.25439073173374566,-0.2585378633612934,0.554342126655423,-2.7876473965118116,-0.17381643016754939,-1.7018231153998973
-0.25429029365764455,-0.25835381942545743,0.5543305912792497,-2.78822583894154,-0.17343218489482973,-1.700886712913215
-0.2541902563964741,-0.25816966130883523,0.5543190414136988,-2.7888052580637166,-0.17304698672861638,-1.6999525887386016
-0.2540906111838434,-0.25798536264688404,0.5543074691231227,-2.789385684935751,-0.1726605965965259,-1.6990208489935275
-0.253991349253362,-0.25780089707506154,0.5542958664718745,-2.78996715061505,-0.1722727754261752,-1.6980915997954658
-0.253892461838639,-0.2576162382288249,0.5542842255243062,-2.790549686159023,-0.17188328414518075,-1.6971649472618873
-0.2537939401732839,-0.25743135974363174,0.5542725383447711,-2.791133322625078,-0.17149188368115945,-1.6962409975102637
-0.25369577549090594,-0.2572462352549394,0.5542607969976215,-2.7917180910706234,-0.17109833496172777,-1.6953198566580674
-0.25359795902511445,-0.25706083839820537,0.5542489935472102,-2.7923040225530675,-0.1707023989145026,-1.6944016308227698
-0.2535004820095188,-0.25687514280888696,0.5542371200578897,-2.792891148129819,-0.17030383646710048,-1.6934864261218425
-0.2534033356777283,-0.2566891221224416,0.5542251685940128,-2.7934794988582863,-0.16990240854713826,-1.6925743486727571
-0.2533065112633523,-0.25650274997432687,0.554213131219932,-2.794069105795877,-0.1694978760822325,-1.6916655045929856
-0.25321,-0.256316,0.554201,-2.79466,-0.16909,-1.69076
-0.2531137901942028,-0.2561288467583637,0.5541887644654595,-2.7952521723086274,-0.1686785758294399,-1.689857956755016
-0.25301785844418023,-0.25594126850210197,0.5541764040151125,-2.7958454526819847,-0.16826353750508216,-1.6889595596942284
-0.2529221784210735,-0.2557532444073438,0.5541638955146512,-2.7964396308608626,-0.16784485356283887,-1.6880650093975764
-0.2528267237960242,-0.25556475365021825,0.5541512158297678,-2.7970344965860505,-0.16742249253862257,-1.6871745064449988
-0.25273146824017356,-0.2553757754068544,0.5541383418261542,-2.7976298395983377,-0.16699642296834538,-1.6862882514164348
-0.25263638542466305,-0.25518628885338135,0.5541252503695028,-2.798225449638514,-0.16656661338791987,-1.685406444891824
-0.2525414490206341,-0.25499627316592827,0.5541119183255055,-2.7988211164473698,-0.16613303233325813,-1.6845292874511046
-0.25244663269922807,-0.25480570752062415,0.5540983225598546,-2.7994166297656937,-0.16569564834027267,-1.6836569796742167
-0.25235191013158637,-0.25461457109359814,0.554084439938242,-2.800011779334277,-0.16525442994487569,-1.6827897221410986
-0.2522572549888505,-0.25442284306097934,0.5540702473263601,-2.800606354893908,-0.1648093456829796,-1.6819277154316898
-0.25216264094216173,-0.2542305025988968,0.5540557215899007,-2.8012001461853777,-0.1643603640904967,-1.6810711601259292
-0.2520680416626615,-0.25403752888347964,0.5540408395945563,-2.801792942949474,-0.1639074537033394,-1.6802202568037563
-0.2519734308214913,-0.2538439010908568,0.5540255782060185,-2.802384534926989,-0.16345058305741988,-1.6793752060451095
-0.2518787820897924,-0.25364959839715767,0.55400991428998,-2.8029747118587105,-0.1629897206886506,-1.6785362084299285
-0.2517840691387063,-0.25345459997851116,0.5539938247121324,-2.803563263485429,-0.16252483513294375,-1.6777034645381523
-0.25168926563937444,-0.2532588850110464,0.5539772863381682,-2.804149979547935,-0.16205589492621184,-1.67687717494972
-0.25159434556967075,-0.25306243299634856,0.5539602762927869,-2.804734650244786,-0.1615828732112363,-1.6760575397187856
-0.2514993013114261,-0.25286524296337226,0.5539427872411269,-2.805317093240706,-0.16110601954295506,-1.675244727352404
-0.2514041537726048,-0.25266734420849446,0.5539248359360092,-2.8058971687729732,-0.1606260119151478,-1.6744388574596274
-0.2513089263150318,-0.2524687686317414,0.5539064412023121,-2.8064747407410193,-0.16014356517654862,-1.6736400454432276
-0.25121364230053217,-0.2522695481331393,0.5538876218649149,-2.8070496730442773,-0.1596593941758914,-1.6728484067059763
-0.25111832509093096,-0.25206971461271427,0.5538683967486961,-2.80762182958218,-0.15917421376191027,-1.6720640566506455
-0.2510229980480533,-0.2518692999704926,0.5538487846785348,-2.8081910742541596,-0.15868873878333903,-1.6712871106800067
-0.2509276845337242,-0.2516683361065006,0.5538288044793099,-2.8087572709596493,-0.1582036840889119,-1.670517684196832
-0.25083240790976863,-0.2514668549207642,0.5538084749759001,-2.8093202835980815,-0.1577197645273626,-1.6697558926038936
-0.2507371915380117,-0.2512648883133099,0.5537878149931845,-2.809879976068889,-0.15723769494742537,-1.669001851303963
-0.25064205878027856,-0.25106246818416383,0.5537668433560419,-2.8104362122715045,-0.156758190197834,-1.6682556756998121
-0.25054703299839415,-0.25085962643335213,0.5537455788893509,-2.81098885610536,-0.15628196512732262,-1.6675174811942126
-0.2504521375541836,-0.25065639496090103,0.5537240404179907,-2.8115377714698897,-0.15580973458462508,-1.6667873831899367
-0.250357395809472,-0.2504528056668368,0.55370224676684,-2.8120828222645247,-0.15534221341847557,-1.6660654970897564
-0.25026283112608433,-0.25024889045118565,0.5536802167607778,-2.812623872388699,-0.15488011647760783,-1.6653519382964428
-0.25016846686584565,-0.2500446812139737,0.553657969224683,-2.8131607857418444,-0.15442415861075603,-1.6646468222127688
-0.250074326390581,-0.24984020985522723,0.5536355229834343,-2.8136934262233932,-0.15397505466665404,-1.6639502642415052
-0.2499804318579542,-0.24963550699476214,0.5536128962362274,-2.814221665881028,-0.15353348271795786,-1.6632623689057309
-0.24988679142725362,-0.24943058836994852,0.5535900999086897,-2.8147454714858284,-0.1530996933154148,-1.6625831142520837
-0.24979340422655782,-0.24922546011657876,0.5535671402338239,-2.815264870920742,-0.15267366118918652,-1.661912396729499
-0.2497002692334251,-0.24902012821041886,0.5535440233664226,-2.815779893087249,-0.15225535647242464,-1.6612501114269504
-0.24960738542541386,-0.248814598627235,0.5535207554612781,-2.816290566886828,-0.15184474929828098,-1.660596153433411
-0.2495147517800825,-0.2486088773427932,0.5534973426731827,-2.8167969212209596,-0.15144180979990712,-1.6599504178378546
-0.24942236727498932,-0.24840297033285946,0.5534737911569287,-2.8172989849911225,-0.15104650811045497,-1.6593127997292543
-0.24933023088769277,-0.24819688357319983,0.5534501070673088,-2.8177967870987968,-0.15065881436307604,-1.6586831941965834
-0.24923834159575112,-0.24799062303958047,0.5534262965591151,-2.818290356445462,-0.15027869869092225,-1.6580614963288158
-0.2491466983767228,-0.2477841947077673,0.5534023657871403,-2.818779721932598,-0.14990613122714516,-1.6574476012149246
-0.24905530020816616,-0.24757760455352656,0.5533783209061766,-2.819264912461683,-0.1495410821048966,-1.6568414039438837
-0.24896414606763953,-0.24737085855262414,0.553354168071016,-2.8197459569341983,-0.1491835214573282,-1.656242799604666
-0.2488732349327014,-0.24716396268082622,0.5533299134364515,-2.820222884251622,-0.14883341941759184,-1.6556516832862453
-0.24878256578090993,-0.24695692291389873,0.5533055631572753,-2.8206957233154353,-0.14849074611883906,-1.6550679500775949
-0.2486921375898237,-0.24674974522760787,0.5532811233882797,-2.8211645030271155,-0.14815547169422172,-1.6544914950676883
-0.24860194933700092,-0.24654243559771954,0.5532566002842572,-2.8216292522881443,-0.1478275662768914,-1.6539222133454987
-0.248512,-0.246335,0.553232,-2.82209,-0.147507,-1.65336
-0.24842228832277652,-0.24612744620973903,0.5532073284158271,-2.8225467736630243,-0.14719374961628365,-1.6528047556722252
-0.24833281211487476,-0.24591978920032243,0.5531825903141637,-2.8229995951730045,-0.14688781835681702,-1.652256403211449
-0.24824356895223618,-0.2457120457446596,0.5531577902029611,-2.8234484850245902,-0.14658921607225914,-1.6517148710190057
-0.24815455641080233,-0.2455042326156602,0.5531329325901712,-2.8238934637124293,-0.1462979526132692,-1.6511800874962295
-0.24806577206651462,-0.24529636658623374,0.5531080219837453,-2.8243345517311718,-0.1460140378305063,-1.6506519810444549
-0.24797721349531454,-0.24508846442928978,0.5530830628916352,-2.824771769575467,-0.14573748157462962,-1.650130480065016
-0.24788887827314354,-0.24488054291773786,0.5530580598217922,-2.825205137739963,-0.14546829369629813,-1.6496155129592476
-0.24780076397594317,-0.24467261882448763,0.5530330172821682,-2.82563467671931,-0.1452064840461712,-1.6491070081284842
-0.24771286817965488,-0.24446470892244845,0.5530079397807146,-2.826060407008156,-0.14495206247490772,-1.6486048939740596
-0.24762518846022016,-0.24425682998453005,0.5529828318253831,-2.826482349101151,-0.14470503883316696,-1.6481090988973086
-0.24753772239358043,-0.2440489987836419,0.5529576979241251,-2.826900523492944,-0.14446542297160797,-1.647619551299565
-0.2474504675556773,-0.2438412320926936,0.5529325425848923,-2.827314950678184,-0.1442332247408899,-1.6471361795821642
-0.2473634215224521,-0.2436335466845946,0.5529073703156362,-2.82772565115152,-0.14400845399167186,-1.6466589121464394
-0.2472765818698464,-0.24342595933225464,0.5528821856243086,-2.828132645407601,-0.14379112057461302,-1.646187677393726
-0.2471899461738017,-0.24321848680858307,0.5528569930188608,-2.828535953941076,-0.14358123434037248,-1.6457224037253577
-0.24710351201025943,-0.24301114588648956,0.5528317970072444,-2.8289355972465944,-0.14337880513960935,-1.6452630195426694
-0.24701727684428904,-0.24280395320831377,0.5528066020482844,-2.82933159612785,-0.14318384071131332,-1.644809453384429
-0.24693123148863938,-0.24259691758220522,0.552781409653194,-2.829723989931231,-0.14299622209430848,-1.6443616420354634
-0.24684535644496228,-0.24239003567331815,0.5527562167643895,-2.830112846744303,-0.1428156339421619,-1.6439195350619864
-0.2467596313279334,-0.2421833031022485,0.5527310199312722,-2.830498237126989,-0.14264174401508545,-1.643483083129688
-0.24667403575222846,-0.24197671548959182,0.5527058157032432,-2.830880231639214,-0.1424742200732909,-1.6430522369042566
-0.24658854933252322,-0.241770268455944,0.5526806006297039,-2.831258900840902,-0.14231272987699006,-1.6426269470513817
-0.2465031516834933,-0.24156395762190064,0.5526553712600557,-2.8316343152919763,-0.1421569411863946,-1.6422071642367515
-0.24641782241981453,-0.24135777860805754,0.5526301241436999,-2.8320065455523618,-0.1420065217617164,-1.6417928391260561
-0.24633254115616254,-0.24115172703501042,0.5526048558300377,-2.8323756621819816,-0.1418611393631672,-1.6413839223849842
-0.2462472875072131,-0.24094579852335501,0.5525795628684704,-2.8327417357407607,-0.1417204617509588,-1.6409803646792245
-0.24616204108764184,-0.24073998869368698,0.5525542418083994,-2.833104836788623,-0.14158415668530291,-1.6405821166744663
-0.24607678151212456,-0.24053429316660213,0.5525288891992257,-2.833465035885492,-0.14145189192641144,-1.6401891290363988
-0.2459914883953369,-0.2403287075626962,0.5525035015903509,-2.833822403591292,-0.14132333523449606,-1.639801352430711
-0.24590614135195465,-0.24012322750256485,0.5524780755311762,-2.8341770104659476,-0.14119815436976854,-1.6394187375230915
-0.2458207199966535,-0.23991784860680385,0.5524526075711029,-2.834528927069382,-0.14107601709244072,-1.63904123497923
-0.2457352039441091,-0.23971256649600897,0.5524270942595323,-2.83487822396152,-0.1409565911627244,-1.6386687954648151
-0.2456495728089972,-0.2395073767907758,0.5524015321458655,-2.8352249717022855,-0.14083954434083124,-1.6383013696455362
-0.2455638054711136,-0.23930227542874283,0.552375917896889,-2.8355692403373167,-0.14072455233503645,-1.6379388995841302
-0.24547787226727383,-0.23909726203316792,0.5523502495439867,-2.8359110939336922,-0.140611383249851,-1.6375812273340158
-0.24539173802269368,-0.23889233860512837,0.5523245259989288,-2.8362505927013517,-0.14049986480026078,-1.6372281304264718
-0.24530536747072873,-0.23868750718533163,0.5522987461881586,-2.836587796785949,-0.14038982569475952,-1.6368793853174073
-0.2452187253447347,-0.23848276981448532,0.5522729090381192,-2.8369227663331396,-0.140281094641841,-1.636534768462732
-0.24513177637806724,-0.2382781285332969,0.5522470134752542,-2.8372555614885786,-0.1401735003499989,-1.6361940563183552
-0.24504448530408204,-0.23807358538247395,0.5522210584260063,-2.83758624239792,-0.14006687152772712,-1.6358570253401865
-0.24495681685613474,-0.23786914240272392,0.5521950428168193,-2.8379148692068186,-0.13996103688351932,-1.6355234519841348
-0.24486873576758103,-0.23766480163475445,0.5521689655741362,-2.838241502060929,-0.1398558251258693,-1.63519311270611
-0.24478020677177653,-0.237460565119273,0.5521428256244001,-2.838566201105906,-0.1397510649632708,-1.634865783962021
-0.24469119460207697,-0.23725643489698706,0.5521166218940544,-2.838889026487404,-0.1396465851042176,-1.6345412422077776
-0.24460166399183797,-0.23705241300860425,0.5520903533095423,-2.839210038351078,-0.13954221425720348,-1.6342192638992892
-0.2445115796744152,-0.23684850149483205,0.5520640187973072,-2.8395292968425823,-0.1394377811307221,-1.6338996254924651
-0.2444209063831644,-0.236644702396378,0.5520376172837922,-2.839846862107572,-0.13933311443326732,-1.6335821034432148
-0.24432960885144112,-0.2364410177539496,0.5520111476954404,-2.840162794291702,-0.13922804287333287,-1.6332664742074476
-0.2442376518126011,-0.23623744960825444,0.5519846089586953,-2.8404771535406264,-0.1391223951594125,-1.6329525142410728
-0.244145,-0.236034,0.551958,-2.84079,-0.139016,-1.63264
-0.24405162350141782,-0.23583067172720495,0.5519313255355282,-2.8411014118541114,-0.13890877146780903,-1.6323287404492661
-0.2439575138223318,-0.23562747061713227,0.5519046134403751,-2.841411539441784,-0.13880096509243278,-1.6320186745904166
-0.24386266782264365,-0.2354244032543562,0.5518778973793668,-2.841720551140475,-0.1386929217676846,-1.6317097739341253
-0.2437670823622549,-0.2352214762234508,0.5518512110173287,-2.8420286153276417,-0.13858498238737751,-1.6314020099910653
-0.24367075430106722,-0.23501869610899034,0.5518245880190864,-2.842335900380741,-0.1384774878453248,-1.63109535427191
-0.24357368049898218,-0.2348160694955489,0.551798062049466,-2.842642574677231,-0.1383707790353395,-1.6307897782873324
-0.24347585781590145,-0.23461360296770067,0.551771666773293,-2.8429488065945683,-0.138265196851235,-1.6304852535480063
-0.24337728311172663,-0.23441130311001973,0.5517454358553934,-2.84325476451021,-0.13816108218682435,-1.6301817515646047
-0.24327795324635934,-0.23420917650708034,0.5517194029605927,-2.8435606168016143,-0.13805877593592075,-1.629879243847801
-0.24317786507970118,-0.23400722974345659,0.5516936017537167,-2.843866531846238,-0.13795861899233733,-1.6295777019082682
-0.2430770154716538,-0.23380546940372263,0.551668065899591,-2.844172678021537,-0.1378609522498874,-1.6292770972566804
-0.24297540128211878,-0.23360390207245263,0.5516428290630416,-2.8444792237049707,-0.137766116602384,-1.6289774014037102
-0.2428730193709978,-0.23340253433422078,0.551617924908894,-2.844786337273995,-0.13767445294364042,-1.6286785858600312
-0.24276986659819239,-0.23320137277360115,0.5515933871019741,-2.845094187106068,-0.13758630216746975,-1.6283806221363166
-0.24266593982360427,-0.233000423975168,0.5515692493071076,-2.8454029415786466,-0.13750200516768527,-1.62808348174324
-0.24256123590713494,-0.2327996945234954,0.5515455451891202,-2.8457127690691872,-0.13742190283810005,-1.6277871361914744
-0.24245575179129805,-0.232599190987333,0.5515223083244266,-2.8460238384670435,-0.13734633288046835,-1.627491556530895
-0.2423494893753243,-0.2323989189859569,0.5514995669847854,-2.846336349375294,-0.13727544147300366,-1.6271966861634974
-0.2422424582413559,-0.23219888266695946,0.5514773412197381,-2.8466505490032907,-0.13720907793243162,-1.6269024256370632
-0.24213466863243077,-0.2319990860513365,0.5514556503715381,-2.846966688655551,-0.13714706603900573,-1.626608671812989
-0.2420261307915867,-0.23179953316008395,0.5514345137824398,-2.8472850196365895,-0.13708922957297956,-1.6263153215526727
-0.24191685496186152,-0.23160022801419752,0.5514139507946965,-2.847605793250924,-0.1370353923146065,-1.6260222717175117
-0.2418068513862932,-0.2314011746346732,0.5513939807505623,-2.84792926080307,-0.13698537804414024,-1.6257294191689027
-0.2416961303079195,-0.2312023770425067,0.5513746229922909,-2.8482556735975453,-0.13693901054183422,-1.6254366607682438
-0.24158470196977838,-0.23100383925869405,0.5513558968621363,-2.848585282938864,-0.1368961135879419,-1.6251438933769318
-0.24147257661490762,-0.23080556530423096,0.551337821702352,-2.848918340131543,-0.13685651096271687,-1.6248510138563639
-0.2413597644863451,-0.23060755920011336,0.551320416855192,-2.8492550964801,-0.13682002644641264,-1.6245579190679378
-0.24124627582712865,-0.23040982496733706,0.5513037016629102,-2.84959580328905,-0.13678648381928274,-1.624264505873051
-0.2411321208802962,-0.23021236662689798,0.5512876954677602,-2.8499407118629096,-0.13675570686158062,-1.6239706711331001
-0.24101730988888553,-0.23001518819979186,0.5512724176119962,-2.850290073506195,-0.13672751935355987,-1.6236763117094832
-0.24090185309593462,-0.22981829370701468,0.5512578874378715,-2.8506441395234225,-0.136701745075474,-1.6233813244635973
-0.2407857607444812,-0.22962168716956213,0.5512441242876404,-2.851003161219109,-0.13667820780757653,-1.6230856062568397
-0.2406690430775632,-0.22942537260843024,0.5512311475035564,-2.85136738989777,-0.13665673133012093,-1.622789053950608
-0.24055171033213987,-0.2292293537506121,0.5512189750455477,-2.851737068578488,-0.1366371419081469,-1.6224915714395007
-0.24043377267450727,-0.22903363090532033,0.5512076088040068,-2.852112343962176,-0.13661929469233292,-1.6221931443790913
-0.24031524022537207,-0.22883820217674763,0.5511970403018829,-2.852493300608989,-0.13660306346925344,-1.6218938111739658
-0.24019612310468133,-0.22864306563233652,0.5511872608893355,-2.8528800220434056,-0.13658832233608117,-1.6215936111078624
-0.2400764314323819,-0.22844821933952936,0.5511782619165232,-2.853272591789903,-0.13657494538998893,-1.621292583464518
-0.23995617532842073,-0.22825366136576866,0.5511700347336053,-2.853671093372958,-0.13656280672814944,-1.62099076752767
-0.2398353649127448,-0.22805938977849674,0.5511625706907406,-2.8540756103170497,-0.13655178044773542,-1.6206882025810563
-0.23971401030530104,-0.22786540264515615,0.551155861138088,-2.8544862261466553,-0.1365417406459196,-1.6203849279084135
-0.23959212162603633,-0.22767169803318923,0.5511498974258068,-2.8549030243862514,-0.13653256141987474,-1.6200809827934792
-0.23946970899489772,-0.22747827401003853,0.5511446709040558,-2.855326088560316,-0.13652411686677363,-1.619776406519991
-0.23934678253183211,-0.22728512864314634,0.551140172922994,-2.8557555021933267,-0.1365162810837889,-1.6194712383716863
-0.23922335235678643,-0.22709225999995522,0.5511363948327804,-2.8561913488097606,-0.13650892816809346,-1.619165517632302
-0.23909942858970762,-0.2268996661479075,0.5511333279835738,-2.856633711934096,-0.1365019322168599,-1.618859283585576
-0.23897502135054263,-0.22670734515444574,0.5511309637255337,-2.85708267509081,-0.13649516732726105,-1.6185525755152455
-0.2388501407592384,-0.22651529508701224,0.5511292934088186,-2.857538321804381,-0.1364885075964696,-1.6182454327050475
-0.2387247969357419,-0.22632351401304954,0.5511283083835877,-2.8580007355992847,-0.13648182712165835,-1.6179378944387202
-0.238599,-0.226132,0.551128,-2.85847,-0.136475,-1.61763
-0.23847276418749763,-0.22594075853560477,0.5511283605687062,-2.8589461864031867,-0.1364679581536478,-1.6173217493659442
-0.2383461201958712,-0.22574982478879957,0.5511293862423249,-2.8594293176942362,-0.13646086480467673,-1.6170129852868862
-0.23821910283829512,-0.22555924134881883,0.551131074133966,-2.8599194046307215,-0.13645394100014235,-1.61670351120648
-0.23809174692794371,-0.22536905080489691,0.5511334213567401,-2.860416457970216,-0.13644740778710016,-1.616393130568378
-0.23796408727799143,-0.22517929574626824,0.5511364250237571,-2.8609204884702932,-0.13644148621260563,-1.6160816468162338
-0.23783615870161254,-0.2249900187621673,0.5511400822481275,-2.8614315068885277,-0.1364363973237143,-1.6157688633937006
-0.23770799601198148,-0.22480126244182838,0.5511443901429611,-2.861949523982492,-0.13643236216748164,-1.6154545837444316
-0.23757963402227258,-0.224613069374486,0.5511493458213685,-2.86247455050976,-0.13642960179096322,-1.6151386113120796
-0.23745110754566026,-0.22442548214937452,0.5511549463964599,-2.8630065972279057,-0.1364283372412145,-1.6148207495402984
-0.23732245139531882,-0.2242385433557283,0.5511611889813454,-2.8635456748945023,-0.136428789565291,-1.6145008018727405
-0.23719370038442272,-0.22405229558278184,0.551168070689135,-2.864091794267123,-0.13643117981024822,-1.61417857175306
-0.23706488932614625,-0.22386678141976946,0.5511755886329393,-2.864644966103342,-0.13643572902314163,-1.613853862624909
-0.2369360530336638,-0.22368204345592566,0.5511837399258683,-2.865205201160733,-0.13644265825102683,-1.6135264779319416
-0.23680722632014978,-0.22349812428048477,0.5511925216810325,-2.865772510196868,-0.13645218854095925,-1.6131962211178108
-0.23667844399877855,-0.22331506648268126,0.5512019310115417,-2.866346903969322,-0.1364645409399944,-1.6128628956261697
-0.2365497408827244,-0.22313291265174948,0.5512119650305063,-2.866928393235669,-0.13647993649518783,-1.612526304900671
-0.2364211516082123,-0.22295170509037074,0.5512226206495322,-2.867516987265874,-0.13649859348033297,-1.6121862542890306
-0.23629270019449714,-0.22277146890803565,0.5512338826899622,-2.8681126060734807,-0.13652056377350094,-1.611842663382665
-0.23616439420453053,-0.22259220256478957,0.5512457172332315,-2.8687150313245726,-0.13654564133939337,-1.6114956288507312
-0.23603623978566798,-0.2224139022282524,0.5512580887487402,-2.869324032784379,-0.13657359795661542,-1.611145262594878
-0.2359082430852652,-0.22223656406604417,0.5512709617058885,-2.869939380218127,-0.13660420540377233,-1.6107916765167558
-0.2357804102506776,-0.22206018424578472,0.5512843005740765,-2.870560843391046,-0.13663723545946935,-1.6104349825180149
-0.2356527474292609,-0.22188475893509402,0.5512980698227044,-2.8711881920683635,-0.13667245990231164,-1.6100752925003043
-0.23552526076837052,-0.22171028430159195,0.5513122339211721,-2.871821196015308,-0.13670965051090456,-1.6097127183652746
-0.2353979564153622,-0.2215367565128985,0.55132675733888,-2.872459624997108,-0.13674857906385327,-1.609347372014575
-0.23527084051759145,-0.22136417173663353,0.5513416045452283,-2.8731032487789907,-0.13678901733976298,-1.6089793653498559
-0.23514391922241384,-0.2211925261404171,0.5513567400096168,-2.8737518371261843,-0.13683073711723898,-1.6086088102727667
-0.2350171986771849,-0.22102181589186895,0.551372128201446,-2.8744051598039184,-0.13687351017488644,-1.6082358186849575
-0.23489068502926033,-0.22085203715860918,0.5513877335901157,-2.8750629865774204,-0.13691710829131065,-1.607860502488078
-0.23476438442599562,-0.22068318610825763,0.5514035206450263,-2.8757250872119187,-0.1369613032451168,-1.6074829735837781
-0.23463830301474636,-0.22051525890843426,0.5514194538355778,-2.8763912314726414,-0.1370058668149101,-1.6071033438737077
-0.2345124469428681,-0.22034825172675895,0.5514354976311704,-2.877061189124816,-0.13705057077929583,-1.6067217252595167
-0.2343868223577165,-0.22018216073085173,0.5514516165012041,-2.877734729933672,-0.13709518691687925,-1.6063382296428548
-0.23426143524161236,-0.22001698195542704,0.5514677760866293,-2.8784116287812904,-0.1371394985853232,-1.6059529689218213
-0.2341362896583485,-0.21985270989017439,0.551483955647666,-2.8790917200331765,-0.1371834237488364,-1.6055660549532376
-0.23401138843395755,-0.21968933802799276,0.5515001432311593,-2.8797748764312368,-0.13722696721456015,-1.6051775995672952
-0.23388673437384286,-0.21952685984516812,0.5515163270303987,-2.880460971356985,-0.137270135237018,-1.6047877145937417
-0.2337623302834077,-0.2193652688179862,0.5515324952386732,-2.8811498781919345,-0.13731293407073364,-1.6043965118623242
-0.23363817896805542,-0.21920455842273304,0.5515486360492724,-2.8818414703175996,-0.13735536997023046,-1.6040041032027903
-0.23351428323318935,-0.21904472213569437,0.5515647376554851,-2.8825356211154936,-0.13739744919003216,-1.6036106004448876
-0.2333906458842128,-0.21888575343315617,0.5515807882506009,-2.8832322039671294,-0.13743917798466226,-1.6032161154183633
-0.23326726972652906,-0.21872764579140422,0.5515967760279089,-2.8839310922540213,-0.13748056260864433,-1.6028207599529647
-0.2331441575655415,-0.21857039268672446,0.5516126891806983,-2.884632159357683,-0.13752160931650195,-1.6024246458784397
-0.2330213122066534,-0.2184139875954027,0.5516285159022584,-2.885335278659628,-0.13756232436275867,-1.602027885024535
-0.23289873645526812,-0.2182584239937249,0.5516442443858783,-2.8860403235413683,-0.13760271400193808,-1.601630589220999
-0.23277643311678894,-0.21810369535797686,0.5516598628248474,-2.8867471673844203,-0.1376427844885637,-1.6012328702975784
-0.23265440499661927,-0.2179497951644445,0.5516753594124549,-2.8874556835702956,-0.13768254207715916,-1.6008348400840207
-0.23253265490016226,-0.21779671688941357,0.55169072234199,-2.8881657454805083,-0.13772199302224797,-1.6004366104100733
-0.23241118563282145,-0.21764445400917012,0.551705939806742,-2.8888772264965716,-0.13776114357835376,-1.600038293105484
-0.23228999999999997,-0.21749299999999996,0.551721,-2.88959,-0.1378,-1.59964
-0.2321690965807059,-0.21734234642134742,0.5517358867877455,-2.890303912620174,-0.13783857652650652,-1.5992418455616373
-0.23204845704836563,-0.21719247716529053,0.5517505667267295,-2.891018703977944,-0.1378769193363776,-1.5988439548114879
-0.23192805885001042,-0.21704337420706596,0.5517650020463947,-2.891734086942026,-0.13791508259291377,-1.5984464554089124
-0.23180787943267137,-0.2168950195219103,0.5517791549761837,-2.8924497743811393,-0.13795312045941552,-1.5980494750132705
-0.2316878962433796,-0.2167473950850601,0.5517929877455399,-2.8931654791640002,-0.13799108709918334,-1.5976531412839234
-0.2315680867291662,-0.21660048287175196,0.5518064625839058,-2.893880914159327,-0.13802903667551772,-1.597257581880231
-0.2314484283370624,-0.21645426485722247,0.5518195417207248,-2.8945957922358363,-0.1380670233517192,-1.5968629244615544
-0.2313288985140993,-0.21630872301670812,0.5518321873854394,-2.8953098262622454,-0.1381051012910882,-1.5964692966872533
-0.23120947470730804,-0.2161638393254456,0.5518443618074927,-2.8960227291072727,-0.1381433246569253,-1.596076826216689
-0.23109013436371972,-0.2160195957586714,0.5518560272163276,-2.896734213639635,-0.138181747612531,-1.595685640709221
-0.23097085493036554,-0.21587597429162222,0.5518671458413871,-2.89744399272805,-0.1382204243212057,-1.5952958678242102
-0.23085161385427666,-0.21573295689953448,0.5518776799121141,-2.898151779241235,-0.13825940894625005,-1.5949076352210172
-0.23073238858248415,-0.2155905255576449,0.5518875916579513,-2.898857286047907,-0.13829875565096442,-1.5945210705590023
-0.23061315656201914,-0.21544866224119,0.5518968433083419,-2.8995602260167836,-0.13833851859864937,-1.594136301497526
-0.23049389523991284,-0.21530734892540637,0.5519053970927288,-2.900260312016583,-0.13837875195260538,-1.5937534556959487
-0.23037458206319633,-0.21516656758553057,0.5519132152405546,-2.9009572569160222,-0.13841950987613294,-1.5933726608136307
-0.2302551945256628,-0.21502630022538888,0.5519202600439014,-2.9016507749074902,-0.13846084631821762,-1.5929940433195218
-0.23013571292682414,-0.21488653056418955,0.5519264975531828,-2.9023406596037113,-0.13850280236894635,-1.592617658257924
-0.23001612191505671,-0.2147472449799828,0.5519318996442272,-2.9030268277189224,-0.1385453991871134,-1.5922434499649334
-0.22989640651283266,-0.2146084300795364,0.5519364386939732,-2.9037092065567416,-0.13858865621699318,-1.5918713532533622
-0.229776551742624,-0.21447007246961813,0.5519400870793603,-2.9043877234207858,-0.13863259290286017,-1.5915013029360199
-0.22965654262690294,-0.21433215875699588,0.5519428171773273,-2.90506230561467,-0.13867722868898877,-1.5911332338257178
-0.2295363641881416,-0.21419467554843738,0.5519446013648134,-2.9057328804420126,-0.13872258301965343,-1.590767080735267
-0.22941600144881205,-0.2140576094507105,0.5519454120187577,-2.9063993752064285,-0.13876867533912857,-1.5904027784774781
-0.22929543943138644,-0.213920947070583,0.5519452215160993,-2.9070617172115365,-0.13881552509168868,-1.5900402618651617
-0.22917466315833698,-0.21378467501482276,0.5519440022337772,-2.907719833760952,-0.1388631517216081,-1.5896794657111284
-0.22905365765213562,-0.21364877989019745,0.5519417265487305,-2.9083736521582924,-0.13891157467316134,-1.5893203248281893
-0.22893240793525463,-0.21351324830347504,0.5519383668378983,-2.909023099707173,-0.13896081339062283,-1.5889627740291554
-0.22881089903016605,-0.21337806686142322,0.5519338954782197,-2.909668103711212,-0.13901088731826702,-1.5886067481268369
-0.22868911595934205,-0.2132432221708099,0.5519282848466339,-2.910308591474025,-0.13906181590036829,-1.588252181934045
-0.22856704374525472,-0.21310870083840278,0.5519215073200797,-2.9109444902992294,-0.1391136185812011,-1.5878990102635901
-0.22844466741037622,-0.21297448947096972,0.5519135352754964,-2.9115757274904417,-0.1391663148050399,-1.5875471679282833
-0.22832197197717863,-0.21284057467527853,0.5519043410898229,-2.9122022303512782,-0.13921992401615915,-1.5871965897409357
-0.228198943824016,-0.2127069440551797,0.5518938991057201,-2.912823935914403,-0.13927446330304694,-1.5868472081457936
-0.2280755850913693,-0.21257359680560992,0.5518822065173615,-2.913440894312649,-0.1393299223681756,-1.586498928052552
-0.2279519080888336,-0.21244053959962608,0.5518692752618329,-2.9140532286467016,-0.1393862732456202,-1.5861516366066775
-0.2278279252954893,-0.21230777923492036,0.5518551175219351,-2.9146610632333765,-0.1394434876749825,-1.5858052206575668
-0.22770364919041683,-0.21217532250918494,0.5518397454804687,-2.9152645223894895,-0.1395015373958642,-1.585459567054616
-0.22757909225269646,-0.212043176220112,0.5518231713202345,-2.9158637304318566,-0.13956039414786708,-1.5851145626472223
-0.2274542669614087,-0.21191134716539375,0.5518054072240333,-2.916458811677294,-0.13962002967059295,-1.5847700942847813
-0.22732918579563374,-0.21177984214272236,0.5517864653746657,-2.917049890442617,-0.13968041570364353,-1.5844260488166895
-0.22720386123445205,-0.21164866794979004,0.5517663579549327,-2.917637091044641,-0.13974152398662054,-1.5840823130923436
-0.227078305756944,-0.21151783138428892,0.5517450971476348,-2.9182205378001838,-0.1398033262591258,-1.5837387739611402
-0.22695253184218994,-0.2113873392439113,0.551722695135573,-2.918800355026059,-0.139865794260761,-1.5833953182724754
-0.2268265519692702,-0.21125719832634926,0.551699164101548,-2.9193766670390837,-0.13992889973112793,-1.5830518328757455
-0.22670037861726527,-0.21112741542929503,0.5516745162283603,-2.919949598156073,-0.13999261440982838,-1.5827082046203476
-0.22657402426525536,-0.21099799735044078,0.5516487636988108,-2.9205192726938436,-0.14005691003646403,-1.5823643203556772
-0.22644750139232098,-0.21086895088747876,0.5516219186957005,-2.9210858149692114,-0.1401217583506367,-1.582020066931132
-0.22632082247754237,-0.2107402828381011,0.5515939934018299,-2.921649349298992,-0.14018713109194808,-1.5816753311961074
-0.226194,-0.210612,0.551565,-2.92221,-0.140253,-1.58133
-0.2260670491197952,-0.21048411286632948,0.5515349520365208,-2.9227678841477704,-0.14031930679601365,-1.5809839487089075
-0.2259399957211134,-0.21035664671209128,0.5515038685117407,-2.923323089852705,-0.14038587312768802,-1.5806370067557323
-0.22581286836916092,-0.2102296305077486,0.5514717697895177,-2.923875697983924,-0.1404524906243418,-1.580288992090078
-0.22568569562914426,-0.21010309322376503,0.5514386762337096,-2.9244257894105474,-0.14051895091529348,-1.579939722661548
-0.2255585060662698,-0.20997706383060394,0.5514046082081744,-2.924973445001694,-0.14058504562986157,-1.5795890164197453
-0.2254313282457439,-0.20985157129872883,0.55136958607677,-2.925518745626484,-0.1406505663973646,-1.579236691314274
-0.22530419073277297,-0.20972664459860305,0.5513336302033541,-2.9260617721540383,-0.14071530484712116,-1.5788825652947371
-0.22517712209256344,-0.2096023127006901,0.551296760951785,-2.9266026054534757,-0.1407790526084498,-1.5785264563107386
-0.2250501508903217,-0.2094786045754534,0.5512589986859203,-2.927141326393917,-0.140841601310669,-1.5781681823118818
-0.22492330569125418,-0.20935554919335642,0.5512203637696178,-2.9276780158444815,-0.14090274258309735,-1.5778075612477698
-0.22479661506056725,-0.20923317552486254,0.5511808765667355,-2.9282127546742895,-0.1409622680550534,-1.5774444110680064
-0.2246701075634673,-0.20911151254043522,0.5511405574411316,-2.9287456237524605,-0.14101996935585567,-1.577078549722195
-0.2245438117651608,-0.20899058921053787,0.5510994267566635,-2.9292767039481142,-0.1410756381148227,-1.5767097951599391
-0.2244177562308541,-0.20887043450563403,0.5510575048771895,-2.9298060761303706,-0.14112906596127303,-1.5763379653308423
-0.2242919695257536,-0.20875107739618703,0.5510148121665672,-2.93033382116835,-0.1411800445245252,-1.5759628781845076
-0.2241664802150657,-0.20863254685266033,0.5509713689886546,-2.930860019931172,-0.14122836543389783,-1.5755843516705392
-0.22404131658532328,-0.20851487159740623,0.5509271954515931,-2.9313847509846083,-0.14127382150835008,-1.57520220605584
-0.22391649020264726,-0.20839806546610684,0.5508822963205277,-2.9319079546935356,-0.1413162769452879,-1.5748164006453083
-0.22379198671651984,-0.20828211922010556,0.5508366525789584,-2.932429357211445,-0.1413557065787091,-1.5744271102527347
-0.22366778954703512,-0.2081670216358565,0.5507902431646533,-2.932948666265041,-0.14139209475973777,-1.574034528230309
-0.22354388211428705,-0.2080527614898136,0.5507430470153798,-2.933465589581028,-0.14142542583949802,-1.5736388479302201
-0.22342024783836972,-0.20793932755843114,0.5506950430689059,-2.9339798348861104,-0.14145568416911386,-1.573240262704658
-0.2232968701393771,-0.20782670861816294,0.550646210262999,-2.934491109906994,-0.14148285409970943,-1.5728389659058126
-0.22317373243740324,-0.20771489344546323,0.5505965275354269,-2.9349991223703817,-0.14150691998240875,-1.5724351508858734
-0.2230508181525421,-0.20760387081678602,0.550545973823957,-2.9355035800029796,-0.14152786616833593,-1.57202901099703
-0.22292811070488783,-0.20749362950858538,0.5504945280663573,-2.9360041905314915,-0.141545677008615,-1.5716207395914725
-0.22280559351453427,-0.20738415829731532,0.5504421692003952,-2.936500661682622,-0.1415603368543701,-1.57121053002139
-0.22268325000157563,-0.20727544595942998,0.5503888761638385,-2.936992701183076,-0.14157183005672533,-1.5707985756389724
-0.22256106358610578,-0.20716748127138343,0.5503346278944548,-2.937480016759558,-0.1415801409668046,-1.570385069796409
-0.22243901768821883,-0.20706025300962963,0.5502794033300119,-2.937962316138773,-0.1415852539357322,-1.56997020584589
-0.2223170957280087,-0.2069537499506227,0.5502231814082772,-2.938439307047425,-0.14158715331463206,-1.5695541771396047
-0.22219528112556958,-0.20684796087081678,0.5501659410670184,-2.938910697212219,-0.14158582345462828,-1.5691371770297429
-0.22207355730099532,-0.20674287454666582,0.5501076612440033,-2.939376194359859,-0.141581248706845,-1.568719398868494
-0.2219519075415565,-0.20663848007122965,0.5500483218079283,-2.9398355052697602,-0.14157344120823642,-1.56830103501691
-0.22183031359045002,-0.20653477021810984,0.549987913449534,-2.940288325709076,-0.14156273610603257,-1.567882266314058
-0.22170875619469638,-0.20643174013545096,0.5499264338415262,-2.9407343443402807,-0.1415496769411899,-1.5674632661654686
-0.22158721608471305,-0.2063293850109733,0.5498638807729759,-2.941173249707436,-0.14153481072789353,-1.5670442078527795
-0.22146567399091757,-0.20622770003239724,0.5498002520329549,-2.941604730354604,-0.1415186844803286,-1.5666252646576289
-0.22134411064372747,-0.20612668038744306,0.5497355454105348,-2.942028474825845,-0.14150184521268028,-1.566206609861654
-0.22122250677356023,-0.20602632126383102,0.5496697586947868,-2.9424441716652217,-0.14148483993913374,-1.5657884167464935
-0.2211008431108334,-0.2059266178492815,0.5496028896747823,-2.942851509416795,-0.14146821567387413,-1.565370858593785
-0.2209791003859645,-0.20582756533151483,0.5495349361395931,-2.9432501766246273,-0.14145251943108658,-1.5649541086851664
-0.22085725932937098,-0.20572915889825125,0.5494658958782906,-2.9436398618327804,-0.14143829822495632,-1.5645383403022755
-0.22073530067147046,-0.20563139373721112,0.5493957666799459,-2.944020253585315,-0.1414260990696684,-1.5641237267267505
-0.22061320514268037,-0.20553426503611472,0.5493245463336309,-2.9443910404262934,-0.14141646897940804,-1.5637104412402285
-0.2204909534734183,-0.20543776798268246,0.5492522326284168,-2.944751910899777,-0.14140995496836042,-1.5632986571243483
-0.22036852639410165,-0.20534189776463446,0.5491788233533752,-2.9451025535498285,-0.14140710405071064,-1.5628885476607473
-0.2202459046351481,-0.2052466495696912,0.5491043162975777,-2.9454426569205077,-0.14140846324064385,-1.5624802861310636
-0.220123068926975,-0.20515201858557294,0.5490287092500954,-2.945771909555878,-0.14141457955234527,-1.5620740458169353
-0.22,-0.205058,0.548952,-2.94609,-0.141426,-1.56167
-0.21987668142194364,-0.20496458904951675,0.5488741944971754,-2.9463967004157667,-0.1414432326487849,-1.5612682878951656
-0.21975310810973867,-0.20487178116596375,0.5487953313347557,-2.9466921174413963,-0.14146662976784358,-1.5608689124504207
-0.21962927781762115,-0.20477957183000578,0.5487154572666872,-2.9469764413339368,-0.14149650467731134,-1.5604718425470245
-0.21950518829982696,-0.20468795652230753,0.5486346190469166,-2.947249862350437,-0.14153317069732352,-1.5600770470662355
-0.21938083731059196,-0.20459693072353366,0.54855286342939,-2.947512570747946,-0.14157694114801536,-1.5596844948893127
-0.21925622260415203,-0.2045064899143488,0.5484702371680542,-2.9477647567835126,-0.1416281293495222,-1.5592941548975143
-0.2191313419347432,-0.20441662957541773,0.5483867870168555,-2.948006610714185,-0.14168704862197934,-1.5589059959720994
-0.21900619305660138,-0.2043273451874051,0.5483025597297404,-2.9482383227970126,-0.14175401228552206,-1.558519986994327
-0.21888077372396242,-0.2042386322309756,0.5482176020606555,-2.9484600832890426,-0.1418293336602857,-1.5581360968454554
-0.21875508169106217,-0.20415048618679388,0.548131960763547,-2.948672082447326,-0.14191332606640555,-1.5577542944067437
-0.21862911471213672,-0.20406290253552467,0.5480456825923614,-2.9488745105289103,-0.14200630282401688,-1.5573745485594503
-0.21850287054142187,-0.20397587675783269,0.5479588143010454,-2.949067557790844,-0.14210857725325504,-1.5569968281848343
-0.21837634693315355,-0.20388940433438257,0.5478714026435453,-2.9492514144901767,-0.14222046267425525,-1.5566211021641547
-0.21824954164156762,-0.203803480745839,0.5477834943738076,-2.9494262708839565,-0.14234227240715297,-1.5562473393786695
-0.21812245242090006,-0.20371810147286673,0.5476951362457787,-2.949592317229232,-0.14247431977208333,-1.555875508709638
-0.21799507702538684,-0.20363326199613033,0.5476063750134053,-2.949749743783052,-0.1426169180891817,-1.555505579038319
-0.21786741335752555,-0.20354895792548572,0.5475172574732582,-2.949898741972903,-0.14277037799957804,-1.5551375187367862
-0.21773946821551857,-0.20346519262225382,0.5474278329793887,-2.950039573452451,-0.14293484940408333,-1.5547712656260277
-0.2176112621859109,-0.20338198146252698,0.5473381548499423,-2.95017260872595,-0.14311023305601356,-1.5544067101728491
-0.21748281704134126,-0.20329934085592605,0.5472482767440616,-2.950298227661142,-0.14329640827664247,-1.5540437387705774
-0.21735415455444854,-0.20321728721207202,0.5471582523208892,-2.9504168101257724,-0.1434932543872437,-1.5536822378125392
-0.21722529649787148,-0.20313583694058573,0.5470681352395678,-2.9505287359875827,-0.1437006507090909,-1.553322093692062
-0.217096264644249,-0.20305500645108826,0.5469779791592401,-2.9506343851143173,-0.14391847656345763,-1.5529631928024727
-0.21696708076621987,-0.20297481215320048,0.5468878377390487,-2.9507341373737193,-0.14414661127161754,-1.5526054215370984
-0.21683776663642296,-0.2028952704565433,0.5467977646381363,-2.9508283726335325,-0.14438493415484432,-1.5522486662892663
-0.216708344027497,-0.20281639777073765,0.5467078135156456,-2.950917470761499,-0.1446333245344117,-1.5518928134523031
-0.21657883471208095,-0.2027382105054045,0.5466180380307191,-2.9510018116253645,-0.1448916617315931,-1.5515377494195364
-0.21644926046281357,-0.2026607250701648,0.5465284918424997,-2.95108177509287,-0.1451598250676622,-1.5511833605842926
-0.2163196430523337,-0.2025839578746394,0.5464392286101302,-2.95115774103176,-0.14543769386389271,-1.5508295333398996
-0.21619000425328005,-0.20250792532844933,0.5463503019927528,-2.9512300893097794,-0.1457251474415584,-1.5504761540796834
-0.21606036583829166,-0.20243264384121548,0.5462617656495105,-2.951299199794669,-0.14602206512193264,-1.550123109196972
-0.21593074958000721,-0.20235812982255882,0.5461736732395458,-2.951365452354173,-0.14632832622628913,-1.549770285085092
-0.21580117725106557,-0.20228439968210027,0.5460860784220016,-2.9514292268560354,-0.14664381007590152,-1.5494175681373707
-0.21567167047904723,-0.2022114685608795,0.5459990307540125,-2.9514908825380846,-0.14696839290866082,-1.5490648544948933
-0.2155422492052304,-0.20213933685267987,0.5459125321068715,-2.951550538815396,-0.1473019151181313,-1.5487121536164359
-0.21541293228295613,-0.20206799543692552,0.5458265535868126,-2.9516081603786857,-0.14764419397250617,-1.548359548068961
-0.21528373854743318,-0.20199743503446804,0.5457410657873185,-2.951663709339932,-0.14799504635455554,-1.5480071216379026
-0.2151546868338703,-0.20192764636615895,0.5456560393018721,-2.951717147811113,-0.14835428914704976,-1.5476549581086925
-0.21502579597747631,-0.20185862015284994,0.5455714447239565,-2.951768437904205,-0.14872173923275867,-1.5473031412667646
-0.21489708481346,-0.2017903471153925,0.5454872526470542,-2.951817541731186,-0.14909721349445257,-1.5469517548975518
-0.21476857217703016,-0.20172281797463817,0.5454034336646483,-2.9518644214040344,-0.14948052881490156,-1.546600882786487
-0.21464027690339543,-0.20165602345143857,0.5453199583702214,-2.9519090390347276,-0.14987150207687605,-1.5462506087190027
-0.2145122178277648,-0.20158995426664528,0.5452367973572565,-2.951951356735243,-0.15026995016314584,-1.5459010164805325
-0.21438441378534695,-0.20152460114110982,0.5451539212192368,-2.9519913366175587,-0.15067568995648123,-1.545552189856509
-0.21425688361135065,-0.20145995479568382,0.5450713005496446,-2.9520289407936517,-0.15108853833965236,-1.5452042126323655
-0.21412964614098465,-0.20139600595121876,0.544988905941963,-2.9520641313755,-0.1515083121954296,-1.5448571685935346
-0.21400272020945785,-0.2013327453285663,0.5449067079896749,-2.9520968704750814,-0.1519348284065827,-1.5445111415254498
-0.21387612465197897,-0.20127016364857797,0.5448246772862632,-2.952127120204373,-0.15236790385588206,-1.5441662152135438
-0.21374987830375677,-0.20120825163210534,0.5447427844252105,-2.9521548426753537,-0.15280735542609775,-1.5438224734432493
-0.213624,-0.201147,0.544661,-2.95218,-0.153253,-1.54348
-0.21349850847513702,-0.20108639820680033,0.5445792993663547,-2.952202572232351,-0.15370465350717175,-1.5431388861024793
-0.21337342206047435,-0.20102643064179232,0.5444976769289605,-2.952222611194692,-0.15416212806444568,-1.5427992527023777
-0.21324875898653808,-0.20096708042794875,0.5444161318547427,-2.9522401866513683,-0.1546252348354678,-1.5424612281846357
-0.21312453748385418,-0.20090833068824238,0.5443346633106276,-2.952255368366726,-0.15509378498388388,-1.5421249409341946
-0.21300077578294865,-0.2008501645456459,0.544253270463541,-2.952268226105111,-0.1555675896733398,-1.5417905193359949
-0.21287749211434773,-0.2007925651231323,0.5441719524804086,-2.9522788296308704,-0.15604646006748094,-1.5414580917749783
-0.21275470470857735,-0.2007355155436742,0.5440907085281567,-2.952287248708348,-0.15653020732995326,-1.5411277866360853
-0.2126324317961636,-0.2006789989302445,0.5440095377737109,-2.952293553101891,-0.15701864262440252,-1.5407997323042566
-0.21251069160763242,-0.20062299840581588,0.5439284393839973,-2.952297812575846,-0.1575115771144746,-1.5404740571644342
-0.21238950237351,-0.20056749709336122,0.5438474125259414,-2.952300096894558,-0.15800882196381494,-1.5401508896015583
-0.21226888232432234,-0.20051247811585324,0.5437664563664695,-2.952300475822373,-0.1585101883360694,-1.5398303580005699
-0.2121488496905955,-0.20045792459626477,0.5436855700725074,-2.9522990191236373,-0.15901548739488378,-1.5395125907464104
-0.21202942270285544,-0.20040381965756854,0.543604752810981,-2.9522957965626966,-0.15952453030390404,-1.5391977162240202
-0.21191061959162835,-0.2003501464227374,0.543524003748816,-2.952290877903897,-0.1600371282267755,-1.538885862818341
-0.21179245858744022,-0.20029688801474407,0.5434433220529385,-2.952284332911585,-0.16055309232714407,-1.5385771589143138
-0.21167495792081711,-0.20024402755656143,0.5433627068902744,-2.9522762313501056,-0.16107223376865554,-1.538271732896879
-0.21155813570334775,-0.20019154804533676,0.5432821573949834,-2.9522666418644614,-0.16159436635359176,-1.5379697148312854
-0.21144200291038426,-0.20013942492869324,0.5432016707352578,-2.952255565939022,-0.16211946220238224,-1.5376713356012495
-0.21132655945611192,-0.2000876219524914,0.5431212410320402,-2.9522429009591766,-0.16264773882858774,-1.5373769823591121
-0.2112118043032177,-0.2000361018559885,0.5430408621441438,-2.952228535355564,-0.163179434854855,-1.537087055699676
-0.2110977364143886,-0.1999848273784418,0.5429605279303826,-2.9522123575588237,-0.1637147889038312,-1.5368019562177446
-0.21098435475231167,-0.19993376125910867,0.5428802322495699,-2.952194255999592,-0.16425403959816265,-1.5365220845081204
-0.21087165827967397,-0.19988286623724627,0.5427999689605195,-2.9521741191085087,-0.16479742556049648,-1.5362478411656069
-0.21075964595916247,-0.19983210505211205,0.5427197319220446,-2.9521518353162124,-0.16534518541347956,-1.535979626785007
-0.21064831675346413,-0.19978144044296314,0.5426395149929589,-2.9521272930533415,-0.16589755777975895,-1.5357178419611235
-0.21053766962526602,-0.19973083514905693,0.5425593120320762,-2.9521003807505344,-0.16645478128198105,-1.5354628872887597
-0.21042770353725523,-0.19968025190965064,0.5424791168982096,-2.952070986838429,-0.16701709454279293,-1.5352151633627187
-0.21031841745211866,-0.19962965346400158,0.542398923450173,-2.9520389997476646,-0.16758473618484146,-1.5349750707778034
-0.21020981033254338,-0.19957900255136704,0.5423187255467798,-2.95200430790888,-0.16815794483077376,-1.5347430101288169
-0.2101018811412164,-0.19952826191100434,0.5422385170468436,-2.951966799752713,-0.1687369591032362,-1.5345193820105623
-0.2099946288408248,-0.1994773942821707,0.542158291809178,-2.951926363709802,-0.16932201762487584,-1.5343045870178422
-0.20988805239405545,-0.19942636240412348,0.5420780436925965,-2.9518828882107857,-0.16991335901833954,-1.5340990257454603
-0.20978215076359544,-0.19937512901611987,0.5419977665559125,-2.9518362616863025,-0.17051122190627446,-1.533903098788219
-0.20967692207598565,-0.19932365812303407,0.5419174540874216,-2.951786381309829,-0.17111581912540688,-1.5337171853286278
-0.20957235473756683,-0.1992719284425358,0.541837097993145,-2.951733245890328,-0.17172706375114397,-1.5335414156312757
-0.20946843088358322,-0.19921992818442102,0.5417566887002172,-2.951676919808045,-0.17234467546449247,-1.533375759368547
-0.2093651325447606,-0.1991676457166878,0.5416762166144581,-2.9516174685360803,-0.17296837072321955,-1.5332201835362882
-0.20926244175182496,-0.19911506940733423,0.5415956721416877,-2.951554957547533,-0.17359786598509147,-1.5330746551303458
-0.20916034053550217,-0.19906218762435834,0.5415150456877259,-2.951489452315504,-0.1742328777078753,-1.5329391411465674
-0.20905881092651807,-0.19900898873575823,0.5414343276583926,-2.9514210183130936,-0.17487312234933794,-1.5328136085807993
-0.20895783495559853,-0.198955461109532,0.5413535084595075,-2.9513497210134014,-0.17551831636724646,-1.5326980244288881
-0.2088573946534695,-0.19890159311367767,0.5412725784968907,-2.951275625889527,-0.17616817621936712,-1.5325923556866816
-0.20875747205085682,-0.19884737311619327,0.541191528176362,-2.9511987984145716,-0.17682241836346702,-1.532496569350026
-0.20865804917848638,-0.19879278948507698,0.5411103479037414,-2.951119304061634,-0.17748075925731305,-1.5324106324147684
-0.208559108067084,-0.19873783058832675,0.5410290280848485,-2.9510372083038154,-0.17814291535867227,-1.5323345118767553
-0.2084606307473757,-0.19868248479394074,0.5409475591255036,-2.950952576614215,-0.17880860312531094,-1.5322681747318336
-0.20836259925008727,-0.19862674046991702,0.5408659314315266,-2.9508654744659335,-0.1794775390149962,-1.5322115879758504
-0.20826499560594458,-0.19857058598425356,0.5407841354087369,-2.9507759673320706,-0.18014943948549486,-1.5321647186046528
-0.20816780184567352,-0.19851400970494856,0.5407021614629547,-2.9506841206857257,-0.18082402099457404,-1.532127533614087
-0.208071,-0.198457,0.54062,-2.95059,-0.181501,-1.5321
-0.20797457471893055,-0.19839955098886472,0.5405376443963736,-2.95049369742197,-0.182180077578293,-1.5320820260558994
-0.2078785211295939,-0.1983416797968344,0.5404550999113015,-2.95039541179462,-0.1828608932809858,-1.5320732852659342
-0.20778283697839953,-0.19828340930065946,0.5403723747746905,-2.9502953686349107,-0.18354307127836436,-1.532073392411914
-0.20768752001175703,-0.1982247623770904,0.540289477216447,-2.950193793459805,-0.184226235740714,-1.5320819622756483
-0.20759256797607573,-0.19816576190287763,0.5402064154664786,-2.950090911786263,-0.18491001083832087,-1.5320986096389464
-0.20749797861776512,-0.19810643075477155,0.5401231977546919,-2.949986949131246,-0.18559402074147077,-1.5321229492836181
-0.2074037496832346,-0.19804679180952264,0.5400398323109936,-2.949882131011716,-0.18627788962044983,-1.5321545959914733
-0.20730987891889366,-0.19798686794388132,0.5399563273652908,-2.9497766829446337,-0.18696124164554329,-1.532193164544321
-0.20721636407115182,-0.197926682034598,0.53987269114749,-2.9496708304469603,-0.18764370098703723,-1.532238269723971
-0.20712320288641847,-0.19786625695842322,0.5397889318874987,-2.949564799035657,-0.18832489181521753,-1.532289526312233
-0.20703039311110302,-0.19780561559210724,0.5397050578152229,-2.949458814227686,-0.1890044383003703,-1.5323465490909163
-0.20693793249161502,-0.19774478081240066,0.5396210771605704,-2.9493531015400074,-0.18968196461278078,-1.5324089528418308
-0.2068458187743639,-0.19768377549605384,0.5395369981534476,-2.9492478864895837,-0.19035709492273503,-1.5324763523467853
-0.20675404970575906,-0.19762262251981721,0.5394528290237615,-2.9491433945933756,-0.19102945340051897,-1.5325483623875902
-0.20666262303220997,-0.19756134476044124,0.5393685780014188,-2.9490398513683442,-0.19169866421641868,-1.5326245977460549
-0.2065715365001261,-0.19749996509467635,0.5392842533163265,-2.948937482331451,-0.19236435154071937,-1.5327046732039886
-0.20648078794039365,-0.19743850631700294,0.5391998632036054,-2.9488365117951023,-0.19302614171765048,-1.5327882058763809
-0.20639038025250125,-0.19737698628569755,0.5391154162112077,-2.948737091798406,-0.19368379152803505,-1.5328749528690002
-0.20630032419227157,-0.1973154152079209,0.5390309213719755,-2.948639262356856,-0.19433725992941744,-1.5329648882733249
-0.2062106311913409,-0.19725380263267311,0.5389463877604612,-2.9485430538495083,-0.19498652327088686,-1.5330580048462696
-0.20612131268134556,-0.19719215810895444,0.5388618244512173,-2.948448496655416,-0.19563155790153358,-1.5331542953447492
-0.20603238009392186,-0.19713049118576506,0.5387772405187968,-2.9483556211536355,-0.19627234017044734,-1.533253752525678
-0.20594384486070602,-0.1970688114121051,0.5386926450377519,-2.9482644577232198,-0.1969088464267183,-1.533356369145972
-0.20585571841333447,-0.19700712833697484,0.5386080470826354,-2.9481750367432253,-0.1975410530194358,-1.5334621379625453
-0.2057680121834434,-0.1969454515093744,0.5385234557280001,-2.9480873885927057,-0.19816893629769003,-1.5335710517323133
-0.2056807376026692,-0.19688379047830398,0.5384388800483981,-2.948001543650716,-0.1987924726105707,-1.5336831032121905
-0.20559390610264805,-0.19682215479276374,0.5383543291183824,-2.9479175322963123,-0.19941163830716807,-1.5337982851590921
-0.2055075291150164,-0.19676055400175388,0.5382698120125057,-2.947835384908547,-0.2000264097365714,-1.5339165903299328
-0.20542161807141054,-0.19669899765427462,0.5381853378053203,-2.9477551318664763,-0.20063676324787086,-1.5340380114816274
-0.20533618440346668,-0.19663749529932611,0.5381009155713788,-2.947676803549155,-0.20124267519015632,-1.5341625413710913
-0.20525123954282107,-0.1965760564859085,0.5380165543852341,-2.9476004303356373,-0.20184412191251783,-1.5342901727552394
-0.2051667949211102,-0.19651469076302208,0.5379322633214386,-2.9475260426049785,-0.2024410797640448,-1.5344208983909855
-0.20508286196997028,-0.19645340767966693,0.5378480514545452,-2.947453670736234,-0.20303352509382733,-1.5345547110352458
-0.20499945248169976,-0.1963922140653494,0.5377639270040606,-2.9473833251908155,-0.20362147657017823,-1.5346916376964712
-0.2049165824412949,-0.19633108513545922,0.5376798882495892,-2.9473147848875585,-0.20420544482237743,-1.5348321035572263
-0.20483427053871833,-0.19626997570918198,0.5375959270578944,-2.9472476793629867,-0.20478625787387633,-1.5349767906865996
-0.2047525355090153,-0.19620884026576652,0.5375120351888587,-2.9471816356639207,-0.20536474903802984,-1.535126385435122
-0.20467139608723123,-0.19614763328446164,0.5374282044023646,-2.94711628083718,-0.20594175162819275,-1.5352815741533243
-0.20459087100841133,-0.19608630924451612,0.5373444264582954,-2.947051241929584,-0.20651809895772,-1.5354430431917374
-0.20451097900760107,-0.19602482262517887,0.5372606931165332,-2.946986145987952,-0.20709462433996584,-1.535611478900892
-0.20443173881984578,-0.19596312790569864,0.5371769961369612,-2.946920620059105,-0.20767216108828518,-1.5357875676313189
-0.2043531691801907,-0.19590117956532432,0.5370933272794616,-2.9468542911898608,-0.20825154251603284,-1.5359719957335487
-0.2042752888236812,-0.1958389320833047,0.5370096783039173,-2.9467867864270403,-0.20883360193656378,-1.5361654495581127
-0.2041981164853627,-0.19577633993888857,0.5369260409702109,-2.9467177328174627,-0.20941917266323218,-1.5363686154555416
-0.20412167090028044,-0.1957133576113248,0.5368424070382251,-2.9466467574079482,-0.21000908800939305,-1.5365821797763661
-0.2040459708034798,-0.1956499395798622,0.5367587682678427,-2.946573487245315,-0.2106041812884011,-1.5368068288711165
-0.20397103493000607,-0.19558604032374957,0.5366751164189463,-2.9464975493763848,-0.21120528581361134,-1.5370432490903247
-0.20389688201490463,-0.1955216143222358,0.5365914432514187,-2.946418570847975,-0.21181323489837794,-1.5372921267845208
-0.20382353079322083,-0.19545661605456968,0.5365077405251424,-2.946336178706907,-0.21242886185605592,-1.5375541483042356
-0.203751,-0.195391,0.536424,-2.94625,-0.213053,-1.53783
-0.2036793042444769,-0.1953247267402349,0.5363402112302135,-2.946159701825214,-0.2136863466295879,-1.5381202597107502
-0.2036084416326445,-0.1952577812668196,0.5362563549473602,-2.946065111485076,-0.21432905498828764,-1.5384250712290426
-0.20353840614468507,-0.19519015467375866,0.5361724096773571,-2.945966096333251,-0.2149811423055906,-1.5387444698358392
-0.203469191760781,-0.19512183805505656,0.5360883539461208,-2.945862523723407,-0.21564262581098811,-1.5390784908121018
-0.2034007924611146,-0.19505282250471778,0.5360041662795676,-2.94575426100921,-0.21631352273397167,-1.5394271694387922
-0.20333320222586823,-0.19498309911674694,0.5359198252036146,-2.945641175544327,-0.2169938503040319,-1.5397905409968724
-0.20326641503522433,-0.1949126589851485,0.5358353092441783,-2.945523134682424,-0.21768362575066033,-1.540168640767304
-0.20320042486936515,-0.19484149320392696,0.5357505969271753,-2.9454000057771683,-0.21838286630334816,-1.540561504031049
-0.20313522570847306,-0.19476959286708687,0.5356656667785222,-2.945271656182227,-0.21909158919158703,-1.5409691660690694
-0.20307081153273046,-0.19469694906863277,0.5355804973241359,-2.945137953251266,-0.21980981164486746,-1.5413916621623267
-0.20300717632231965,-0.19462355290256916,0.535495067089933,-2.944998764337952,-0.220537550892681,-1.541829027591783
-0.20294431405742303,-0.19454939546290054,0.5354093546018299,-2.944853956795952,-0.2212748241645189,-1.5422812976383997
-0.20288221871822287,-0.1944744678436314,0.5353233383857434,-2.9447033979789325,-0.2220216486898727,-1.5427485075831395
-0.2028208842849016,-0.19439876113876634,0.5352369969675903,-2.9445469552405608,-0.222778041698233,-1.543230692706964
-0.20276030473764156,-0.19432226644230982,0.5351503088732873,-2.9443844959345027,-0.22354402041909138,-1.543727888290834
-0.20270047405662514,-0.1942449748482664,0.5350632526287507,-2.944215887414425,-0.22431960208193902,-1.5442401296157124
-0.20264138622818298,-0.1941668777825092,0.5349758069135426,-2.9440410003101976,-0.22510479632058347,-1.544767446876911
-0.20258303560755073,-0.19408798658303322,0.5348879596259414,-2.9438599018238545,-0.22589915702779026,-1.5453095651307256
-0.2025254171217663,-0.19400834345162205,0.5347997129532355,-2.9436729638442887,-0.22670153169771212,-1.5458657364679806
-0.20246852574705498,-0.19392799324500867,0.5347110703118755,-2.943480584470014,-0.22751070705902948,-1.546435172294298
-0.20241235645964195,-0.19384698081992624,0.5346220351183122,-2.9432831617995414,-0.22832546984042304,-1.5470170840152992
-0.2023569042357526,-0.19376535103310785,0.5345326107889963,-2.943081093931388,-0.22914460677057244,-1.547610683036606
-0.20230216405161203,-0.19368314874128661,0.5344428007403782,-2.9428747789640646,-0.22996690457815838,-1.5482151807638402
-0.2022481308834456,-0.19360041880119563,0.534352608388909,-2.9426646149960867,-0.23079114999186118,-1.5488297886026239
-0.2021947997074785,-0.19351720606956796,0.5342620371510391,-2.9424510001259674,-0.2316161297403616,-1.5494537179585788
-0.20214216549993605,-0.19343355540313675,0.5341710904432193,-2.9422343324522195,-0.2324406305523393,-1.5500861802373265
-0.20209022323704348,-0.1933495116586351,0.5340797716819002,-2.942015010073358,-0.23326343915647485,-1.550726386844489
-0.202038967895026,-0.19326511969279606,0.5339880842835326,-2.941793431087896,-0.23408334228144878,-1.5513735491856877
-0.201988394450109,-0.19318042436235278,0.5338960316645673,-2.9415699935943467,-0.23489912665594131,-1.5520268786665452
-0.2019384978785175,-0.1930954705240383,0.5338036172414545,-2.941345095691225,-0.23570957900863326,-1.5526855866926828
-0.201889273156477,-0.19301030303458583,0.5337108444306453,-2.941119135477042,-0.2365134860682042,-1.5533488846697225
-0.2018407152602126,-0.19292496675072837,0.5336177166485904,-2.940892511050315,-0.23730963456333481,-1.5540159840032857
-0.20179281916594966,-0.19283950652919904,0.5335242373117401,-2.9406656205095545,-0.2380968112227055,-1.5546860960989943
-0.2017455797236265,-0.19275396727879662,0.533430411461426,-2.9404388630077825,-0.23887384389732325,-1.5553584397348625
-0.20169899031509697,-0.19266839451358342,0.5333362630282148,-2.9402126499566617,-0.23964003848523685,-1.5560323193929542
-0.2016530433750636,-0.1925828341381143,0.533241828129277,-2.9399874006766584,-0.24039500930194324,-1.5567070948482724
-0.20160773132244295,-0.19249733206345235,0.5331471430848933,-2.9397635346200515,-0.24113837580322978,-1.5573821267973678
-0.20156304657615168,-0.19241193420066063,0.5330522442153443,-2.9395414712391186,-0.2418697574448842,-1.5580567759367911
-0.2015189815551064,-0.19232668646080223,0.5329571678409104,-2.939321629986139,-0.24258877368269316,-1.5587304029630935
-0.2014755286782238,-0.19224163475494022,0.5328619502818724,-2.9391044303133915,-0.2432950439724444,-1.5594023685728258
-0.2014326803644204,-0.1921568249941377,0.5327666278585111,-2.938890291673155,-0.2439881877699252,-1.5600720334625389
-0.20139042903261292,-0.19207230308945772,0.5326712368911066,-2.9386796335177077,-0.24466782453092328,-1.5607387583287842
-0.20134876710171795,-0.19198811495196338,0.5325758136999401,-2.9384728752993285,-0.24533357371122538,-1.5614019038681117
-0.2013076869906521,-0.19190430649271784,0.5324803946052917,-2.938270436470297,-0.24598505476661917,-1.562060830777073
-0.20126718111833203,-0.19182092362278405,0.5323850159274423,-2.9380727364828902,-0.24662188715289202,-1.5627148997522187
-0.20122724190367433,-0.1917380122532251,0.5322897139866724,-2.937880194789389,-0.24724369032583152,-1.5633634714901006
-0.20118786176559564,-0.1916556182951042,0.5321945251032626,-2.9376932308420702,-0.24785008374122453,-1.5640059066872682
-0.20114903312301263,-0.19157378765948432,0.5320994855974935,-2.9375122640932134,-0.24844068685485865,-1.5646415660402733
-0.2011107483948419,-0.19149256625742855,0.5320046317896457,-2.9373377139950967,-0.24901511912252125,-1.565269810245667
-0.201073,-0.191412,0.53191,-2.93717,-0.249573,-1.56589
-0.20103577973626893,-0.19133212794292032,0.5318156214165278,-2.9370094215868834,-0.25011415161914546,-1.5665016569050938
-0.2009990769168916,-0.19125296172054554,0.5317215066979651,-2.9368557983414365,-0.2506392068160644,-1.5671049461838515
-0.20096288023397635,-0.19117450611189019,0.5316276613707388,-2.9367088298760304,-0.25114900110292687,-1.567700193964449
-0.20092717837963123,-0.19109676589596883,0.5315340909612756,-2.936568215803036,-0.2516443699919034,-1.56828772637506
-0.20089196004596463,-0.19101974585179607,0.5314408009960025,-2.936433655734826,-0.25212614899516383,-1.568867869543859
-0.2008572139250847,-0.1909434507583865,0.5313477970013465,-2.9363048492837716,-0.25259517362487843,-1.5694409495990205
-0.20082292870909982,-0.1908678853947547,0.5312550845037343,-2.936181496062243,-0.2530522793932175,-1.5700072926687187
-0.20078909309011805,-0.19079305453991516,0.5311626690295927,-2.936063295682613,-0.2534983018123515,-1.5705672248811289
-0.20075569576024774,-0.19071896297288254,0.531070556105349,-2.935949947757252,-0.25393407639445004,-1.5711210723644247
-0.20072272541159714,-0.19064561547267145,0.5309787512574298,-2.9358411518985323,-0.25436043865168373,-1.5716691612467808
-0.20069017073627438,-0.1905730168182964,0.5308872600122619,-2.9357366077188245,-0.25477822409622264,-1.572211817656372
-0.20065802042638778,-0.1905011717887719,0.5307960878962724,-2.9356360148305005,-0.2551882682402372,-1.5727493677213724
-0.20062626317404558,-0.19043008516311266,0.5307052404358882,-2.935539072845932,-0.2555914065958973,-1.5732821375699568
-0.20059488767135603,-0.19035976172033323,0.530614723157536,-2.9354454813774895,-0.2559884746753732,-1.5738104533302995
-0.2005638826104273,-0.19029020623944812,0.5305245415876427,-2.9353549400375454,-0.25638030799083533,-1.5743346411305745
-0.20053323668336764,-0.19022142349947196,0.5304347012526354,-2.93526714843847,-0.2567677420544539,-1.5748550270989572
-0.2005029386420912,-0.19015341807251723,0.5303452077001727,-2.9351818067146476,-0.25715161234802447,-1.5753719379642548
-0.2004729808268609,-0.19008618211657202,0.5302560677518341,-2.9350986463211504,-0.2575327525308844,-1.575885736493266
-0.20044336113988065,-0.19001968854773152,0.5301672902037754,-2.9350174472601225,-0.2579119934375602,-1.5763968413116767
-0.20041407796180086,-0.18995390862687433,0.5300788840220081,-2.9349379937097995,-0.2582901656595836,-1.5769056758502384
-0.200385129673272,-0.1898888136148791,0.5299908581725443,-2.9348600698484164,-0.2586680997884862,-1.577412663539702
-0.20035651465494442,-0.1898243747726244,0.529903221621396,-2.9347834598542097,-0.2590466264158,-1.577918227810819
-0.20032823128746863,-0.18976056336098893,0.5298159833345749,-2.934707947905415,-0.2594265761330568,-1.5784227920943399
-0.20030027795149494,-0.1896973506408512,0.5297291522780927,-2.934633318180267,-0.25980877953178855,-1.578926779821017
-0.20027265302767383,-0.18963470787308986,0.5296427374179614,-2.9345593548570013,-0.2601940672035268,-1.5794306144216004
-0.20024535489665574,-0.18957260631858355,0.5295567477201928,-2.934485842113855,-0.2605832697398034,-1.5799347193268414
-0.20021838193909103,-0.18951101723821084,0.5294711921507989,-2.934412564129062,-0.26097721773215027,-1.580439517967492
-0.2001917325356302,-0.1894499118928504,0.5293860796757911,-2.934339305080859,-0.26137674177209935,-1.5809454337743025
-0.20016540506692357,-0.1893892615433808,0.5293014192611818,-2.9342658491474807,-0.26178267245118214,-1.5814528901780247
-0.20013939791362165,-0.1893290374506807,0.5292172198729824,-2.934191980507163,-0.26219584036093063,-1.5819623106094096
-0.2001137094563748,-0.18926921087562865,0.5291334904772053,-2.9341174833381416,-0.2626170760928766,-1.5824741184992082
-0.20008833807583348,-0.1892097530791033,0.5290502400398615,-2.9340421418186526,-0.26304721023855215,-1.5829887372781724
-0.20006328215264807,-0.18915063532198326,0.5289674775269636,-2.9339657401269306,-0.2634870733894885,-1.5835065903770522
-0.20003853987372283,-0.18909183111722577,0.5288852105057831,-2.933888083844493,-0.2639374179850288,-1.5840280573707017
-0.20001410717366255,-0.18903334015820228,0.5288034302832387,-2.9338092273660057,-0.2643980879453173,-1.5845530080091625
-0.19998997853397552,-0.18897517902887379,0.5287221176756985,-2.9337293856107434,-0.2648683410490805,-1.5850809831232426
-0.1999661484119519,-0.18891736459471137,0.5286412533246885,-2.933648776173392,-0.2653474253060204,-1.5856115180617623
-0.19994261126488178,-0.18885991372118596,0.5285608178717341,-2.9335676166486393,-0.2658345887258399,-1.5861441481735425
-0.19991936155005513,-0.18880284327376853,0.5284807919583614,-2.9334861246311696,-0.2663290793182414,-1.5866784088074042
-0.19989639372476214,-0.18874617011793005,0.5284011562260957,-2.9334045177156702,-0.26683014509292774,-1.5872138353121685
-0.1998737022462929,-0.1886899111191415,0.5283218913164632,-2.9333230134968273,-0.26733703405960096,-1.5877499630366556
-0.19985128157193738,-0.1886340831428738,0.5282429778709893,-2.933241829569327,-0.2678489942279639,-1.588286327329686
-0.19982912615898576,-0.18857870305459795,0.5281643965312,-2.9331611835278553,-0.26836527360771895,-1.5888224635400816
-0.19980723046472812,-0.18852378771978492,0.5280861279386206,-2.933081292967099,-0.26888512020856903,-1.5893579070166621
-0.1997855889464545,-0.1884693540039057,0.5280081527347773,-2.933002375481743,-0.26940778204021615,-1.5898921931082488
-0.19976419606145504,-0.18841541877243118,0.5279304515611956,-2.932924648666475,-0.2699325071123631,-1.590424857163662
-0.19974304626701972,-0.18836199889083238,0.5278530050594014,-2.9328483301159802,-0.2704585434347124,-1.5909554345317232
-0.19972213402043876,-0.1883091112245803,0.5277757938709201,-2.9327736374249453,-0.27098513901696675,-1.5914834605612527
-0.19970145377900217,-0.1882567726391458,0.5276987986372778,-2.9327007881880567,-0.2715115418688284,-1.5920084706010713
-0.199681,-0.188205,0.527622,-2.93263,-0.272037,-1.59253
-0.1996607677095389,-0.1881538108439082,0.5275453830863392,-2.932561522216851,-0.27256076105484334,-1.5930475853843833
-0.1996407542089916,-0.18810322539281346,0.5274689509664539,-2.9324957312402393,-0.27308207121635747,-1.5935607684906634
-0.19962095736854732,-0.18805326453995339,0.5273927111962292,-2.9324330352331858,-0.27360017630219985,-1.5940690923328054
-0.19960137505839534,-0.18800394917856542,0.5273166713315506,-2.9323738423587087,-0.27411432213002895,-1.5945720999247752
-0.19958200514872493,-0.1879553002018871,0.5272408389283032,-2.9323185607798288,-0.27462375451750265,-1.5950693342805387
-0.19956284550972528,-0.18790733850315597,0.5271652215423722,-2.9322675986595654,-0.27512771928227925,-1.5955603384140615
-0.19954389401158565,-0.1878600849756095,0.5270898267296428,-2.9322213641609376,-0.2756254622420164,-1.5960446553393093
-0.19952514852449532,-0.18781356051248524,0.5270146620460003,-2.932180265446965,-0.27611622921437223,-1.5965218280702476
-0.19950660691864347,-0.18776778600702068,0.5269397350473299,-2.9321447106806677,-0.2765992660170049,-1.5969913996208425
-0.19948826706421943,-0.18772278235245338,0.5268650532895168,-2.9321151080250654,-0.27707381846757256,-1.5974529130050599
-0.1994701268314124,-0.1876785704420208,0.5267906243284461,-2.932091865643177,-0.27753913238373296,-1.5979059112368648
-0.19945218409041168,-0.18763517116896053,0.5267164557200034,-2.9320753916980222,-0.27799445358314423,-1.5983499373302232
-0.19943443671140648,-0.18759260542651002,0.5266425550200734,-2.9320660943526216,-0.2784390278834644,-1.5987845342991014
-0.199416882564586,-0.1875508941079068,0.5265689297845417,-2.9320643817699934,-0.27887210110235183,-1.5992092451574647
-0.1993995195201396,-0.18751005810638843,0.5264955875692933,-2.932070662113158,-0.279292919057464,-1.5996236129192782
-0.19938234544825642,-0.18747011831519236,0.5264225359302136,-2.932085343545135,-0.2797007275664592,-1.6000271805985085
-0.19936535823907495,-0.1874310954225953,0.5263497825494783,-2.9321088318081423,-0.28009477923014375,-1.6004194954618454
-0.1993485569796831,-0.18739299781922258,0.5262773426866879,-2.9321413873963307,-0.2804747336382156,-1.6008003599394425
-0.19933194261244044,-0.18735581483434,0.5262052433464528,-2.932183045669344,-0.28084088121315404,-1.6011699719648202
-0.19931551623930002,-0.18731953415752653,0.5261335125437062,-2.932233822620419,-0.2811935666426247,-1.6015285634932959
-0.1992992789622146,-0.18728414347836117,0.5260621782933818,-2.93229373424279,-0.2815331346142929,-1.601876366480185
-0.19928323188313724,-0.18724963048642282,0.5259912686104123,-2.932362796529693,-0.281859929815824,-1.6022136128808047
-0.19926737610402084,-0.18721598287129051,0.5259208115097317,-2.932441025474363,-0.28217429693488316,-1.6025405346504706
-0.19925171272681827,-0.18718318832254316,0.5258508350062732,-2.9325284370700353,-0.28247658065913567,-1.6028573637444996
-0.1992362428534825,-0.1871512345297598,0.5257813671149703,-2.932625047309946,-0.28276712567624696,-1.6031643321182079
-0.1992209675859664,-0.18712010918251934,0.525712435850756,-2.9327308721873306,-0.28304627667388255,-1.6034616717269121
-0.19920588802622297,-0.18708979997040076,0.525644069228564,-2.932845927695424,-0.28331437833970735,-1.6037496145259278
-0.19919100527620506,-0.187060294582983,0.5255762952633278,-2.9329702298274616,-0.2835717753613869,-1.6040283924705716
-0.19917632043786562,-0.1870315807098451,0.5255091419699804,-2.933103794576679,-0.2838188124265865,-1.6042982375161607
-0.1991618346131576,-0.18700364604056602,0.5254426373634556,-2.933246637936312,-0.28405583422297154,-1.6045593816180104
-0.19914754890403388,-0.18697647826472463,0.5253768094586865,-2.933398775899596,-0.2842831854382072,-1.6048120567314377
-0.19913346441244742,-0.18695006507189998,0.5253116862706064,-2.933560224459766,-0.2845012107599588,-1.6050564948117585
-0.19911958224035106,-0.18692439415167103,0.5252472958141491,-2.9337309996100576,-0.28471025487589174,-1.6052929278142896
-0.19910590319478652,-0.18689945244946204,0.5251836652778499,-2.9339111105185607,-0.28491066888117833,-1.605521595228641
-0.19909242465445148,-0.1868752182598991,0.5251208122433724,-2.9341004870110488,-0.28510287835825865,-1.60574282413059
-0.19907914178620897,-0.18685166429644817,0.5250587480943971,-2.9342990077247033,-0.28528735694587537,-1.6059569981031192
-0.19906604972005798,-0.18682876317955585,0.5249974841113058,-2.934506550443563,-0.2854645790837088,-1.6061645016709973
-0.1990531435859976,-0.18680648752966877,0.5249370315744792,-2.934722992951667,-0.28563501921144,-1.606365719358993
-0.19904041851402693,-0.18678480996723354,0.524877401764299,-2.9349482130330533,-0.2857991517687495,-1.6065610356918758
-0.199027869634145,-0.18676370311269677,0.5248186059611462,-2.935182088471761,-0.28595745119531796,-1.6067508351944135
-0.19901549207635089,-0.18674313958650504,0.524760655445402,-2.9354244970518284,-0.28611039193082605,-1.606935502391376
-0.1990032809706436,-0.18672309200910508,0.5247035614974477,-2.9356753165572944,-0.2862584484149546,-1.6071154218075316
-0.19899123144702224,-0.18670353300094336,0.5246473353976646,-2.9359344247721975,-0.28640209508738423,-1.6072909779676494
-0.1989793386354859,-0.1866844351824666,0.5245919884264338,-2.936201699480576,-0.28654180638779564,-1.6074625553964983
-0.19896759766603359,-0.18666577117412142,0.5245375318641369,-2.9364770184664684,-0.2866780567558695,-1.6076305386188467
-0.1989560036686644,-0.18664751359635434,0.5244839769911548,-2.936760259513915,-0.2868113206312865,-1.6077953121594646
-0.1989445517733774,-0.18662963506961205,0.5244313350878687,-2.937051300406952,-0.2869420724537274,-1.6079572605431198
-0.19893323711017158,-0.18661210821434118,0.5243796174346601,-2.9373500189296196,-0.2870707866628727,-1.6081167682945814
-0.19892205480904612,-0.1865949056509883,0.5243288353119102,-2.937656292865956,-0.2871979376984034,-1.6082742199386186
-0.198911,-0.186578,0.524279,-2.93797,-0.2873240000000001,-1.60843
-0.1989000673677076,-0.18656137038985426,0.5242301188618378,-2.9382910503368853,-0.2874493382009985,-1.6085843844669678
-0.19888924981554446,-0.18654502198115439,0.5241821835904383,-2.9386194827661267,-0.28757387770935544,-1.608737215181657
-0.1988785398015614,-0.18652896644253483,0.5241351819613431,-2.9389553683983345,-0.2876974341266829,-1.6088882254496757
-0.1988679297838092,-0.18651321544263028,0.5240891017500939,-2.939298778344118,-0.2878198230545927,-1.609037148576632
-0.1988574122203388,-0.18649778065007516,0.5240439307322327,-2.9396497837140876,-0.2879408600946967,-1.6091837178681339
-0.19884697956920094,-0.18648267373350422,0.5239996566833006,-2.940008455618854,-0.28806036084860687,-1.6093276666297898
-0.1988366242884465,-0.18646790636155186,0.5239562673788395,-2.9403748651690265,-0.2881781409179351,-1.6094687281672073
-0.19882633883612633,-0.18645349020285282,0.523913750594391,-2.9407490834752155,-0.2882940159042933,-1.6096066357859953
-0.19881611567029117,-0.1864394369260415,0.5238720941054967,-2.941131181648031,-0.2884078014092935,-1.6097411227917615
-0.1988059472489919,-0.18642575819975263,0.5238312856876985,-2.9415212307980827,-0.28851931303454736,-1.609871922490114
-0.19879582603027934,-0.18641246569262068,0.5237913131165377,-2.9419193020359806,-0.288628366381667,-1.6099987681866608
-0.19878574447220437,-0.1863995710732802,0.5237521641675561,-2.942325466472335,-0.2887347770522642,-1.6101213931870104
-0.19877569503281775,-0.18638708601036585,0.5237138266162952,-2.942739795217757,-0.28883836064795093,-1.610239530796771
-0.19876567017017036,-0.18637502217251217,0.5236762882382969,-2.943162359382854,-0.28893893277033905,-1.6103529143215503
-0.198755662342313,-0.1863633912283537,0.5236395368091027,-2.9435932300782386,-0.2890363090210405,-1.6104612770669564
-0.1987456640072965,-0.186352204846525,0.5236035601042542,-2.944032478414519,-0.2891303050016672,-1.610564352338598
-0.19873566767000966,-0.1863414745845272,0.5235683458949593,-2.9444801748619542,-0.28922073727649933,-1.6106618751397817
-0.19872566864561783,-0.18633120533185432,0.5235338816923926,-2.9449363514696576,-0.2893074801699132,-1.6107536823357365
-0.19871566660521509,-0.18632139164258893,0.5235001546046771,-2.9454009807339685,-0.2893904975344344,-1.6108397686776714
-0.19870566159459901,-0.1863120271817462,0.5234671517052653,-2.94587403002841,-0.2894697609239346,-1.6109201424983852
-0.19869565365956726,-0.1863031056143412,0.5234348600676093,-2.946355466726502,-0.2895452418922855,-1.610994812130676
-0.19868564284591744,-0.1862946206053891,0.5234032667651612,-2.9468452582017655,-0.2896169119933587,-1.6110637859073433
-0.19867562919944717,-0.18628656581990494,0.5233723588713733,-2.9473433718277224,-0.28968474278102596,-1.611127072161185
-0.1986656127659541,-0.18627893492290382,0.5233421234596978,-2.9478497749778936,-0.2897487058091589,-1.6111846792249997
-0.1986555935912358,-0.18627172157940083,0.5233125476035867,-2.948364435025801,-0.28980877263162935,-1.611236615431586
-0.1986455717210899,-0.18626491945441112,0.5232836183764923,-2.948887319344965,-0.28986491480230875,-1.611282889113743
-0.19863554720131402,-0.1862585222129498,0.5232553228518667,-2.9494183953089075,-0.2899171038750689,-1.6113235086042685
-0.1986255200777058,-0.18625252352003188,0.5232276481031625,-2.949957630291149,-0.2899653114037816,-1.6113584822359617
-0.19861549039606288,-0.1862469170406726,0.5232005812038313,-2.950504991665211,-0.2900095089423184,-1.6113878183416215
-0.19860545820218284,-0.1862416964398869,0.5231741092273257,-2.951060446804615,-0.2900496680445509,-1.611411525254045
-0.19859542354186324,-0.18623685538269,0.5231482192470976,-2.9516239630828824,-0.29008576026435096,-1.6114296113060325
-0.1985853864609018,-0.18623238753409693,0.5231228983365994,-2.9521955078735336,-0.29011775715559013,-1.6114420848303814
-0.1985753470050961,-0.1862282865591228,0.5230981335692831,-2.9527750485500914,-0.29014563027214013,-1.6114489541598913
-0.1985653055173776,-0.18622454480674774,0.5230739124220183,-2.9533625435903605,-0.29016936787370134,-1.611450248339972
-0.19855526579485927,-0.186221139327044,0.5230502270613987,-2.9539578480594693,-0.29018915242523174,-1.611446237200153
-0.19854523386315795,-0.18621803729982112,0.5230270726796464,-2.954560750304687,-0.29020529168540415,-1.6114373459145552
-0.1985352157850324,-0.18621520574038405,0.5230044445194115,-2.9551710375613194,-0.29021809550112,-1.611424002246376
-0.1985252176232413,-0.18621261166403785,0.5229823378233435,-2.95578849706467,-0.29022787371928055,-1.6114066339588125
-0.19851524544054333,-0.1862102220860875,0.522960747834092,-2.9564129160500445,-0.29023493618678736,-1.611385668815063
-0.1985053052996972,-0.18620800402183807,0.5229396697943065,-2.9570440817527492,-0.2902395927505416,-1.6113615345783243
-0.1984954032634616,-0.18620592448659462,0.5229190989466365,-2.957681781408087,-0.29024215325744485,-1.6113346590117945
-0.19848554539459523,-0.1862039504956621,0.522899030533732,-2.9583258022513648,-0.29024292755439823,-1.6113054698786704
-0.1984757377558568,-0.1862020490643456,0.5228794597982424,-2.958975931517886,-0.2902422254883033,-1.6112743949421506
-0.19846598641000496,-0.1862001872079501,0.5228603819828173,-2.959631956442957,-0.29024035690606137,-1.6112418619654312
-0.19845629741979848,-0.18619833194178065,0.5228417923301063,-2.9602936642618825,-0.29023763165457395,-1.611208298711711
-0.19844667684799597,-0.18619645028114226,0.522823686082759,-2.9609608422099667,-0.29023435958074206,-1.6111741329441862
-0.19843713075735617,-0.18619450924133998,0.5228060584834251,-2.961633277522516,-0.2902308505314674,-1.6111397924260558
-0.19842766521063782,-0.1861924758376788,0.5227889047747544,-2.9623107574348344,-0.29022741435365135,-1.611105704920516
-0.19841828627059951,-0.18619031708546382,0.5227722201993961,-2.962993069182228,-0.290224360894195,-1.6110722981907648
-0.198409,-0.186188,0.522756,-2.96368,-0.290222,-1.61104
-0.19839981193766612,-0.186185495947669,0.5227402397060991,-2.964371336265116,-0.29022061938923777,-1.6110091999332878
-0.19839072552669737,-0.186182793699159,0.5227249359947593,-2.9650668609211754,-0.2902204182651611,-1.6109801348631705
-0.19838174368626127,-0.18617988637623478,0.5227100858299302,-2.9657663560534364,-0.2902215737022927,-1.6109530034840598
-0.19837286933552548,-0.18617676710066117,0.5226956861755608,-2.9664696037471576,-0.2902242627751553,-1.6109280044903667
-0.19836410539365754,-0.18617342899420294,0.5226817339956008,-2.9671763860875977,-0.29022866255827195,-1.610905336576503
-0.1983554547798251,-0.18616986517862485,0.5226682262539993,-2.9678864851600157,-0.29023495012616524,-1.6108851984368795
-0.1983469204131958,-0.18616606877569175,0.5226551599147058,-2.9685996830496704,-0.2902433025533582,-1.6108677887659086
-0.19833850521293714,-0.18616203290716837,0.5226425319416695,-2.9693157618418193,-0.2902538969143736,-1.6108533062580008
-0.19833021209821677,-0.18615775069481957,0.5226303392988402,-2.9700345036217213,-0.29026691028373425,-1.6108419496075677
-0.19832204398820225,-0.18615321526041012,0.5226185789501667,-2.9707556904746353,-0.29028251973596303,-1.6108339175090212
-0.19831400380206132,-0.18614841972570476,0.5226072478595987,-2.9714791044858195,-0.29030090234558265,-1.6108294086567716
-0.19830609445896138,-0.18614335721246836,0.5225963429910854,-2.9722045277405327,-0.29032223518711614,-1.6108286217452314
-0.19829831887807015,-0.1861380208424657,0.5225858613085762,-2.9729317423240342,-0.29034669533508606,-1.6108317554688119
-0.19829067997855523,-0.18613240373746148,0.5225757997760205,-2.973660530321582,-0.2903744598640155,-1.6108390085219237
-0.19828318067958417,-0.18612649901922063,0.5225661553573676,-2.9743906738184345,-0.2904057058484272,-1.6108505795989787
-0.19827582390032464,-0.18612029980950784,0.5225569250165669,-2.9751219548998504,-0.2904406103628439,-1.6108666673943886
-0.19826861253642195,-0.18611379942998837,0.5225481057446393,-2.975854158490214,-0.2904793463758903,-1.6108874667895072
-0.19826154807218946,-0.18610700319635382,0.5225396961569035,-2.9765872398614666,-0.2905218405022963,-1.6109129438822611
-0.1982546298043757,-0.18609993501503636,0.5225316973863394,-2.977321418324261,-0.29056763750825515,-1.6109427101562646
-0.19824785684155147,-0.18609262039167188,0.5225241107825,-2.978056935902258,-0.29061624931277413,-1.6109763465906746
-0.19824122829228777,-0.18608508483189615,0.5225169376949383,-2.9787940346191184,-0.2906671878348607,-1.6110134341646478
-0.19823474326515547,-0.18607735384134502,0.5225101794732072,-2.979532956498502,-0.29071996499352193,-1.6110535538573412
-0.1982284008687255,-0.18606945292565422,0.5225038374668595,-2.98027394356407,-0.29077409270776533,-1.6110962866479115
-0.19822220021156872,-0.18606140759045958,0.5224979130254483,-2.981017237839483,-0.2908290828965981,-1.6111412135155159
-0.19821614040225607,-0.18605324334139692,0.5224924074985267,-2.981763081348401,-0.29088444747902753,-1.6111879154393112
-0.19821022054935847,-0.186044985684102,0.5224873222356474,-2.9825117161144847,-0.29093969837406103,-1.6112359733984545
-0.19820443976144675,-0.1860366601242107,0.5224826585863638,-2.983263384161396,-0.2909943475007058,-1.6112849683721027
-0.1981987971470919,-0.18602829216735875,0.5224784179002282,-2.984018327512794,-0.29104790677796927,-1.611334481339412
-0.1981932918148648,-0.18601990731918194,0.522474601526794,-2.984776788192341,-0.29109988812485854,-1.61138409327954
-0.1981879228733363,-0.18601153108531618,0.5224712108156142,-2.9855390082236952,-0.2911498034603811,-1.6114333851716438
-0.1981826894310774,-0.18600318897139714,0.5224682471162415,-2.9863052296305193,-0.29119716470354423,-1.61148193799488
-0.19817759059665893,-0.18599490648306075,0.5224657117782291,-2.9870756944364723,-0.2912414837733552,-1.6115293327284053
-0.1981726254786518,-0.18598670912594265,0.5224636061511297,-2.9878506446652153,-0.29128227258882133,-1.6115751503513769
-0.19816779306957646,-0.18597862118365688,0.5224619317852018,-2.988630312382703,-0.2913190792543543,-1.6116189944528188
-0.19816309101286658,-0.18597065273381247,0.5224606925639054,-2.9894148138965475,-0.2913518725296931,-1.6116607314614564
-0.19815851608157722,-0.1859628046888542,0.5224598938759905,-2.990204190831561,-0.29138089256510996,-1.611700397380018
-0.19815406503425717,-0.18595507780847406,0.522459541135296,-2.9909984835678434,-0.29140638403405295,-1.611738031037464
-0.19814973462945526,-0.185947472852364,0.5224596397556613,-2.9917977324854936,-0.29142859160997,-1.611773671262756
-0.1981455216257202,-0.18593999058021607,0.5224601951509246,-2.99260197796461,-0.29144775996630895,-1.611807356884854
-0.19814142278160077,-0.18593263175172225,0.5224612127349249,-2.9934112603852916,-0.29146413377651786,-1.61183912673272
-0.19813743485564578,-0.18592539712657452,0.5224626979215009,-2.9942256201276374,-0.2914779577140446,-1.6118690196353143
-0.19813355460640406,-0.18591828746446493,0.5224646561244917,-2.9950450975717477,-0.29148947645233714,-1.6118970744215977
-0.19812977879242433,-0.18591130352508542,0.5224670927577357,-2.99586973309772,-0.29149893466484345,-1.6119233299205322
-0.19812610417225537,-0.18590444606812803,0.5224700132350721,-2.9966995670856544,-0.2915065770250114,-1.6119478249610772
-0.198122527504446,-0.1858977158532848,0.5224734229703394,-2.9975346399156493,-0.2915126482062891,-1.611970598372195
-0.19811904554754495,-0.18589111364024763,0.5224773273773766,-2.998374991967804,-0.29151739288212436,-1.6119916889828456
-0.19811565506010106,-0.18588464018870857,0.5224817318700226,-2.9992206636222174,-0.29152105572596504,-1.6120111356219906
-0.1981123528006631,-0.1858782962583596,0.5224866418621158,-3.0000716952589888,-0.2915238814112593,-1.6120289771185907
-0.1981091355277798,-0.18587208260889276,0.5224920627674954,-3.0009281272582164,-0.29152611461145495,-1.6120452523016071
-0.198106,-0.185866,0.522498,-3.00179,-0.291528,-1.61206
-0.19810294150565333,-0.18586004560335737,0.5225044553170106,-3.00265730579708,-0.2915297860626346,-1.612073298682071
-0.19809994945219286,-0.1858542022385771,0.5225114158500771,-3.0035298446927574,-0.29153173653426717,-1.612085385373479
-0.1980970117768526,-0.18584844913725526,0.5225188650742909,-3.0044073686629766,-0.29153411896209913,-1.6120965367392237
-0.19809411641686653,-0.18584276553098816,0.522526786464744,-3.0052896296836797,-0.29153720089333107,-1.612107029444304
-0.19809125130946859,-0.18583713065137197,0.5225351634965283,-3.006176379730812,-0.29154124987516394,-1.6121171401537195
-0.1980884043918927,-0.18583152373000292,0.5225439796447355,-3.0070673707803146,-0.29154653345479864,-1.6121271455324695
-0.19808556360137292,-0.18582592399847717,0.5225532183844576,-3.0079623548081322,-0.2915533191794363,-1.612137322245553
-0.19808271687514317,-0.18582031068839094,0.522562863190786,-3.008861083790207,-0.29156187459627747,-1.6121479469579694
-0.1980798521504374,-0.1858146630313404,0.5225728975388131,-3.0097633097024836,-0.29157246725252334,-1.6121592963347182
-0.19807695736448966,-0.1858089602589218,0.5225833049036301,-3.0106687845209046,-0.29158536469537466,-1.6121716470407987
-0.19807402045453382,-0.18580318160273135,0.5225940687603293,-3.0115772602214124,-0.2916008344720325,-1.6121852757412098
-0.1980710293578039,-0.1857973062943652,0.5226051725840022,-3.012488488779952,-0.29161914412969775,-1.6122004591009509
-0.1980679720115339,-0.1857913135654196,0.5226165998497407,-3.0134022221724655,-0.29164056121557114,-1.6122174737850217
-0.19806483635295768,-0.18578518264749072,0.5226283340326366,-3.014318212374896,-0.2916653532768538,-1.6122365964584209
-0.19806161031930927,-0.1857788927721748,0.5226403586077819,-3.0152362113631876,-0.2916937878607465,-1.6122581037861479
-0.1980582818478227,-0.18577242317106799,0.5226526570502681,-3.0161559711132835,-0.2917261325144502,-1.6122822724332022
-0.1980548389400484,-0.1857657532560772,0.5226652128877967,-3.01707724492693,-0.2917626514412063,-1.612309376205855
-0.19805127345653004,-0.18575887325774887,0.5226780128046246,-3.017999865654091,-0.291803408206681,-1.6123395173866892
-0.19804758323925054,-0.185751790175521,0.522691048377672,-3.0189237894444645,-0.29184815538829945,-1.612372532396572
-0.19804376664472523,-0.18574451245131662,0.5227043116047326,-3.0198489830541804,-0.29189661881181,-1.6124082347865454
-0.1980398220294695,-0.1857370485270591,0.5227177944836006,-3.0207754132393645,-0.29194852430296114,-1.6124464381076515
-0.19803574774999858,-0.18572940684467154,0.5227314890120695,-3.021703046756145,-0.29200359768750117,-1.6124869559109316
-0.19803154216282795,-0.18572159584607711,0.5227453871879337,-3.0226318503606517,-0.2920615647911786,-1.6125296017474278
-0.1980272036244729,-0.18571362397319904,0.5227594810089868,-3.0235617908090098,-0.2921221514397417,-1.6125741891681824
-0.1980227304914488,-0.18570549966796054,0.5227737624730232,-3.024492834857349,-0.292185083458939,-1.6126205317242368
-0.19801812112027098,-0.18569723137228475,0.5227882235778362,-3.0254249492617964,-0.29225008667451885,-1.6126684429666336
-0.19801337386745474,-0.18568882752809493,0.5228028563212203,-3.02635810077848,-0.2923168869122297,-1.612717736446414
-0.1980084870895155,-0.1856802965773142,0.522817652700969,-3.0272922561635274,-0.29238520999781986,-1.6127682257146203
-0.19800345914296855,-0.18567164696186578,0.5228326047148766,-3.0282273821730676,-0.2924547817570379,-1.6128197243222941
-0.19799828838432923,-0.18566288712367285,0.5228477043607369,-3.029163445563227,-0.29252532801563197,-1.6128720458204777
-0.19799297317011297,-0.18565402550465862,0.5228629436363439,-3.030100413090134,-0.2925965745993507,-1.6129250037602132
-0.19798751185683502,-0.18564507054674628,0.5228783145394914,-3.031038251509917,-0.2926682473339423,-1.6129784116925416
-0.19798190280101077,-0.18563603069185902,0.5228938090679734,-3.0319769275787025,-0.29274007204515534,-1.6130320831685057
-0.19797614465664637,-0.1856269143470947,0.5229094187474821,-3.0329164016290857,-0.29281178705987687,-1.6130858378734574
-0.19797023953607892,-0.18561772951470729,0.5229251296155262,-3.0338565593200637,-0.2928832760307303,-1.6131395668041117
-0.19796419178282673,-0.18560848393576088,0.5229409241688509,-3.0347972381341246,-0.2929545163688787,-1.6131932069645123
-0.19795800577759443,-0.1855991853469666,0.5229567848451883,-3.0357382747508135,-0.29302548704812764,-1.6132466961254919
-0.1979516859010866,-0.18558984148503538,0.5229726940822711,-3.036679505849676,-0.2930961670422826,-1.6132999720578842
-0.19794523653400803,-0.1855804600866783,0.5229886343178316,-3.037620768110256,-0.2931665353251489,-1.6133529725325224
-0.19793866205706329,-0.18557104888860645,0.5230045879896024,-3.0385618982121003,-0.29323657087053223,-1.613405635320239
-0.197931966850957,-0.18556161562753085,0.5230205375353155,-3.039502732834753,-0.2933062526522379,-1.613457898191867
-0.19792515529639387,-0.18555216804016242,0.5230364653927038,-3.0404431086577604,-0.2933755596440715,-1.6135096989182398
-0.19791823177407855,-0.1855427138632123,0.5230523539994995,-3.041382862360667,-0.29344447081983843,-1.6135609752701905
-0.19791120066471565,-0.1855332608333915,0.5230681857934351,-3.042321830623018,-0.2935129651533442,-1.613611665018552
-0.19790406634900984,-0.18552381668741103,0.5230839432122428,-3.0432598501243597,-0.29358102161839417,-1.6136617059341574
-0.1978968332076658,-0.18551438916198193,0.5230996086936552,-3.0441967575442366,-0.293648619188794,-1.6137110357878397
-0.19788950562138813,-0.1855049859938153,0.5231151646754048,-3.045132389562194,-0.29371573683834895,-1.6137595923504322
-0.1978820879708815,-0.18549561491962202,0.5231305935952237,-3.046066582857776,-0.2937823535408646,-1.6138073133927673
-0.19787458463685056,-0.18548628367611328,0.5231458778908447,-3.0469991741105296,-0.2938484482701465,-1.6138541366856791
-0.197867,-0.185477,0.523161,-3.04793,-0.293914,-1.6139
-0.1978593398163613,-0.1854677689577469,0.5231759451533461,-3.0488589070867556,-0.293979007721768,-1.6139448765190283
-0.1978516153432737,-0.185458584934833,0.5231907097532352,-3.049785781455464,-0.2940435504969428,-1.6139888810759249
-0.19784383921340312,-0.18544943964649102,0.523205292994944,-3.050710519071816,-0.29410772740455415,-1.6140321639163155
-0.19783602405941572,-0.18544032480795358,0.5232196940737486,-3.0516330159015026,-0.29417163752363173,-1.614074875285826
-0.19782818251397755,-0.18543123213445345,0.5232339121849255,-3.0525531679102156,-0.2942353799332053,-1.6141171654300819
-0.19782032720975465,-0.1854221533412232,0.5232479465237512,-3.053470871063645,-0.29429905371230447,-1.6141591845947092
-0.19781247077941302,-0.18541308014349556,0.5232617962855018,-3.0543860213274834,-0.2943627579399591,-1.6142010830253344
-0.19780462585561878,-0.18540400425650322,0.523275460665454,-3.0552985146674208,-0.2944265916951988,-1.6142430109675823
-0.19779680507103792,-0.1853949173954789,0.523288938858884,-3.056208247049149,-0.2944906540570532,-1.6142851186670795
-0.19778902105833657,-0.18538581127565515,0.5233022300610682,-3.057115114438358,-0.29455504410455224,-1.6143275563694512
-0.19778128645018067,-0.18537667761226476,0.523315333467283,-3.0580190128007403,-0.29461986091672543,-1.6143704743203238
-0.19777361387923637,-0.18536750812054031,0.5233282482728048,-3.0589198381019864,-0.29468520357260264,-1.6144140227653232
-0.19776601597816973,-0.1853582945157146,0.5233409736729099,-3.0598174863077876,-0.29475117115121346,-1.6144583519500748
-0.19775850537964673,-0.18534902851302024,0.5233535088628749,-3.060711853383835,-0.2948178627315876,-1.614503612120205
-0.19775109471633345,-0.18533970182768986,0.5233658530379759,-3.061602835295819,-0.2948853773927548,-1.6145499535213392
-0.19774379662089597,-0.18533030617495627,0.5233780053934896,-3.0624903280094324,-0.2949538142137448,-1.614597526399103
-0.19773662364506178,-0.18532083334999724,0.5233899651859382,-3.0633742287494505,-0.2950232703453838,-1.614646479226043
-0.19772958348424935,-0.1853112799447039,0.5234017353466172,-3.064254510285837,-0.29509372724629307,-1.6146968540899038
-0.19772267630659757,-0.18530164998587276,0.5234133245027186,-3.0651312624835914,-0.2951649870521755,-1.614748528181989
-0.1977159016327377,-0.18529194813986202,0.5234247417714046,-3.0660045852804028,-0.29523683647310683,-1.614801364508962
-0.1977092589833008,-0.18528217907303,0.5234359962698373,-3.0668745786139624,-0.2953090622191627,-1.6148552260774869
-0.19770274787891803,-0.1852723474517349,0.5234470971151786,-3.0677413424219595,-0.29538145100041885,-1.6149099758942267
-0.19769636784022054,-0.18526245794233506,0.5234580534245907,-3.068604976642084,-0.29545378952695095,-1.6149654769658452
-0.19769011838783954,-0.18525251521118863,0.5234688743152356,-3.069465581212029,-0.29552586450883467,-1.6150215922990057
-0.19768399904240605,-0.1852425239246539,0.5234795689042754,-3.0703232560694813,-0.29559746265614567,-1.6150781849003721
-0.19767800932455126,-0.18523248874908915,0.5234901463088719,-3.0711781011521326,-0.2956683706789598,-1.615135117776608
-0.19767214875490635,-0.18522241435085265,0.5235006156461874,-3.072030216397673,-0.29573837528735253,-1.6151922539343764
-0.1976664168541024,-0.18521230539630265,0.523510986033384,-3.072879701743794,-0.29580726319139966,-1.615249456380341
-0.1976608131427706,-0.1852021665517973,0.5235212665876234,-3.0737266571281836,-0.29587482110117685,-1.615306588121166
-0.19765533714154204,-0.185192002483695,0.5235314664260678,-3.0745711824885333,-0.2959408357267598,-1.6153635121635141
-0.19764998837104794,-0.18518181785835391,0.5235415946658796,-3.075413377762533,-0.2960050937782241,-1.6154200915140497
-0.19764476635191935,-0.18517161734213233,0.5235516604242202,-3.076253342887873,-0.2960673819656455,-1.6154761891794354
-0.19763967060478746,-0.1851614056013885,0.5235616728182522,-3.0770911778022443,-0.2961274869990998,-1.6155316681663354
-0.19763470046481074,-0.18515118687941776,0.5235716404177255,-3.07792696994486,-0.2961852112320498,-1.6155864006073912
-0.19762985311102774,-0.18514096050140913,0.52358156542873,-3.0787606614601484,-0.2962405388723353,-1.6156403647247393
-0.19762512433143195,-0.18513072261957972,0.5235914459517678,-3.079592100753969,-0.2962935714532004,-1.6156936071853534
-0.19762050989083269,-0.1851204693332639,0.5236012800189136,-3.080421134669868,-0.2963444124633126,-1.6157461757969527
-0.19761600555403935,-0.18511019674179593,0.5236110656622432,-3.081247610051393,-0.29639316539133964,-1.6157981183672574
-0.19761160708586145,-0.18509990094451018,0.5236208009138325,-3.082071373742092,-0.2964399337259489,-1.6158494827039873
-0.1976073102511082,-0.18508957804074086,0.5236304838057562,-3.082892272585514,-0.29648482095580797,-1.6159003166148624
-0.19760311081458906,-0.18507922412982233,0.52364011237009,-3.0837101534252067,-0.29652793056958443,-1.6159506679076032
-0.19759900454111343,-0.18506883531108886,0.5236496846389095,-3.084524863104717,-0.29656936605594586,-1.6160005843899292
-0.19759498719549068,-0.18505840768387477,0.5236591986442902,-3.0853362484675935,-0.29660923090355973,-1.6160501138695602
-0.19759105454253015,-0.18504793734751437,0.5236686524183072,-3.086144156357384,-0.2966476286010936,-1.6160993041542164
-0.1975872023470413,-0.1850374204013419,0.5236780439930361,-3.086948433617636,-0.29668466263721505,-1.6161482030516177
-0.19758342637383344,-0.1850268529446918,0.5236873714005525,-3.087748927091898,-0.2967204365005916,-1.616196858369484
-0.197579722387716,-0.1850162310768982,0.5236966326729315,-3.088545483623717,-0.2967550536798908,-1.6162453179155356
-0.1975760861534984,-0.18500555089729553,0.5237058258422489,-3.0893379500566422,-0.29678861766378023,-1.6162936294974921
-0.19757251343598992,-0.18499480850521804,0.5237149489405798,-3.0901261732342205,-0.2968212319409274,-1.6163418409230736
-0.197569,-0.184984,0.523724,-3.09091,-0.296853,-1.61639
-0.19756554111555835,-0.18497312287380416,0.5237329767409947,-3.091689254251624,-0.2968840174054298,-1.6164381440084474
-0.19756213007357598,-0.18496218019010663,0.5237418756376904,-3.092463668103115,-0.29691434802470656,-1.6164862681184164
-0.1975587596701842,-0.18495117640521197,0.5237506928526227,-3.0932329507225917,-0.29694404780108447,-1.6165343569723636
-0.19755542270151433,-0.18494011597542476,0.5237594245483282,-3.093996811278172,-0.2969731726778176,-1.6165823952127454
-0.1975521119636977,-0.18492900335704945,0.5237680668873432,-3.0947549589379744,-0.29700177859816,-1.6166303674820184
-0.19754882025286563,-0.18491784300639058,0.5237766160322038,-3.0955071028701173,-0.29702992150536595,-1.6166782584226393
-0.19754554036514946,-0.1849066393797528,0.523785068145446,-3.0962529522427173,-0.29705765734268946,-1.6167260526770648
-0.1975422650966805,-0.18489539693344048,0.5237934193896062,-3.0969922162238945,-0.2970850420533846,-1.6167737348877513
-0.19753898724359006,-0.18488412012375835,0.5238016659272207,-3.097724603981767,-0.2971121315807056,-1.6168212896971554
-0.1975356996020095,-0.18487281340701078,0.5238098039208255,-3.098449824684452,-0.2971389818679065,-1.6168687017477341
-0.19753239496807012,-0.18486148123950238,0.5238178295329567,-3.0991675875000677,-0.2971656488582415,-1.6169159556819432
-0.19752906613790325,-0.18485012807753767,0.5238257389261509,-3.099877601596733,-0.2971921884949646,-1.6169630361422402
-0.19752570590764024,-0.18483875837742123,0.5238335282629439,-3.1005795761425663,-0.29721865672133,-1.617009927771081
-0.19752230707341237,-0.18482737659545753,0.5238411937058723,-3.1012732203056848,-0.2972451094805918,-1.6170566152109225
-0.19751886243135097,-0.1848159871879512,0.5238487314174719,-3.1019582432542068,-0.29727160271600417,-1.6171030831042212
-0.19751536477758738,-0.18480459461120666,0.5238561375602793,-3.1026343541562516,-0.2972981923708211,-1.6171493160934338
-0.19751180694873774,-0.18479320338406643,0.5238634084114182,-3.103301262741639,-0.29732493327083426,-1.6171952979599058
-0.19750818421050473,-0.18478182177764815,0.5238705471232884,-3.103958712442362,-0.2973518131940803,-1.6172409608183145
-0.19750449559367553,-0.18477046387909604,0.5238775675049663,-3.104606498928776,-0.29737871599457577,-1.6172861567000032
-0.1975007404529154,-0.18475914427585763,0.5238844842822313,-3.1052444223648603,-0.29740551658663666,-1.6173307307474252
-0.19749691814288967,-0.1847478775553804,0.5238913121808636,-3.105872282914596,-0.2974320898845791,-1.617374528103034
-0.19749302801826374,-0.184736678305112,0.5238980659266428,-3.1064898807419605,-0.2974583108027188,-1.6174173939092837
-0.19748906943370279,-0.18472556111249994,0.5239047602453484,-3.107097016010934,-0.29748405425537194,-1.6174591733086279
-0.19748504174387221,-0.18471454056499176,0.5239114098627604,-3.1076934888854955,-0.2975091951568545,-1.6174997114435197
-0.19748094430343735,-0.18470363125003506,0.5239180295046585,-3.1082790995296246,-0.29753360842148224,-1.6175388534564135
-0.19747677646706346,-0.1846928477550773,0.5239246338968224,-3.1088536481073006,-0.29755716896357143,-1.6175764444897625
-0.1974725375894159,-0.18468220466756613,0.5239312377650319,-3.109416934782503,-0.2975797516974379,-1.61761232968602
-0.19746822702516,-0.184671716574949,0.5239378558350668,-3.10996875971921,-0.29760123153739754,-1.6176463541876405
-0.19746384412896106,-0.18466139806467355,0.5239445028327068,-3.1105089230814023,-0.29762148339776645,-1.6176783631370772
-0.19745938825548437,-0.18465126372418725,0.5239511934837315,-3.1110372250330594,-0.29764038219286065,-1.6177082016767839
-0.19745485875939534,-0.18464132814093773,0.5239579425139209,-3.111553465738159,-0.297657802836996,-1.6177357149492142
-0.19745025499535918,-0.1846316059023725,0.5239647646490546,-3.1120574453606813,-0.2976736202444885,-1.6177607480968217
-0.19744557631804124,-0.18462211159593908,0.5239716746149122,-3.112548964064606,-0.29768770932965416,-1.61778314626206
-0.19744082189319537,-0.18461285867518173,0.5239786865067834,-3.113027812118208,-0.2976999602015333,-1.6178027673422113
-0.19743598869047918,-0.18460384741201852,0.5239858070905031,-3.113493664752197,-0.29771043960783516,-1.617819617509438
-0.19743107226271397,-0.1845950695740927,0.5239930384032282,-3.113946122979502,-0.29771932825670167,-1.6178337985971147
-0.19742606813910715,-0.18458651678730945,0.5240003824033029,-3.1143847865760867,-0.29772680875561447,-1.6178454140329708
-0.19742097184886612,-0.1845781806775741,0.5240078410490726,-3.114809255317916,-0.2977330637120556,-1.6178545672447349
-0.1974157789211983,-0.1845700528707919,0.5240154162988816,-3.1152191289809537,-0.2977382757335071,-1.6178613616601358
-0.19741048488531107,-0.18456212499286806,0.5240231101110749,-3.115614007341165,-0.2977426274274509,-1.6178659007069018
-0.19740508527041184,-0.18455438866970791,0.5240309244439975,-3.115993490174514,-0.29774630140136893,-1.6178682878127626
-0.19739957560570803,-0.18454683552721665,0.5240388612559937,-3.1163571772569654,-0.2977494802627432,-1.6178686264054463
-0.197393951420407,-0.18453945719129963,0.5240469225054086,-3.1167046683644837,-0.2977523466190558,-1.617867019912682
-0.19738820824371617,-0.18453224528786208,0.524055110150587,-3.117035563273033,-0.29775508307778853,-1.617863571762198
-0.19738234160484297,-0.1845251914428092,0.5240634261498739,-3.117349461758579,-0.2977578722464235,-1.6178583853817237
-0.19737634703299475,-0.18451828728204636,0.5240718724616137,-3.1176459635970843,-0.29776089673244266,-1.6178515641989875
-0.19737022005737895,-0.1845115244314787,0.5240804510441515,-3.1179246685645152,-0.2977643391433278,-1.617843211641718
-0.19736395620720298,-0.18450489451701163,0.5240891638558319,-3.1181851764368345,-0.29776838208656115,-1.6178334311376446
-0.19735755101167418,-0.18449838916455027,0.5240980128549998,-3.118427086990008,-0.2977732081696246,-1.6178223261144957
-0.197351,-0.184492,0.524107,-3.11865,-0.297779,-1.61781
-0.1973442988626041,-0.184485718444437,0.5241161266189267,-3.1188534889488078,-0.29778587344388185,-1.6177965498417033
-0.1973374439347753,-0.18447953509962176,0.5241253915188715,-3.119037022142561,-0.29779367740231383,-1.6177820471664204
-0.1973304317130187,-0.18447344036248559,0.5241347928766755,-3.1192000415934227,-0.29780219403505204,-1.6177665571207818
-0.1973232586938393,-0.1844674246299599,0.5241443288691797,-3.119341989313555,-0.29781120550185275,-1.6177501448514189
-0.1973159213737422,-0.1844614782989761,0.5241539976732253,-3.119462307315121,-0.29782049396247195,-1.617732875504963
-0.19730841624923254,-0.1844555917664656,0.5241637974656531,-3.119560437610283,-0.2978298415766658,-1.617714814228045
-0.19730073981681534,-0.18444975542935974,0.5241737264233043,-3.1196358222112037,-0.2978390305041904,-1.617696026167297
-0.19729288857299568,-0.18444395968458993,0.5241837827230199,-3.119687903130046,-0.29784784290480193,-1.6176765764693495
-0.19728485901427867,-0.1844381949290876,0.5241939645416411,-3.119716122378973,-0.2978560609382565,-1.617656530280834
-0.19727664763716934,-0.18443245155978413,0.5242042700560087,-3.119719921970147,-0.29786346676431014,-1.6176359527483815
-0.19726825093817282,-0.1844267199736109,0.524214697442964,-3.1196987439157304,-0.29786984254271914,-1.6176149090186234
-0.19725966541379414,-0.1844209905674993,0.5242252448793479,-3.1196520302278863,-0.2978749704332395,-1.6175934642381908
-0.19725088756053838,-0.18441525373838075,0.5242359105420014,-3.1195792229187775,-0.2978786325956274,-1.617571683553715
-0.1972419138749107,-0.18440949988318664,0.5242466926077656,-3.1194797640005665,-0.297880611189639,-1.6175496321118275
-0.19723274085341605,-0.18440371939884834,0.5242575892534815,-3.119353095485416,-0.29788068837503034,-1.6175273750591592
-0.1972233649925596,-0.18439790268229725,0.5242685986559902,-3.1191986593854883,-0.29787864631155764,-1.6175049775423413
-0.19721378284457644,-0.18439204027854775,0.5242797190363147,-3.119015897085312,-0.29787426729123456,-1.617482503258864
-0.19720399430550437,-0.18438613161759107,0.5242909512663849,-3.1188042123113493,-0.29786734154153316,-1.6174599289577412
-0.19719400445427532,-0.18438018990113283,0.5243023003270376,-3.118562950420061,-0.297857671589886,-1.617437096617849
-0.19718381881566158,-0.18437422951554217,0.5243137715525641,-3.118291451746831,-0.29784506102178643,-1.6174138366249349
-0.1971734429144354,-0.18436826484718824,0.524325370277255,-3.117989056627045,-0.29782931342272806,-1.6173899793647437
-0.19716288227536913,-0.18436231028244024,0.5243371018354016,-3.1176551053960866,-0.2978102323782044,-1.6173653552230225
-0.19715214242323503,-0.18435638020766723,0.5243489715612947,-3.1172889383893416,-0.2977876214737091,-1.6173397945855175
-0.1971412288828054,-0.1843504890092385,0.5243609847892254,-3.1168898959421942,-0.2977612842947355,-1.617313127837975
-0.19713014717885255,-0.1843446510735231,0.5243731468534849,-3.1164573183900286,-0.2977310244267772,-1.6172851853661416
-0.19711890283614872,-0.18433888078689026,0.524385463088364,-3.1159905460682307,-0.2976966454553277,-1.617255797555763
-0.19710750137946625,-0.18433319253570912,0.5243979388281537,-3.1154889193121846,-0.2976579509658805,-1.617224794792586
-0.1970959483335774,-0.18432760070634882,0.524410579407145,-3.1149517784572756,-0.2976147445439292,-1.6171920074623567
-0.1970842492232545,-0.18432211968517853,0.524423390159629,-3.114378463838887,-0.2975668297749673,-1.6171572659508213
-0.19707240957326974,-0.1843167638585674,0.5244363764198967,-3.1137683157924054,-0.2975140102444883,-1.6171204006437268
-0.1970604349083955,-0.18431154761288462,0.524449543522239,-3.113120674653215,-0.2974560895379858,-1.6170812419268183
-0.19704833075340406,-0.18430648533449934,0.524462896800947,-3.1124348807566995,-0.29739287124095326,-1.6170396201858432
-0.19703610263306764,-0.18430159140978067,0.5244764415903117,-3.1117102744382446,-0.2973241589388841,-1.6169953658065472
-0.19702375603302943,-0.18429687996313351,0.5244901832135479,-3.110946166948342,-0.297249787312224,-1.6169483203176218
-0.19701129598405534,-0.1842923620736277,0.5245041268651075,-3.1101415314255996,-0.2971699525202342,-1.616898454784495
-0.19699872722344233,-0.18428804685560063,0.5245182776563699,-3.109295122871928,-0.29708508393431554,-1.6168458238446812
-0.19698605448359618,-0.18428394339064438,0.5245326406973303,-3.108405692653625,-0.2969956148127378,-1.6167904835285647
-0.19697328249692259,-0.1842800607603509,0.5245472210979832,-3.10747199213699,-0.2969019784137708,-1.616732489866529
-0.19696041599582736,-0.1842764080463121,0.5245620239683239,-3.1064927726883202,-0.29680460799568426,-1.6166718988889577
-0.19694745971271627,-0.18427299433011995,0.5245770544183471,-3.1054667856739147,-0.296703936816748,-1.6166087666262339
-0.19693441837999506,-0.18426982869336656,0.5245923175580477,-3.1043927824600703,-0.2966003981352317,-1.6165431491087414
-0.1969212967300695,-0.1842669202176437,0.5246078184974208,-3.1032695144130873,-0.2964944252094053,-1.6164751023668635
-0.19690809949534535,-0.18426427798454348,0.5246235623464612,-3.102095732899263,-0.2963864512975384,-1.6164046824309843
-0.1968948314082284,-0.18426191107565784,0.5246395542151637,-3.1008701892848958,-0.29627690965790093,-1.6163319453314866
-0.19688149720112433,-0.1842598285725787,0.5246557992135233,-3.0995916349362838,-0.29616623354876254,-1.616256947098755
-0.19686810160643903,-0.1842580395568981,0.5246723024515351,-3.098258821219726,-0.2960548562283931,-1.6161797437631718
-0.19685464935657815,-0.1842565531102079,0.5246890690391937,-3.0968704995015206,-0.2959432109550624,-1.6161003913551213
-0.19684114518394752,-0.18425537831410022,0.524706104086494,-3.095425421147966,-0.2958317309870401,-1.6160189459049865
-0.19682759382095288,-0.18425452425016692,0.5247234127034313,-3.093922337525359,-0.29572084958259603,-1.6159354634431518
-0.196814,-0.184254,0.524741,-3.09236,-0.295611,-1.61585
-0.1968003687730278,-0.18425381202346994,0.5247588676668177,-3.090737092170374,-0.2955025275927147,-1.6157626104629708
-0.19678670647010776,-0.18425395629356117,0.5247770037169915,-3.0890520265637154,-0.29539542609497466,-1.615673345147728
-0.19677301974084457,-0.1842544261615367,0.5247953927442505,-3.087303147939445,-0.29528960133620696,-1.6155822532269906
-0.19675931523484286,-0.1842552149786595,0.5248140193423242,-3.0854888010569868,-0.29518495914583937,-1.6154893838734787
-0.19674559960170732,-0.18425631609619247,0.5248328681049417,-3.0836073306757616,-0.29508140535329896,-1.6153947862599118
-0.1967318794910425,-0.1842577228653986,0.5248519236258327,-3.0816570815551927,-0.2949788457880132,-1.615298509559009
-0.19671816155245322,-0.18425942863754086,0.524871170498726,-3.0796363984546997,-0.2948771862794094,-1.61520060294349
-0.19670445243554402,-0.1842614267638822,0.5248905933173516,-3.077543626133706,-0.294776332656915,-1.6151011155860748
-0.19669075878991962,-0.18426371059568564,0.5249101766754384,-3.0753771093516344,-0.29467619074995743,-1.6150000966594824
-0.1966770872651846,-0.18426627348421407,0.5249299051667159,-3.0731351928679054,-0.294576666387964,-1.6148975953364324
-0.1966634445109437,-0.1842691087807305,0.5249497633849133,-3.070816221441941,-0.2944776654003619,-1.6147936607896447
-0.1966498371768015,-0.18427220983649786,0.5249697359237602,-3.0684185398331634,-0.2943790936165788,-1.6146883421918385
-0.19663627191236271,-0.1842755700027791,0.5249898073769858,-3.065940492800996,-0.29428085686604194,-1.6145816887157334
-0.19662275536723198,-0.18427918263083726,0.5250099623383193,-3.0633804251048584,-0.29418286097817864,-1.6144737495340493
-0.19660929419101392,-0.18428304107193524,0.5250301854014904,-3.0607366815041734,-0.2940850117824163,-1.6143645738195052
-0.19659589503331323,-0.18428713867733598,0.5250504611602281,-3.058007606758364,-0.2939872151081823,-1.6142542107448206
-0.19658256454128745,-0.18429146885145126,0.525070774244221,-3.0551915429021386,-0.2938893769209694,-1.6141427091391727
-0.1965693092152686,-0.18429602818761606,0.5250911114406975,-3.052286668487464,-0.2937914113501939,-1.6140300972191517
-0.196556135328009,-0.1843008182219969,0.5251114628810731,-3.049290908668051,-0.29369324517935325,-1.6139163712518405
-0.19654304913268428,-0.18430584091594984,0.5251318189844358,-3.0462021667999166,-0.29359480628046836,-1.613801524755978
-0.19653005688247008,-0.18431109823083114,0.5251521701698731,-3.043018346239073,-0.29349602252555984,-1.6136855512503019
-0.19651716483054196,-0.18431659212799692,0.525172506856473,-3.0397373503415346,-0.2933968217866486,-1.6135684442535507
-0.19650437923007558,-0.1843223245688034,0.5251928194633227,-3.0363570824633124,-0.2932971319357552,-1.613450197284463
-0.19649170633424656,-0.18432829751460678,0.5252130984095105,-3.032875445960425,-0.29319688084490053,-1.613330803861777
-0.19647915239623043,-0.18433451292676314,0.5252333341141235,-3.0292903441888837,-0.2930959963861053,-1.6132102575042306
-0.19646672366920293,-0.18434097276662878,0.5252535169962501,-3.0255996805047025,-0.2929944064313902,-1.6130885517305624
-0.19645442640633956,-0.18434767899555976,0.5252736374749774,-3.021801358263893,-0.292892038852776,-1.6129656800595111
-0.19644226686081598,-0.18435463357491239,0.5252936859693935,-3.017893280822474,-0.29278882152228347,-1.612841636009814
-0.19643025128580782,-0.18436183846604273,0.5253136528985859,-3.013873351536456,-0.29268468231193334,-1.61271641310021
-0.19641838593449068,-0.184369295630307,0.5253335286816424,-3.009739473761854,-0.29257954909374645,-1.6125900048494375
-0.19640667706004017,-0.1843770070290614,0.5253533037376507,-3.0054895508546795,-0.29247334973974337,-1.6124624047762344
-0.1963951309156319,-0.18438497462366207,0.5253729684856985,-3.0011214861709505,-0.29236601212194496,-1.6123336063993394
-0.1963837537544415,-0.18439320037546525,0.5253925133448734,-2.996633183066678,-0.2922574641123719,-1.612203603237491
-0.19637255130127504,-0.18440168564187426,0.5254119293007242,-2.9920225152080255,-0.29214763677882133,-1.6120723918214557
-0.196361523138643,-0.18441042475934144,0.5254312139239068,-2.9872870111166296,-0.2920364983399888,-1.6119400036968397
-0.19635066488628447,-0.18441940753467317,0.5254503690335329,-2.9824239766402494,-0.29192404098289204,-1.6118064929994662
-0.19633997209789228,-0.18442862369918187,0.5254693965195227,-2.9774307139154055,-0.2918102572940208,-1.611671914241663
-0.1963294403271594,-0.18443806298417975,0.5254882982717961,-2.9723045250786204,-0.2916951398598647,-1.611536321935757
-0.1963190651277787,-0.18444771512097918,0.5255070761802728,-2.9670427122664136,-0.2915786812669133,-1.6113997705940755
-0.196308842053443,-0.1844575698408925,0.5255257321348726,-2.961642577615313,-0.2914608741016563,-1.611262314728946
-0.19629876665784526,-0.18446761687523203,0.5255442680255153,-2.9561014232618392,-0.2913417109505833,-1.6111240088526952
-0.19628883449467838,-0.18447784595531005,0.5255626857421208,-2.9504165513425145,-0.291221184400184,-1.6109849074776512
-0.19627904111763522,-0.18448824681243894,0.5255809871746088,-2.9445852639938592,-0.29109928703694804,-1.6108450651161408
-0.19626938208040864,-0.184498809177931,0.525599174212899,-2.938604863352401,-0.290976011447365,-1.6107045362804913
-0.19625985293669157,-0.18450952278309857,0.5256172487469115,-2.9324726515546593,-0.2908513502179247,-1.6105633754830297
-0.19625044924017696,-0.18452037735925392,0.525635212666566,-2.926185930737158,-0.2907252959351166,-1.610421637236084
-0.19624116654455756,-0.18453136263770945,0.5256530678617822,-2.9197420030364163,-0.2905978411854304,-1.6102793760519805
-0.19623200040352634,-0.1845424683497774,0.5256708162224802,-2.913138170588962,-0.2904689785553558,-1.6101366464430473
-0.19622294637077617,-0.18455368422677015,0.5256884596385795,-2.906371735531316,-0.29033870063138245,-1.6099935029216115
-0.196214,-0.184565,0.525706,-2.89944,-0.290207,-1.60985
-0.19620515691595064,-0.18457640563912633,0.5257234411625471,-2.892340146511762,-0.29007387988695316,-1.6097061867238112
-0.19619641302762095,-0.18458789206719664,0.5257407948455683,-2.885068879104277,-0.2899393860750075,-1.609562090271727
-0.19618776431506374,-0.18459945044560547,0.5257580747342968,-2.877622782195435,-0.28980357498618375,-1.6094177323556997
-0.1961792067583319,-0.18461107193574725,0.5257752945139651,-2.8699984402031338,-0.2896665030425024,-1.609273134687682
-0.1961707363374781,-0.1846227476990166,0.5257924678698068,-2.8621924375452634,-0.28952822666598427,-1.6091283189796266
-0.1961623490325554,-0.18463446889680799,0.5258096084870547,-2.8542013586397275,-0.28938880227865,-1.6089833069434862
-0.19615404082361645,-0.18464622669051603,0.5258267300509419,-2.846021787904418,-0.2892482863025202,-1.6088381202912134
-0.19614580769071413,-0.18465801224153514,0.5258438462467014,-2.837650309757231,-0.2891067351596156,-1.6086927807347606
-0.19613764561390123,-0.18466981671125998,0.5258609707595663,-2.8290835086160575,-0.2889642052719567,-1.6085473099860808
-0.19612955057323064,-0.18468163126108494,0.5258781172747694,-2.820317968898801,-0.28882075306156435,-1.6084017297571263
-0.1961215185487552,-0.1846934470524046,0.5258952994775439,-2.8113502750233534,-0.28867643495045914,-1.6082560617598498
-0.19611354552052768,-0.1847052552466135,0.5259125310531229,-2.8021770114076103,-0.2885313073606617,-1.6081103277062037
-0.19610562746860088,-0.18471704700510616,0.5259298256867394,-2.792794762469463,-0.2883854267141927,-1.607964549308141
-0.1960977603730277,-0.1847288134892771,0.5259471970636264,-2.783200112626815,-0.2882388494330729,-1.6078187482776143
-0.19608994021386095,-0.18474054586052088,0.5259646588690169,-2.7733896462975585,-0.2880916319393228,-1.6076729463265758
-0.1960821629711534,-0.184752235280232,0.525982224788144,-2.7633599478995885,-0.2879438306549632,-1.6075271651669787
-0.19607442464847674,-0.1847638729259884,0.5259999084641909,-2.7531075916834746,-0.2877955011943567,-1.6073814267041575
-0.19606672266052957,-0.1847754509463736,0.526017721017346,-2.742628541860542,-0.2876466507123872,-1.6072357644463764
-0.19605905660925743,-0.18478696299502975,0.526035669657157,-2.7319178170812495,-0.28749721125174615,-1.6070902298864407
-0.19605142628475608,-0.1847984028550665,0.5260537612567716,-2.720970354657491,-0.2873471083938613,-1.6069448760642118
-0.1960438314771214,-0.18480976430959334,0.5260720026893381,-2.7097810919011565,-0.2871962677201603,-1.606799756019553
-0.19603627197644918,-0.18482104114171985,0.5260904008280043,-2.698344966124152,-0.28704461481207094,-1.606654922792326
-0.19602874757283512,-0.18483222713455566,0.5261089625459185,-2.686656914638367,-0.2868920752510209,-1.606510429422393
-0.19602125805637519,-0.18484331607121024,0.5261276947162286,-2.674711874755696,-0.2867385746184379,-1.6063663289496168
-0.19601380321716505,-0.1848543017347932,0.5261466042120827,-2.6625047837880293,-0.28658403849574954,-1.6062226744138588
-0.19600638284530053,-0.18486517790841414,0.5261656979066287,-2.650030579047273,-0.28642839246438356,-1.6060795188549817
-0.19599899673087753,-0.18487593837518262,0.526184982673015,-2.637284197845316,-0.28627156210576776,-1.6059369153128478
-0.19599164466399172,-0.18488657691820815,0.5262044653843891,-2.624260577494054,-0.2861134730013298,-1.6057949168273193
-0.195984326434739,-0.18489708732060037,0.5262241529138997,-2.6109546553053753,-0.28595405073249724,-1.6056535764382582
-0.19597704183321513,-0.18490746336546882,0.5262440521346942,-2.5973613685911876,-0.28579322088069803,-1.6055129471855272
-0.19596979064951592,-0.18491769883592304,0.5262641699199211,-2.58347565466338,-0.2856309090273597,-1.6053730821089884
-0.19596257267373718,-0.1849277875150727,0.5262845131427283,-2.569292450833847,-0.2854670407539101,-1.6052340342485034
-0.1959553876959747,-0.1849377231860272,0.5263050886762638,-2.5548066944144776,-0.2853015416417767,-1.6050958566439355
-0.1959482358206684,-0.18494749993940526,0.526325903132788,-2.5400133174343464,-0.2851343425570709,-1.604958600326689
-0.19594112080650847,-0.1849571154406178,0.5263469600917436,-2.5249071905095737,-0.2849654358003495,-1.60482229297985
-0.19593404876976578,-0.18496656966139335,0.5263682611759163,-2.5094831446350385,-0.2847948533072956,-1.604686947223075
-0.19592702586600427,-0.18497586261189913,0.5263898079754807,-2.493736010145257,-0.2846226276741776,-1.6045525754249617
-0.195920058250788,-0.1849849943023023,0.5264116020806118,-2.4776606173747684,-0.2844487914972642,-1.604419189954109
-0.1959131520796809,-0.1849939647427701,0.5264336450814843,-2.4612517966580896,-0.2842733773728239,-1.6042868031791149
-0.19590631350824692,-0.18500277394346976,0.5264559385682728,-2.4445043783297447,-0.2840964178971252,-1.604155427468578
-0.19589954869205004,-0.18501142191456843,0.5264784841311524,-2.4274131927242593,-0.2839179456664366,-1.6040250751910967
-0.19589286378665416,-0.1850199086662333,0.5265012833602978,-2.4099730701761484,-0.2837379932770265,-1.6038957587152693
-0.1958862649476233,-0.1850282342086316,0.5265243378458835,-2.3921788410199523,-0.2835565933251636,-1.6037674904096944
-0.19587975833052138,-0.18503639855193052,0.5265476491780845,-2.3740253355901872,-0.2833737784071164,-1.60364028264297
-0.1958733500909124,-0.1850444017062972,0.5265712189470757,-2.355507384221378,-0.28318958111915354,-1.6035141477836952
-0.19586704638436028,-0.18505224368189893,0.5265950487430318,-2.336619817248041,-0.2830040340575432,-1.6033890982004673
-0.19586085336642906,-0.18505992448890288,0.5266191401561274,-2.317357465004716,-0.2828171698185542,-1.6032651462618854
-0.19585477719268263,-0.18506744413747625,0.5266434947765375,-2.297715157825919,-0.28262902099845505,-1.6031423043365483
-0.19584882401868495,-0.18507480263778622,0.5266681141944367,-2.277687726046176,-0.28243962019351415,-1.6030205847930536
-0.195843,-0.185082,0.526693,-2.25727,-0.282249,-1.6029
-0.1958373094375391,-0.1850890368299605,0.5267181528247317,-2.236455544497849,-0.2820572095737196,-1.6027805496588436
-0.1958317492136033,-0.1850959161162137,0.5267435694654549,-2.2152328622538064,-0.28186436430863276,-1.602662182802471
-0.19582631435584089,-0.18510264144298114,0.5267692457603226,-2.1935891904578817,-0.2816705961582377,-1.6025448357966259
-0.19582099989190024,-0.1851092163944845,0.5267951775474876,-2.171511766300071,-0.28147603707603236,-1.6024284450070532
-0.19581580084942965,-0.1851156445549454,0.5268213606651025,-2.1489878269704037,-0.2812808190155154,-1.6023129467994965
-0.19581071225607752,-0.18512192950858555,0.5268477909513205,-2.1260046096588763,-0.28108507393018467,-1.6021982775397001
-0.19580572913949224,-0.18512807483962646,0.5268744642442941,-2.102549351555497,-0.2808889337735385,-1.6020843735934083
-0.19580084652732208,-0.18513408413228982,0.5269013763821763,-2.078609289850263,-0.280692530499075,-1.6019711713263656
-0.19579605944721545,-0.18513996097079732,0.5269285232031198,-2.054171661733203,-0.2804959960602925,-1.6018586071043153
-0.19579136292682067,-0.18514570893937055,0.5269559005452776,-2.0292237043943153,-0.28029946241068915,-1.6017466172930022
-0.1957867519937861,-0.18515133162223113,0.5269835042468024,-2.003752655023607,-0.28010306150376313,-1.6016351382581704
-0.19578222167576012,-0.18515683260360075,0.5270113301458471,-1.977745750811074,-0.2799069252930126,-1.601524106365564
-0.19577776700039104,-0.18516221546770095,0.5270393740805643,-1.9511902289467475,-0.27971118573193576,-1.6014134579809272
-0.19577338299532723,-0.18516748379875345,0.5270676318891073,-1.9240733266206245,-0.2795159747740309,-1.601303129470004
-0.19576906468821706,-0.18517264118097987,0.5270960994096285,-1.8963822810227113,-0.279321424372796,-1.6011930571985389
-0.19576480710670888,-0.18517769119860186,0.5271247724802809,-1.8681043293430044,-0.2791276664817295,-1.601083177532276
-0.19576060528192135,-0.18518263737315413,0.5271536468818535,-1.83922682339694,-0.2789348317804792,-1.60097342752463
-0.19575645445319326,-0.1851874794649583,0.5271827149533059,-1.8097439925241534,-0.2787429745176707,-1.6008637854892687
-0.19575235018260462,-0.18519221140445583,0.527211963698763,-1.7796607262268578,-0.2785520304738458,-1.600754293693249
-0.19574828805999797,-0.18519682662059286,0.5272413796634381,-1.7489828310104836,-0.2783619252387431,-1.600644999904997
-0.19574426367521602,-0.1852013185423157,0.5272709493925457,-1.7177161133805026,-0.2781725844021014,-1.600535951892937
-0.19574027261810134,-0.1852056805985706,0.5273006594312993,-1.6858663798423459,-0.2779839335536593,-1.600427197425494
-0.19573631047849657,-0.18520990621830383,0.5273304963249131,-1.6534394369014582,-0.2777958982831556,-1.6003187842710929
-0.19573237284624437,-0.18521398883046158,0.5273604466186008,-1.6204410910632694,-0.27760840418032867,-1.6002107601981586
-0.19572845531118732,-0.18521792186399016,0.5273904968575764,-1.586877148833253,-0.2774213768349176,-1.600103172975116
-0.1957245534631681,-0.18522169874783587,0.5274206335870538,-1.5527534167168386,-0.27723474183666086,-1.5999960703703902
-0.1957206628920293,-0.18522531291094488,0.527450843352247,-1.5180757012194717,-0.2770484247752972,-1.599889500152406
-0.19571677918761357,-0.1852287577822635,0.5274811126983697,-1.4828498088465802,-0.2768623512405652,-1.599783510089588
-0.1957128979397635,-0.18523202679073797,0.5275114281706359,-1.4470815461036404,-0.27667644682220366,-1.599678147950362
-0.1957090147383218,-0.1852351133653146,0.5275417763142598,-1.4107767194960807,-0.27649063710995136,-1.5995734615031516
-0.19570512517313104,-0.1852380109349395,0.5275721436744547,-1.3739411355293467,-0.27630484769354685,-1.5994694985163826
-0.1957012248340338,-0.1852407129285591,0.527602516796435,-1.3365806007088648,-0.2761190041627287,-1.5993663067584798
-0.19569730931087284,-0.18524321277511957,0.5276328822254145,-1.2987009215401137,-0.2759330321072359,-1.5992639339978683
-0.19569337443996668,-0.18524550432505096,0.5276632261302998,-1.260303839133695,-0.2757468628934889,-1.599162430230732
-0.19568941892291708,-0.1852475863285326,0.5276935303054253,-1.2213438343853724,-0.2755604950418353,-1.5990618713509608
-0.1956854433098958,-0.1852494606968724,0.5277237737228213,-1.1817448977296956,-0.2753739703977367,-1.5989623499606407
-0.1956814481818839,-0.18525112939406363,0.5277539353074788,-1.1414305114269143,-0.2751873315287405,-1.5988639589403282
-0.19567743411986252,-0.18525259438409966,0.5277839939843898,-1.100324157737225,-0.27500062100239353,-1.5987667911705792
-0.19567340170481287,-0.1852538576309738,0.5278139286785457,-1.0583493189208415,-0.27481388138624296,-1.5986709395319498
-0.19566935151771594,-0.18525492109867941,0.5278437183149379,-1.015429477237959,-0.27462715524783565,-1.5985764969049965
-0.19566528413955298,-0.18525578675120982,0.5278733418185582,-0.9714881149488299,-0.27444048515471886,-1.5984835561702755
-0.19566120015130506,-0.18525645655255837,0.5279027781143979,-0.9264487143136493,-0.27425391367443963,-1.5983922102083425
-0.19565710013395335,-0.1852569324667184,0.5279320061274485,-0.8802347575926314,-0.2740674833745448,-1.5983025518997542
-0.19565298466847897,-0.18525721645768323,0.5279610047827017,-0.832769727045969,-0.2738812368225816,-1.5982146741250662
-0.19564885433586304,-0.1852573104894462,0.5279897530051489,-0.7839771049339183,-0.27369521658609697,-1.5981286697648356
-0.1956447097170867,-0.18525721652600066,0.5280182297197819,-0.7337803735166729,-0.2735094652326381,-1.5980446316996175
-0.1956405513931311,-0.18525693653133993,0.5280464138515919,-0.6821030150544466,-0.2733240253297519,-1.597962652809969
-0.19563637994497737,-0.18525647246945734,0.5280742843255706,-0.62886851180743,-0.2731389394449854,-1.5978828259764457
-0.1956321959536066,-0.18525582630434625,0.5281018200667094,-0.5740003460358841,-0.2729542501458858,-1.597805244079604
-0.195628,-0.185255,0.528129,-0.517422,-0.27277,-1.59773
-0.19562379270001393,-0.1852539977869264,0.5281558090314052,-0.45910538013623936,-0.27258621649562953,-1.5976571444563223
-0.19561957480900594,-0.1852528329616914,0.5281822559907737,-0.3992160895860265,-0.2724028668040929,-1.5975865595197891
-0.1956153471172089,-0.1852515210873753,0.5282083556889253,-0.3379681556671136,-0.2722199030174637,-1.5975180850997504
-0.19561111041485565,-0.1852500777270586,0.52823412293668,-0.2755756056971735,-0.2720372772278145,-1.5974515611055569
-0.19560686549217898,-0.18524851844382162,0.528259572544858,-0.21225246699390476,-0.2718549415272189,-1.5973868274465584
-0.19560261313941182,-0.18524685880074482,0.528284719324279,-0.14821276687497792,-0.2716728480077496,-1.597323724032106
-0.19559835414678692,-0.18524511436090854,0.528309578085763,-0.0836705326581487,-0.2714909487614801,-1.5972620907715496
-0.19559408930453717,-0.18524330068739325,0.5283341636401299,-0.018839791661087728,-0.27130919588048336,-1.5972017675742396
-0.1955898194028954,-0.18524143334327928,0.5283584907981997,0.046065428798506135,-0.2711275414568325,-1.5971425943495265
-0.19558554523209443,-0.18523952789164708,0.5283825743707925,0.11083110140296279,-0.2709459375826005,-1.597084411006761
-0.19558126758236716,-0.18523759989557698,0.528406429168728,0.17524319883452555,-0.27076433634986075,-1.5970270574552925
-0.19557698724394632,-0.18523566491814944,0.5284300700028265,0.23908769377552455,-0.2705826898506861,-1.5969703736044722
-0.19557270500706486,-0.18523373852244482,0.5284535116839075,0.3021505589082608,-0.27040095017715,-1.5969141993636502
-0.19556842166195554,-0.18523183627154358,0.5284767690227914,0.3642177669150629,-0.27021906942132523,-1.596858374642177
-0.19556413799885128,-0.185229973728526,0.528499856830298,0.42507529047817644,-0.27003699967528516,-1.5968027393494026
-0.19555985480798485,-0.18522816645647264,0.5285227899172472,0.48450910227993077,-0.26985469303110277,-1.596747133394678
-0.1955555728756129,-0.18522642992599836,0.5285455830074275,0.5423069674043102,-0.2696721030047283,-1.5966913976150856
-0.1955512927494197,-0.18522477405979398,0.528568245602742,0.598364195036327,-0.2694892685447369,-1.5966354285116686
-0.19554701460730245,-0.18522320018126787,0.5285907791111704,0.652742787717474,-0.26930636102027244,-1.596579208864608
-0.19554273859534865,-0.185221708874105,0.5286131842444416,0.7055190872027866,-0.26912356319149533,-1.5965227288759465
-0.19553846485964582,-0.18522030072199056,0.5286354617142841,0.7567694352472746,-0.26894105781856603,-1.5964659787477262
-0.1955341935462814,-0.18521897630860953,0.5286576122324266,0.8065701736059698,-0.2687590276616449,-1.5964089486819892
-0.19552992480134299,-0.18521773621764698,0.5286796365105977,0.8549976440338378,-0.2685776554808927,-1.5963516288807784
-0.19552565877091801,-0.1852165810327881,0.528701535260526,0.902128188285911,-0.26839712403646965,-1.596294009546136
-0.19552139560109405,-0.1852155113377178,0.5287233091939404,0.9480381481171991,-0.2682176160885362,-1.5962360808801042
-0.19551713543795854,-0.18521452771612126,0.5287449590225691,0.992803865282732,-0.268039314397253,-1.5961778330847252
-0.19551287842759907,-0.18521363075168348,0.5287664854581411,1.0365016815374792,-0.2678624017227804,-1.5961192563620417
-0.1955086247161031,-0.1852128210280896,0.5287878892123847,1.0792079386364712,-0.26768706082527893,-1.5960603409140957
-0.19550437444955815,-0.1852120991290247,0.5288091709970288,1.120998978334718,-0.26751347446490903,-1.59600107694293
-0.1955001277740517,-0.18521146563817376,0.528830331523802,1.1619511423872473,-0.26734182540183105,-1.5959414546505866
-0.19549588483567135,-0.18521092113922194,0.528851371504433,1.2021407725490325,-0.2671722963962056,-1.595881464239108
-0.19549164578050446,-0.18521046621585427,0.5288722916506502,1.2416442105751022,-0.2670050702081932,-1.5958210959105366
-0.19548741075463866,-0.18521010145175584,0.5288930926741822,1.2805377982204662,-0.2668403295979542,-1.5957603398669147
-0.1954831798930666,-0.18520982722194473,0.528913775403624,1.3188938140823556,-0.26667824016550695,-1.5956991883152447
-0.19547895320180347,-0.1852096414756858,0.5289343420261374,1.3567373025485838,-0.2665187680242195,-1.5956376567701875
-0.1954747306036533,-0.18520954059724173,0.5289547956053801,1.394062834323552,-0.2663617505863944,-1.595575775783603
-0.1954705120200332,-0.18520952094479184,0.5289751392196169,1.4308644722169184,-0.2662070231193167,-1.5955135761579722
-0.19546629737236032,-0.18520957887651543,0.5289953759471139,1.4671362790383595,-0.26605442089027137,-1.5954510886957742
-0.1954620865820517,-0.1852097107505918,0.5290155088661364,1.5028723175975014,-0.2659037791665435,-1.59538834419949
-0.19545787957052452,-0.18520991292520025,0.5290355410549498,1.5380666507040204,-0.2657549332154181,-1.5953253734716
-0.195453676259196,-0.18521018175852014,0.5290554755918196,1.5727133411675749,-0.26560771830418023,-1.5952622073145837
-0.19544947656948308,-0.18521051360873075,0.5290753155550116,1.60680645179784,-0.26546196970011465,-1.5951988765309215
-0.195445280422803,-0.18521090483401148,0.529095064022791,1.6403400454044448,-0.26531752267050657,-1.5951354119230936
-0.19544108774057287,-0.1852113517925415,0.5291147240734235,1.6733081847970632,-0.265174212482641,-1.5950718442935805
-0.1954368984442098,-0.18521185084250025,0.5291342987851746,1.7057049327853548,-0.26503187440380294,-1.5950082044448626
-0.19543271245513097,-0.18521239834206696,0.5291537912363096,1.737524352178993,-0.26489034370127723,-1.594944523179419
-0.19542852969475344,-0.18521299064942096,0.5291732045050941,1.7687605057876088,-0.2647494556423492,-1.594880831299731
-0.19542435008449432,-0.1852136241227416,0.5291925416697937,1.7994074564208755,-0.26460904549430364,-1.5948171596082783
-0.19542017354577082,-0.18521429512020818,0.5292118058086738,1.829459266888453,-0.26446894852442554,-1.5947535389075411
-0.195416,-0.185215,0.529231,1.858910000000013,-0.2643289999999999,-1.59469
-0.1954118294097368,-0.1852157352498661,0.529250128094195,1.887756801997971,-0.26418906424554767,-1.594626564772394
-0.19540766190208744,-0.18521649787583444,0.529269197030311,1.9160091528559111,-0.26404912181453244,-1.594563219448501
-0.19540349764529588,-0.1852172850135027,0.5292882145195572,1.943679615980186,-0.26390918231765376,-1.5944999413363576
-0.19539933680760613,-0.1852180937984685,0.5293071882731429,1.9707807547771603,-0.263769255365611,-1.594436707744001
-0.1953951795572621,-0.1852189213663296,0.5293261260022777,1.9973251326531627,-0.26362935056910386,-1.5943734959794678
-0.19539102606250788,-0.1852197648526836,0.5293450354181707,2.023325313014559,-0.2634894775388317,-1.5943102833507945
-0.1953868764915874,-0.18522062139312817,0.5293639242320313,2.0487938592677013,-0.26334964588549414,-1.5942470471660184
-0.19538273101274467,-0.18522148812326103,0.5293828001550689,2.0737433348189542,-0.2632098652197904,-1.594183764733176
-0.1953785897942237,-0.18522236217867982,0.5294016708984929,2.0981863030746477,-0.2630701451524204,-1.5941204133603044
-0.19537445300426845,-0.1852232406949822,0.5294205441735125,2.1221353274411463,-0.26293049529408324,-1.5940569703554404
-0.19537032081112285,-0.18522412080776587,0.5294394276913369,2.1456029713248026,-0.26279092525547865,-1.593993413026621
-0.19536619338303102,-0.1852249996526285,0.5294583291631759,2.1686017981319794,-0.262651444647306,-1.5939297186818824
-0.19536207088823684,-0.1852258743651678,0.5294772563002387,2.19114437126901,-0.26251206308026487,-1.593865864629262
-0.19535795349498436,-0.1852267420809813,0.5294962168137343,2.213243254142257,-0.2623727901650547,-1.5938018281767965
-0.19535384137151757,-0.18522759993566684,0.5295152184148725,2.234911010158073,-0.26223363551237505,-1.5937375866325227
-0.1953497346860804,-0.18522844506482197,0.5295342688148622,2.256160202722812,-0.2620946087329254,-1.5936731173044776
-0.19534563358620924,-0.1852292745949323,0.5295533757079112,2.277003348692702,-0.2619557192376472,-1.5936083979309283
-0.19534153697698228,-0.18523008510575456,0.5295725457681112,2.297450171916012,-0.2618169644520073,-1.5935434320639703
-0.19533744183766752,-0.1852308723296159,0.5295917840883747,2.317506067078738,-0.2616783232239858,-1.593478263267132
-0.19533334498187185,-0.18523163192594633,0.5296110956255987,2.337176056465809,-0.2615397728034998,-1.5934129385457863
-0.19532924322320228,-0.1852323595541758,0.5296304853366804,2.3564651623621624,-0.2614012904404663,-1.5933475049053052
-0.1953251333752656,-0.18523305087373443,0.5296499581785168,2.3753784070527115,-0.26126285338480226,-1.5932820093510613
-0.1953210122516688,-0.1852337015440521,0.5296695191080052,2.3939208128223926,-0.2611244388864247,-1.5932164988884274
-0.19531687666601882,-0.18523430722455886,0.5296891730820427,2.4120974019561365,-0.2609860241952508,-1.5931510205227755
-0.19531272343192255,-0.18523486357468472,0.5297089250575263,2.429913196738879,-0.2608475865611972,-1.5930856212594782
-0.1953085493629869,-0.18523536625385967,0.529728779991353,2.447373219455534,-0.2607091032341812,-1.5930203481039074
-0.1953043512728188,-0.18523581092151367,0.5297487428404202,2.464482492391038,-0.2605705514641198,-1.5929552480614368
-0.19530012597502516,-0.18523619323707674,0.5297688185616248,2.4812460378303216,-0.2604319085009299,-1.592890368137438
-0.1952958702832129,-0.18523650885997892,0.5297890121118641,2.4976688780583194,-0.2602931515945285,-1.5928257553372833
-0.19529158101098895,-0.18523675344965013,0.529809328448035,2.5137560353599477,-0.26015425799483266,-1.5927614566663457
-0.19528725497196028,-0.18523692266552041,0.5298297725270347,2.529512532020142,-0.2600152049517594,-1.592697519129997
-0.19528288897973373,-0.18523701216701982,0.5298503493057602,2.5449433903238323,-0.2598759697152257,-1.5926339897336104
-0.19527847984791621,-0.18523701761357828,0.5298710637411087,2.5600536325559538,-0.2597365295351484,-1.5925709154825576
-0.19527402452857007,-0.18523693485382345,0.5298919200172519,2.574848291235941,-0.2595968642441469,-1.592508343136538
-0.19526952158330138,-0.18523676193580557,0.5299129133354248,2.5893325178595266,-0.2594569836987506,-1.5924463165992881
-0.19526497061213152,-0.18523649832655736,0.5299340331014206,2.6035115406813274,-0.2593169171257543,-1.5923848779319918
-0.19526037123238885,-0.1852361435167611,0.5299552686244414,2.617390589235278,-0.25917669407479055,-1.5923240691651217
-0.19525572306140168,-0.18523569699709916,0.5299766092136897,2.6309748930552974,-0.25903634409549176,-1.5922639323291514
-0.19525102571649838,-0.1852351582582538,0.5299980441783674,2.6442696816753215,-0.2588958967374906,-1.5922045094545543
-0.19524627881500725,-0.18523452679090743,0.5300195628276767,2.6572801846292813,-0.25875538155041927,-1.5921458425718038
-0.19524148197425667,-0.18523380208574233,0.53004115447082,2.670011631451112,-0.2586148280839103,-1.5920879737113731
-0.19523663481157494,-0.18523298363344085,0.5300628084169993,2.6824692516747333,-0.2584742658875964,-1.5920309449037358
-0.1952317369442904,-0.1852320709246854,0.530084513975417,2.694658274834081,-0.2583337245111099,-1.591974798179365
-0.19522678798973137,-0.1852310634501582,0.5301062604552752,2.7065839304630845,-0.2581932335040833,-1.5919195755687343
-0.1952217875652262,-0.18522996070054162,0.5301280371657763,2.7182514480956805,-0.2580528224161489,-1.5918653191023169
-0.19521673528810324,-0.18522876216651804,0.5301498334161223,2.729666057265788,-0.25791252079693955,-1.5918120708105865
-0.1952116307756908,-0.18522746733876977,0.5301716385155154,2.740832987507343,-0.2577723581960875,-1.5917598727240163
-0.19520647364531724,-0.18522607570797905,0.530193441773158,2.751757468354276,-0.2576323641632252,-1.5917087668730796
-0.19520126351431086,-0.1852245867648284,0.5302152324982521,2.762444729340521,-0.25749256824798517,-1.5916587952882497
-0.195196,-0.185223,0.530237,2.7729,-0.257353,-1.59161
-0.19519068292167163,-0.18522131734803596,0.5302587341104527,2.7831282288742174,-0.25721367418388885,-1.5915623952991806
-0.1951853129064468,-0.18521955051891725,0.5302804267530551,2.7931332405349525,-0.257074546424218,-1.5915158845181494
-0.19517989078340536,-0.18521771366648448,0.5303020703741019,2.8029185785615605,-0.2569355575605405,-1.5914703432496398
-0.19517441738162702,-0.18521582094457834,0.530323657419887,2.8124877865333806,-0.25679664843240957,-1.5914256470863857
-0.1951688935301915,-0.1852138865070395,0.530345180336704,2.8218444080297687,-0.2566577598793781,-1.5913816716211218
-0.1951633200581786,-0.18521192450770865,0.5303666315708473,2.8309919866300732,-0.25651883274099924,-1.5913382924465818
-0.195157697794668,-0.1852099491004264,0.530388003568611,2.839934065913648,-0.256379807856826,-1.5912953851554996
-0.19515202756873942,-0.18520797443903342,0.5304092887762889,2.848674189459834,-0.25624062606641157,-1.5912528253406095
-0.19514631020947268,-0.1852060146773704,0.5304304796401753,2.857215900847987,-0.2561012282093089,-1.5912104885946459
-0.1951405465459475,-0.18520408396927807,0.5304515686065641,2.8655627436574544,-0.25596155512507124,-1.5911682505103422
-0.19513473740724357,-0.18520219646859695,0.5304725481217494,2.87371826146759,-0.2558215476532513,-1.5911259866804328
-0.19512888362244069,-0.1852003663291678,0.5304934106320249,2.881685997857737,-0.2556811466334025,-1.5910835726976515
-0.19512298602061862,-0.18519860770483126,0.5305141485836853,2.8894694964072474,-0.25554029290507774,-1.5910408841547328
-0.195117045430857,-0.18519693474942805,0.5305347544230242,2.8970723006954717,-0.2553989273078302,-1.5909977966444107
-0.19511106268223566,-0.18519536161679875,0.5305552205963355,2.9044979543017635,-0.2552569906812127,-1.590954185759419
-0.19510503860383438,-0.18519390246078407,0.5305755395499138,2.911750000805464,-0.25511442386477867,-1.5909099270924913
-0.19509897402550605,-0.18519257125752164,0.5305957037011843,2.918831979335121,-0.25497116790961544,-1.590864898056646
-0.19509286982350119,-0.1851913713209693,0.5306157037354721,2.9257471619708775,-0.2548271765588858,-1.5908190852818829
-0.19508672694598617,-0.18519028943870602,0.5306355276533452,2.93249840686786,-0.25468242322846807,-1.5907726446845283
-0.19508054634731367,-0.18518931097668684,0.5306551632244257,2.9390885365747357,-0.2545368830265177,-1.590725746743173
-0.1950743289818364,-0.18518842130086668,0.530674598218335,2.945520373640177,-0.25439053106119,-1.5906785619364066
-0.1950680758039071,-0.18518760577720061,0.5306938204046947,2.9517967406128567,-0.25424334244063995,-1.59063126074282
-0.1950617877678784,-0.18518684977164362,0.5307128175531263,2.9579204600414477,-0.2540952922730229,-1.590584013641003
-0.195055465828103,-0.18518613865015074,0.5307315774332517,2.963894354474615,-0.25394635566649426,-1.590536991109547
-0.19504911093893362,-0.18518545777867695,0.5307500878146922,2.969721246461034,-0.2537965077292091,-1.5904903636270415
-0.19504272405472292,-0.1851847925231773,0.5307683364670696,2.975403958549375,-0.25364572356932275,-1.5904443016720773
-0.19503630612982364,-0.1851841282496067,0.5307863111600055,2.980945313288312,-0.2534939782949903,-1.590398975723245
-0.19502985811858853,-0.18518345032392025,0.5308039996631216,2.986348133226511,-0.2533412470143673,-1.5903545562591341
-0.19502338097537014,-0.18518274411207292,0.5308213897460393,2.991615240912646,-0.25318750483560876,-1.590311213758336
-0.1950168756545213,-0.1851819949800197,0.5308384691783803,2.996749458895388,-0.2530327268668699,-1.5902691186994407
-0.19501034311039467,-0.18518118829371563,0.5308552257297662,3.0017536097234103,-0.25287688821630605,-1.5902284415610382
-0.19500378429734289,-0.18518030941911567,0.5308716471698187,3.0066305159453797,-0.2527199639920725,-1.5901893528217195
-0.19499720016971875,-0.18517934372217493,0.5308877212681594,3.011383000109969,-0.25256192930232446,-1.5901520229600743
-0.19499059198129,-0.18517827781923762,0.5309034368192789,3.0160138422886797,-0.25240275565085524,-1.5901166101847835
-0.1949839644665257,-0.18517711286242436,0.5309187945317703,3.0205253287559057,-0.2522423726407505,-1.5900831300668175
-0.19497732460550835,-0.18517585938177578,0.5309338028007443,3.0249194272072546,-0.25208068284238155,-1.5900515061528202
-0.19497067941574742,-0.18517452806363116,0.5309484701494209,3.029198100028694,-0.25191758837557426,-1.5900216604556956
-0.19496403591475242,-0.18517312959432985,0.5309628051010192,3.0333633096061887,-0.2517529913601546,-1.5899935149883482
-0.19495740112003282,-0.18517167466021117,0.5309768161787589,3.037417018325707,-0.25158679391594857,-1.589966991763682
-0.19495078204909802,-0.18517017394761437,0.5309905119058593,3.0413611885732115,-0.25141889816278207,-1.5899420127946025
-0.19494418571945754,-0.18516863814287882,0.5310039008055402,3.0451977827346686,-0.25124920622048097,-1.589918500094013
-0.1949376191486209,-0.18516707793234377,0.5310169914010208,3.0489287631960447,-0.2510776202088714,-1.5898963756748183
-0.19493108935409745,-0.1851655040023486,0.5310297922155206,3.052556092343307,-0.2509040422477791,-1.589875561549923
-0.19492460335339676,-0.18516392703923257,0.5310423117722596,3.0560817325624163,-0.2507283744570303,-1.589855979732231
-0.19491816816402827,-0.18516235772933498,0.5310545585944566,3.0595076462393416,-0.25055051895645064,-1.589837552234647
-0.1949117908035014,-0.1851608067589952,0.5310665412053316,3.0628357957600483,-0.2503703778658663,-1.5898202010700755
-0.1949054782893257,-0.1851592848145525,0.531078268128104,3.0660681435105035,-0.250187853305103,-1.5898038482514205
-0.19489923763901057,-0.18515780258234618,0.5310897478859931,3.0692066518766685,-0.250002847393987,-1.5897884157915867
-0.1948930758700655,-0.18515637074871558,0.5311009890022187,3.0722532832445126,-0.24981526225234396,-1.5897738257034784
-0.194887,-0.185155,0.531112,3.07521,-0.249625,-1.58976
-0.19488101600734015,-0.18515369866026346,0.5311227877942702,3.078078697822682,-0.24943200073623345,-1.589746875670204
-0.19487512571467872,-0.18515246560446902,0.5311333528668161,3.0808610055664376,-0.24923635647813286,-1.5897344496077341
-0.19486932990562517,-0.18515129734530444,0.5311436940911383,3.0835584853787354,-0.24903819722223922,-1.589722733682383
-0.19486362936378893,-0.18515019039545744,0.5311538103407368,3.0861726994070415,-0.2488376529650934,-1.589711739763942
-0.19485802487277934,-0.18514914126761575,0.5311637004891122,3.088705209798823,-0.2486348537032363,-1.5897014797222035
-0.19485251721620594,-0.18514814647446712,0.5311733634097647,3.091157578701543,-0.24842992943320905,-1.5896919654269597
-0.19484710717767809,-0.18514720252869937,0.5311827979761949,3.0935313682626715,-0.24822301015155254,-1.589683208748002
-0.19484179554080522,-0.18514630594300022,0.5311920030619033,3.0958281406296724,-0.2480142258548077,-1.5896752215551233
-0.1948365830891968,-0.18514545323005743,0.5312009775403898,3.0980494579500144,-0.2478037065395154,-1.5896680157181153
-0.19483147060646222,-0.18514464090255872,0.531209720285155,3.1001968823711614,-0.2475915822022168,-1.58966160310677
-0.1948264588762109,-0.18514386547319187,0.5312182301696994,3.102271976040581,-0.24737798283945278,-1.5896559955908791
-0.19482154868205226,-0.18514312345464462,0.5312265060675232,3.1042763011057377,-0.24716303844776424,-1.5896512050402352
-0.19481674080759578,-0.1851424113596047,0.5312345468521268,3.1062114197141013,-0.2469468790236921,-1.58964724332463
-0.1948120360364509,-0.18514172570075993,0.5312423513970108,3.1080788940131345,-0.24672963456377753,-1.589644122313856
-0.19480743515222693,-0.18514106299079802,0.5312499185756753,3.1098802861503048,-0.2465114350645613,-1.5896418538777044
-0.1948029389385334,-0.18514041974240672,0.5312572472616208,3.111617158273079,-0.24629241052258447,-1.589640449885968
-0.19479854819947626,-0.18513979260594182,0.5312643363265037,3.1132910698810026,-0.24607268991034753,-1.5896399209634888
-0.19479426496895538,-0.18513918649184127,0.5312711845313428,3.1149034215983225,-0.2458523407579325,-1.589640203038122
-0.19479009318705104,-0.18513861911367052,0.5312777904656689,3.1164553677925824,-0.24563133535967208,-1.5896411162573938
-0.1947860369578161,-0.18513810928633925,0.5312841527042609,3.117948041647951,-0.24540963781757644,-1.589642470809231
-0.1947821003853033,-0.1851376758247571,0.5312902698218979,3.119382576348599,-0.24518721223365572,-1.5896440768815616
-0.1947782875735656,-0.18513733754383377,0.5312961403933587,3.1207601050786926,-0.2449640227099203,-1.5896457446623125
-0.1947746026266557,-0.18513711325847892,0.5313017629934224,3.122081761022404,-0.2447400333483803,-1.5896472843394116
-0.19477104964862646,-0.18513702178360228,0.5313071361968681,3.1233486773639005,-0.244515208251046,-1.5896485061007861
-0.19476763274353076,-0.18513708193411343,0.5313122585784747,3.124561987287353,-0.24428951151992742,-1.5896492201343635
-0.19476435601542133,-0.18513731252492216,0.5313171287130213,3.1257228239769286,-0.24406290725703508,-1.589649236628071
-0.19476122356835104,-0.18513773237093809,0.5313217451752866,3.1268323206167983,-0.243835359564379,-1.5896483657698366
-0.19475823950637272,-0.1851383602870709,0.5313261065400502,3.1278916103911305,-0.24360683254396948,-1.5896464177475873
-0.19475540793353918,-0.1851392150882303,0.5313302113820905,3.1289018264840953,-0.24337729029781655,-1.5896432027492504
-0.19475273295390327,-0.18514031558932595,0.5313340582761867,3.1298641020798605,-0.2431466969279307,-1.5896385309627543
-0.19475021867151776,-0.1851416806052675,0.531337645797118,3.1307795703625967,-0.24291501653632205,-1.5896322125760252
-0.19474786919043552,-0.1851433289509647,0.531340972519663,3.131649364516471,-0.24268221322500072,-1.5896240577769911
-0.19474568861470937,-0.1851452794413272,0.531344037018601,3.1324746177256557,-0.24244825109597692,-1.5896138767535792
-0.19474368038034895,-0.18514754916982087,0.5313468378282472,3.133256449272673,-0.24221310098337998,-1.5896014971747334
-0.1947418401573625,-0.18515013521812798,0.5313493730125225,3.1339958168334237,-0.2419768119822212,-1.5895869499262054
-0.19474015860543473,-0.18515302175710252,0.5313516403318688,3.13469357382147,-0.24173948367840395,-1.5895703970013668
-0.19473862630074484,-0.18515619274241796,0.5313536375416696,3.135350571912669,-0.2415012164993463,-1.5895520025787158
-0.1947372338194722,-0.1851596321297479,0.531355362397309,3.1359676627828774,-0.24126211087246663,-1.5895319308367506
-0.19473597173779603,-0.1851633238747658,0.5313568126541699,3.1365456981079523,-0.24102226722518297,-1.589510345953969
-0.1947348306318956,-0.18516725193314523,0.5313579860676363,3.13708552956375,-0.24078178598491354,-1.5894874121088698
-0.1947338010779502,-0.18517140026055975,0.531358880393092,3.137588008826128,-0.24054076757907644,-1.5894632934799509
-0.19473287365213918,-0.18517575281268284,0.5313594933859204,3.138053987570942,-0.24029931243508998,-1.5894381542457106
-0.1947320389306417,-0.18518029354518806,0.531359822801505,3.13848431747405,-0.24005752098037228,-1.589412158584647
-0.19473128748963714,-0.18518500641374888,0.5313598663952296,3.1388798502113087,-0.2398154936423415,-1.5893854706752584
-0.19473060990530477,-0.1851898753740389,0.5313596219224777,3.1392414374585744,-0.2395733308484158,-1.5893582546960427
-0.19472999675382377,-0.1851948843817316,0.5313590871386333,3.1395699308917044,-0.23933113302601336,-1.5893306748254987
-0.19472943861137354,-0.18520001739250055,0.5313582597990796,3.1398661821865543,-0.2390890006025524,-1.5893028952421242
-0.1947289260541333,-0.1852052583620192,0.5313571376592003,3.1401310430189833,-0.2388470340054511,-1.5892750801244175
-0.1947284496582824,-0.1852105912459612,0.5313557184743792,3.140365365064846,-0.2386053336621276,-1.5892473936508766
-0.194728,-0.185216,0.531354,3.14057,-0.238364,-1.58922
-0.1947275689926406,-0.1852214736302629,0.5313519818834964,3.140745736826393,-0.2381230708599698,-1.5891930056902162
-0.19472715389825915,-0.18522702134469235,0.5313496713405049,3.140893113850338,-0.23788233373687084,-1.5891662865996743
-0.1947267533160856,-0.18523265740168457,0.5313470774787116,3.1410126067042383,-0.2376415135390202,-1.5891396609464545
-0.19472636584535002,-0.18523839605963574,0.5313442094058031,3.1411046910204976,-0.2374003351747348,-1.589112946948636
-0.1947259900852826,-0.18524425157694205,0.531341076229466,3.141169842431518,-0.23715852355233205,-1.589085962824299
-0.19472562463511325,-0.1852502382119998,0.5313376870573867,3.141208536569704,-0.23691580358012884,-1.5890585267915234
-0.19472526809407212,-0.18525637022320504,0.5313340509972518,3.14122124906746,-0.23667190016644224,-1.5890304570683882
-0.19472491906138922,-0.18526266186895413,0.5313301771567477,3.1412084555571878,-0.23642653821958926,-1.589001571872974
-0.19472457613629457,-0.18526912740764315,0.531326074643561,3.141170631671292,-0.23617944264788718,-1.5889716894233599
-0.1947242379180183,-0.1852757810976684,0.5313217525653781,3.1411082530421757,-0.2359303383596529,-1.5889406279376257
-0.19472390300579043,-0.18528263719742605,0.5313172200298855,3.1410217953022426,-0.23567895026320362,-1.5889082056338517
-0.194723569998841,-0.18528970996531227,0.5313124861447696,3.140911734083896,-0.23542500326685625,-1.588874240730117
-0.1947232374964001,-0.18529701365972334,0.5313075600177172,3.140778545019539,-0.2351682222789281,-1.5888385514445018
-0.19472290409769774,-0.18530456253905542,0.5313024507564145,3.140622703741576,-0.23490833220773613,-1.5888009559950858
-0.19472256840196403,-0.18531237086170468,0.531297167468548,3.14044468588241,-0.2346450579615974,-1.5887612725999483
-0.194722229008429,-0.1853204528860674,0.5312917192618045,3.1402449670744437,-0.23437812444882894,-1.5887193194771694
-0.19472188456972805,-0.18532882273750484,0.5312861151286246,3.1400240238928117,-0.23410725987230968,-1.5886749172019345
-0.19472153694281907,-0.18533748655928406,0.531280357146702,3.1397823894763954,-0.23383239010862072,-1.5886280277757634
-0.1947211929513595,-0.1853464381224259,0.5312744366758736,3.139520684637891,-0.2335537474285819,-1.5885788324109937
-0.19472085984624987,-0.185355670133672,0.5312683441540098,3.1392395377318274,-0.23327159045950657,-1.588527531176809
-0.19472054487839066,-0.18536517529976404,0.5312620700189808,3.1389395771127346,-0.23298617782870862,-1.5884743241423918
-0.1947202552986824,-0.18537494632744364,0.5312556047086572,3.138621431135141,-0.2326977681635013,-1.588419411376925
-0.19471999835802553,-0.1853849759234525,0.5312489386609094,3.1382857281535763,-0.23240662009119817,-1.5883629929495913
-0.1947197813073206,-0.18539525679453223,0.5312420623136076,3.13793309652257,-0.23211299223911264,-1.5883052689295736
-0.1947196113974681,-0.1854057816474245,0.5312349661046224,3.1375641645966503,-0.23181714323455843,-1.5882464393860545
-0.19471949587936854,-0.18541654318887094,0.5312276404718239,3.1371795607303476,-0.23151933170484892,-1.5881867043882174
-0.19471944200392236,-0.1854275341256132,0.5312200758530827,3.13677991327819,-0.23121981627729765,-1.5881262640052447
-0.1947194570220301,-0.1854387471643929,0.5312122626862693,3.136365850594708,-0.23091885557921799,-1.588065318306319
-0.19471954818459222,-0.18545017501195177,0.5312041914092538,3.13593800103443,-0.23061670823792368,-1.5880040673606235
-0.19471972274250932,-0.18546181037503134,0.5311958524599069,3.1354969929518854,-0.23031363288072818,-1.587942711237341
-0.19471998794668177,-0.18547364596037338,0.5311872362760987,3.1350434547016035,-0.23000988813494488,-1.587881450005654
-0.19472035104801017,-0.18548567447471948,0.5311783332956996,3.1345780146381124,-0.22970573262788727,-1.5878204837347456
-0.19472081929739493,-0.18549788862481129,0.5311691339565803,3.134101301115943,-0.2294014249868691,-1.5877600124937987
-0.19472139969656463,-0.18551028176607665,0.5311596291358683,3.133613932172337,-0.2290972088293822,-1.5877002240890827
-0.1947220963506235,-0.18552285479492053,0.5311498148170583,3.1331164059060845,-0.2287931532837442,-1.5876411637705004
-0.19472291149588608,-0.1855356134728943,0.5311396902780748,3.132609143036323,-0.22848921490461155,-1.5875827848161048
-0.19472384733752024,-0.1855485636426352,0.5311292548517502,3.1320925629925345,-0.2281853483704133,-1.5875250389710847
-0.19472490608069398,-0.18556171114678038,0.5311185078709161,3.131567085204198,-0.22788150835957824,-1.5874678779806295
-0.19472608993057522,-0.18557506182796712,0.5311074486684045,3.131033129100793,-0.2275776495505353,-1.5874112535899279
-0.19472740109233191,-0.18558862152883254,0.5310960765770473,3.1304911141117997,-0.22727372662171316,-1.5873551175441691
-0.1947288417711321,-0.1856023960920139,0.5310843909296766,3.1299414596666963,-0.22696969425154104,-1.5872994215885419
-0.1947304141721436,-0.18561639136014835,0.5310723910591243,3.1293845851949644,-0.2266655071184476,-1.587244117468235
-0.19473212050053448,-0.1856306131758731,0.5310600762982223,3.1288209101260818,-0.2263611199008618,-1.587189156928438
-0.1947339629614726,-0.18564506738182537,0.5310474459798025,3.1282508538895297,-0.22605648727721236,-1.5871344917143393
-0.19473594376012604,-0.18565975982064237,0.5310344994366969,3.1276748359147866,-0.2257515639259284,-1.5870800735711286
-0.19473806510166258,-0.18567469633496125,0.5310212360017375,3.1270932756313328,-0.22544630452543873,-1.5870258542439937
-0.19474032919125034,-0.1856898827674193,0.531007655007756,3.126506592468647,-0.22514066375417216,-1.5869717854781247
-0.19474273823405716,-0.18570532496065362,0.5309937557875848,3.1259152058562103,-0.2248345962905575,-1.5869178190187099
-0.1947452944352511,-0.18572102875730145,0.5309795376740555,3.1253195352235013,-0.22452805681302385,-1.586863906610939
-0.194748,-0.185737,0.530965,3.12472,-0.224221,-1.58681
-0.1947508564633485,-0.1857532402300652,0.5309501423039121,3.1241169822448644,-0.2239133942013385,-1.5867560685985613
-0.19475386267984765,-0.18576973378352787,0.5309349649469319,3.123510714535968,-0.2236052624525865,-1.586702152489205
-0.19475701683392516,-0.18578646069509752,0.5309194684958612,3.122901392080864,-0.22329664146071518,-1.5866483094219932
-0.1947603171100087,-0.18580340099948375,0.5309036535175019,3.1222892100871036,-0.22298756793269545,-1.586594597146986
-0.19476376169252596,-0.18582053473139612,0.5308875205786557,3.12167436376224,-0.2226780785754982,-1.5865410734142456
-0.19476734876590457,-0.18583784192554417,0.5308710702461247,3.1210570483138236,-0.22236821009609434,-1.5864877959738328
-0.1947710765145723,-0.18585530261663744,0.5308543030867106,3.120437458949408,-0.22205799920145503,-1.5864348225758091
-0.1947749431229568,-0.18587289683938546,0.530837219667215,3.1198157908765465,-0.22174748259855112,-1.5863822109702361
-0.1947789467754857,-0.1858906046284978,0.53081982055444,3.119192239302789,-0.2214366969943536,-1.5863300189071743
-0.1947830856565868,-0.185908406018684,0.5308021063151872,3.1185669994356893,-0.22112567909583322,-1.5862783041366855
-0.19478735795068772,-0.18592628104465364,0.5307840775162589,3.1179402664827984,-0.22081446560996132,-1.586227124408831
-0.19479176184221608,-0.18594420974111625,0.5307657347244564,3.1173122356516703,-0.22050309324370868,-1.5861765374736718
-0.19479629551559974,-0.1859621721427814,0.5307470785065819,3.116683102149856,-0.22019159870404623,-1.5861266010812696
-0.1948009571552662,-0.18598014828435866,0.530728109429437,3.116053061184908,-0.21988001869794482,-1.5860773729816853
-0.19480574494564323,-0.18599811820055748,0.5307088280598237,3.1154223079643786,-0.21956838993237573,-1.5860289109249803
-0.19481065707115855,-0.18601606192608755,0.5306892349645437,3.1147910376958197,-0.2192567491143097,-1.5859812726612161
-0.19481569173466384,-0.18603395961980534,0.5306693307450234,3.1141594444927887,-0.21894513211354935,-1.5859345150959134
-0.1948208482444529,-0.1860517988893878,0.5306491180801552,3.1135276568291235,-0.21863352456979196,-1.585888644462188
-0.19482612762225474,-0.1860695788881835,0.5306286028689046,3.1128957014370977,-0.21832183426607243,-1.5858435884509268
-0.19483153103719072,-0.18608729976271704,0.5306077912872319,3.1122635962970233,-0.21800996228807795,-1.5857992679966952
-0.19483705965838208,-0.18610496165951299,0.530586689511098,3.1116313593892113,-0.21769780972149572,-1.5857556040340595
-0.19484271465495015,-0.18612256472509592,0.5305653037164637,3.1109990086939736,-0.21738527765201288,-1.5857125174975852
-0.19484849719601624,-0.1861401091059905,0.5305436400792898,3.110366562191621,-0.217072267165317,-1.5856699293218384
-0.19485440845070162,-0.18615759494872125,0.5305217047755367,3.109734037862465,-0.21675867934709517,-1.5856277604413853
-0.19486044958812768,-0.18617502239981282,0.5304995039811653,3.109101453686818,-0.21644441528303465,-1.5855859317907917
-0.19486662177741562,-0.18619239160578976,0.5304770438721365,3.1084688276449897,-0.21612937605882265,-1.5855443643046228
-0.19487292618768678,-0.1862097027131767,0.5304543306244107,3.107836177717293,-0.21581346276014662,-1.585502978917445
-0.1948793639880625,-0.1862269558684982,0.530431370413949,3.1072035218840384,-0.2154965764726937,-1.5854616965638244
-0.19488593634766402,-0.1862441512182789,0.5304081694167117,3.106570878125538,-0.21517861828215123,-1.5854204381783268
-0.19489264443561272,-0.18626128890904334,0.5303847338086598,3.1059382644221034,-0.21485948927420626,-1.5853791246955178
-0.19489948942102983,-0.18627836908731618,0.5303610697657539,3.105305698754045,-0.21453909053454637,-1.5853376770499636
-0.19490647247303666,-0.18629539189962196,0.5303371834639549,3.1046731991016747,-0.2142173231488587,-1.58529601617623
-0.19491359476075457,-0.1863123574924853,0.5303130810792234,3.1040407834453045,-0.2138940882028305,-1.5852540630088825
-0.19492085744629076,-0.18632926587419218,0.5302887686426012,3.103408471685782,-0.21356929460874605,-1.5852117461929622
-0.19492826161021443,-0.18634611544600424,0.5302642505004495,3.10277630605021,-0.2132429422630822,-1.585169084007776
-0.19493580828048937,-0.18636290357239343,0.5302395299122383,3.102144343169724,-0.21291508976179413,-1.5851261525611888
-0.19494349848420267,-0.18637962760055185,0.5302146101193231,3.101512639915524,-0.2125857966791618,-1.5850830289248765
-0.1949513332484415,-0.18639628487767157,0.5301894943630591,3.1008812531588132,-0.212255122589465,-1.585039790170514
-0.1949593136002929,-0.18641287275094454,0.5301641858848013,3.100250239770794,-0.21192312706698407,-1.5849965133697765
-0.19496744056684398,-0.18642938856756297,0.5301386879259052,3.0996196566226684,-0.21158986968599883,-1.5849532755943392
-0.19497571517518186,-0.18644582967471887,0.5301130037277264,3.0989895605856375,-0.21125541002078913,-1.5849101539158772
-0.19498413845239362,-0.18646219341960435,0.5300871365316195,3.0983600085309044,-0.21091980764563495,-1.5848672254060654
-0.19499271142556637,-0.1864784771494114,0.5300610895789404,3.097731057329671,-0.21058312213481645,-1.5848245671365788
-0.19500143512178722,-0.18649467821133217,0.5300348661110439,3.097102763853139,-0.2102454130626135,-1.5847822561790934
-0.1950103105681433,-0.18651079395255868,0.5300084693692856,3.0964751849725105,-0.209906740003306,-1.5847403696052835
-0.19501933879172165,-0.186526821720283,0.5299819025950206,3.0958483775589882,-0.20956716253117386,-1.5846989844868242
-0.1950285208196094,-0.18654275886169724,0.5299551690296043,3.095222398483774,-0.2092267402204973,-1.5846581778953912
-0.19503785767889364,-0.18655860272399344,0.5299282719143918,3.09459730461807,-0.20888553264555615,-1.5846180269026595
-0.19504735039666146,-0.18657435065436367,0.5299012144907387,3.0939731528330783,-0.2085435993806304,-1.5845786085803042
-0.195057,-0.18659,0.529874,3.0933499999999996,-0.20820099999999986,-1.58454
-0.19506680603323687,-0.18660555094234704,0.5298466337850748,3.092727891480651,-0.20785778813443023,-1.5845022466245988
-0.19507676210966185,-0.18662101499985936,0.5298191295950375,3.092106826599299,-0.2075139936406288,-1.584465267481658
-0.19508686035980521,-0.1866364065252441,0.5297915032805064,3.0914867931708243,-0.2071696404317884,-1.5844289499899107
-0.19509709291419722,-0.18665173987120842,0.5297637706920993,3.0908677790101056,-0.20682475242110174,-1.5843931815680907
-0.19510745190336826,-0.1866670293904594,0.5297359476804351,3.090249771932024,-0.20647935352176197,-1.5843578496349318
-0.19511792945784853,-0.1866822894357042,0.5297080500961311,3.089632759751461,-0.20613346764696175,-1.5843228416091668
-0.19512851770816836,-0.18669753435964992,0.5296800937898061,3.0890167302832943,-0.20578711870989402,-1.5842880449095302
-0.19513920878485805,-0.18671277851500373,0.5296520946120777,3.088401671342406,-0.2054403306237514,-1.584253346954755
-0.19514999481844783,-0.1867280362544727,0.5296240684135646,3.087787570743676,-0.20509312730172713,-1.584218635163575
-0.1951608679394681,-0.186743321930764,0.5295960310448847,3.087174416301984,-0.20474553265701387,-1.5841837969547237
-0.19517182027844907,-0.18675864989658478,0.5295679983566564,3.0865621958322103,-0.20439757060280447,-1.5841487197469346
-0.19518284396592106,-0.18677403450464208,0.5295399861994975,3.0859508971492353,-0.20404926505229162,-1.5841132909589413
-0.19519393113241437,-0.1867894901076431,0.5295120104240264,3.08534050806794,-0.20370063991866852,-1.5840773980094773
-0.1952050739084593,-0.1868050310582949,0.529484086880861,3.0847310164032034,-0.20335171911512784,-1.5840409283172763
-0.1952162644245861,-0.18682067170930466,0.52945623142062,3.0841224099699063,-0.20300252655486248,-1.584003769301072
-0.19522749481132512,-0.18683642641337958,0.5294284598939211,3.0835146765829284,-0.20265308615106506,-1.5839658083795978
-0.1952387571797514,-0.18685230932861718,0.5294007880421577,3.082907804722178,-0.20230342277512484,-1.5839269342905664
-0.19525004247362956,-0.1868683229365495,0.5293732250532244,3.0823018227691903,-0.20195361879019189,-1.583887114910453
-0.1952613398273927,-0.1868844516200313,0.529345769957093,3.0816968209530247,-0.20160384567164666,-1.583846440780813
-0.1952726382198325,-0.18690067820504205,0.5293184209099356,3.0810928948229592,-0.20125428256043762,-1.583805012995037
-0.19528392662974078,-0.1869169855175612,0.5292911760679243,3.0804901399282705,-0.20090510859751362,-1.583762932646516
-0.19529519403590923,-0.1869333563835681,0.5292640335872311,3.0798886518182353,-0.2005565029238232,-1.58372030082864
-0.19530642941712958,-0.18694977362904222,0.529236991624028,3.079288526042131,-0.20020864468031493,-1.5836772186348
-0.19531762175219355,-0.18696622007996297,0.5292100483344871,3.0786898581492346,-0.19986171300793745,-1.5836337871583868
-0.19532876001989288,-0.1869826785623098,0.5291832018747804,3.0780927436888232,-0.19951588704763917,-1.58359010749279
-0.1953398331990193,-0.18699913190206205,0.5291564504010802,3.0774972782101737,-0.19917134594036906,-1.5835462807314014
-0.19535083026836453,-0.18701556292519925,0.5291297920695582,3.0769035572625625,-0.19882826882707555,-1.5835024079676105
-0.19536174020672029,-0.18703195445770077,0.5291032250363867,3.076311676395268,-0.19848683484870724,-1.5834585902948088
-0.19537255199287834,-0.187048289325546,0.5290767474577378,3.075721731157566,-0.19814722314621258,-1.5834149288063863
-0.19538325460563039,-0.18706455035471445,0.5290503574897834,3.0751338170987346,-0.19780961286054055,-1.583371524595734
-0.19539383702376814,-0.18708072037118545,0.5290240532886955,3.0745480297680494,-0.19747418313263956,-1.5833284787562423
-0.19540428822608338,-0.1870967822009385,0.5289978330106463,3.0739644647147895,-0.1971411131034582,-1.5832858923813018
-0.1954145971913678,-0.18711271866995297,0.5289716948118078,3.07338321748823,-0.196810581913945,-1.583243866564303
-0.19542475357631492,-0.18712851319193158,0.5289456376728717,3.0728043721669684,-0.19648275708381738,-1.5832024945168741
-0.19543475491822643,-0.18714415601285966,0.5289196701595696,3.0722278794829507,-0.1961576710359774,-1.5831617778251572
-0.19544460383866746,-0.1871596417866471,0.5288938070215305,3.0716536041380227,-0.19583526903409165,-1.583121658962076
-0.19545430304394074,-0.187174965240669,0.5288680631114477,3.071081409400196,-0.19551549488917275,-1.5830820794153353
-0.19546385524034907,-0.18719012110230057,0.5288424532820148,3.070511158537483,-0.19519829241223363,-1.5830429806726385
-0.19547326313419527,-0.187205104098917,0.5288169923859258,3.069942714817895,-0.19488360541428687,-1.58300430422169
-0.1954825294317821,-0.18721990895789342,0.5287916952758741,3.069375941509443,-0.19457137770634517,-1.5829659915501935
-0.19549165683941236,-0.18723453040660512,0.5287665768045532,3.068810701880139,-0.19426155309942106,-1.5829279841458535
-0.19550064806338888,-0.18724896317242723,0.5287416518246566,3.0682468591979952,-0.19395407540452758,-1.582890223496374
-0.1955095058100144,-0.18726320198273486,0.5287169351888782,3.0676842767310233,-0.19364888843267725,-1.582852651089459
-0.19551823278559172,-0.18727724156490327,0.5286924417499116,3.0671228177472347,-0.19334593599488276,-1.5828152084128124
-0.19552683169642363,-0.18729107664630762,0.5286681863604503,3.06656234551464,-0.19304516190215673,-1.5827778369541385
-0.19553530524881296,-0.18730470195432314,0.5286441838731879,3.066002723301253,-0.19274650996551207,-1.5827404782011412
-0.19554365614906244,-0.1873181122163249,0.528620449140818,3.065443814375083,-0.1924499239959614,-1.5827030736415246
-0.19555188710347493,-0.18733130215968824,0.5285969970160344,3.0648854820041436,-0.19215534780451737,-1.5826655647629928
-0.19556000081835317,-0.18734426651178818,0.5285738423515305,3.064327589456445,-0.19186272520219258,-1.5826278930532498
-0.195568,-0.187357,0.528551,3.06377,-0.191572,-1.58259
-0.19557588780033386,-0.18736949877588965,0.5285284824641965,3.063212590681264,-0.1912831066242835,-1.5825518438822952
-0.1955836691537362,-0.1873817646877861,0.5285062928471135,3.0626552936604687,-0.19099594196271233,-1.5825134501445806
-0.1955913494402041,-0.1873938010082094,0.5284844319018045,3.0620980548762913,-0.190710393518287,-1.582474861022649
-0.19559893403973463,-0.18740561100967926,0.528462900381323,3.0615408202674073,-0.19042634879400827,-1.5824361187522942
-0.19560642833232494,-0.18741719796471554,0.5284416990387225,3.0609835357724933,-0.1901436952928767,-1.5823972655693086
-0.19561383769797216,-0.18742856514583806,0.5284208286270563,3.0604261473302263,-0.1898623205178928,-1.582358343709486
-0.19562116751667333,-0.18743971582556673,0.5284002898993782,3.0598686008792813,-0.18958211197205704,-1.5823193954086192
-0.1956284231684256,-0.1874506532764214,0.5283800836087416,3.0593108423583364,-0.18930295715837028,-1.5822804629025016
-0.1956356100332261,-0.1874613807709219,0.5283602105081997,3.058752817706067,-0.18902474357983293,-1.582241588426926
-0.19564273349107184,-0.18747190158158805,0.5283406713508063,3.0581944728611483,-0.18874735873944565,-1.5822028142176858
-0.19564979892196005,-0.18748221898093975,0.528321466889615,3.0576357537622587,-0.18847069014020884,-1.582164182510574
-0.19565681170588775,-0.1874923362414968,0.5283025978776789,3.0570766063480725,-0.18819462528512337,-1.5821257355413842
-0.19566377722285205,-0.18750225663577907,0.5282840650680517,3.056516976557268,-0.1879190516771897,-1.5820875155459089
-0.19567070085285007,-0.18751198343630646,0.5282658692137869,3.0559568103285213,-0.18764385681940837,-1.5820495647599413
-0.19567758797587892,-0.18752151991559868,0.528248011067938,3.0553960536005067,-0.18736892821477988,-1.582011925419275
-0.1956844439719357,-0.18753086934617572,0.5282304913835585,3.0548346523119028,-0.18709415336630503,-1.581974639759703
-0.19569127418226268,-0.18754003506810074,0.5282133109107762,3.054272552753969,-0.1868194206439595,-1.5819377492346314
-0.19569808162281008,-0.18754902447403898,0.5281964702241775,3.0537097223730054,-0.1865446704362319,-1.5819012483542554
-0.19570486570532564,-0.18755785123818902,0.5281799696262607,3.053146161405622,-0.1862699237603053,-1.5818650588667933
-0.19571162553151816,-0.18756652957509623,0.5281638093961181,3.052581872909103,-0.18599520856916485,-1.5818290962613688
-0.1957183602030964,-0.18757507369930598,0.528147989812842,3.052016859940731,-0.1857205528157955,-1.581793276027105
-0.19572506882176915,-0.18758349782536377,0.528132511155525,3.0514511255577896,-0.1854459844531821,-1.5817575136531248
-0.1957317504892452,-0.18759181616781498,0.5281173737032593,3.0508846728175607,-0.1851715314343096,-1.581721724628552
-0.19573840430723335,-0.1876000429412051,0.5281025777351375,3.0503175047773277,-0.18489722171216308,-1.5816858244425096
-0.19574502937744237,-0.18760819236007947,0.5280881235302523,3.0497496244943743,-0.1846230832397275,-1.5816497285841216
-0.19575162480158106,-0.18761627863898359,0.5280740113676956,3.0491810350259825,-0.18434914396998775,-1.5816133525425105
-0.1957581896813582,-0.18762431599246282,0.5280602415265601,3.0486117394294356,-0.1840754318559287,-1.5815766118068004
-0.19576472311848253,-0.1876323186350626,0.5280468142859381,3.048041740762017,-0.18380197485053557,-1.581539421866114
-0.19577122421466292,-0.18764030078132837,0.5280337299249223,3.0474710420810096,-0.1835288009067931,-1.581501698209575
-0.1957776920716081,-0.18764827664580552,0.5280209887226048,3.0468996464436957,-0.18325593797768638,-1.5814633563263067
-0.19578412579102686,-0.18765626044303954,0.5280085909580783,3.0463275569073596,-0.18298341401620016,-1.5814243117054323
-0.195790524474628,-0.1876642663875758,0.527996536910435,3.0457547765292827,-0.18271125697531967,-1.5813844798360752
-0.19579688722412028,-0.18767230869395976,0.5279848268587676,3.045181308366749,-0.18243949480802976,-1.5813437762073588
-0.19580321303333395,-0.18768040001736658,0.5279734605920686,3.0446071541918514,-0.18216814887275112,-1.5813021274095715
-0.1958094996420109,-0.18768853488529266,0.5279624322019241,3.0440323008363532,-0.18189716386609545,-1.581259589084044
-0.19581574398080354,-0.18769669612995776,0.5279517321041732,3.0434567254930953,-0.18162643502544304,-1.581216300130844
-0.1958219429668798,-0.1877048663886603,0.5279413506533928,3.042880405194269,-0.18135585676385332,-1.581172400837685
-0.19582809351740732,-0.1877130282986988,0.5279312782041596,3.0423033169720655,-0.18108532349438589,-1.5811280314922809
-0.1958341925495539,-0.1877211644973716,0.5279215051110504,3.0417254378586764,-0.18081472963010023,-1.5810833323823443
-0.19584023698048728,-0.18772925762197729,0.5279120217286419,3.0411467448862943,-0.1805439695840561,-1.58103844379559
-0.1958462237273752,-0.18773729030981426,0.5279028184115113,3.0405672150871106,-0.180272937769313,-1.5809935060197302
-0.1958521497073854,-0.18774524519818095,0.527893885514235,3.0399868254933162,-0.18000152859893048,-1.5809486593424793
-0.1958580118376857,-0.18775310492437583,0.5278852133913898,3.0394055531371036,-0.17972963648596796,-1.5809040440515507
-0.19586380703544376,-0.18776085212569738,0.5278767923975529,3.0388233750506646,-0.17945715584348534,-1.5808598004346572
-0.19586953221782738,-0.18776846943944403,0.5278686128873007,3.03824026826619,-0.17918398108454203,-1.580816068779513
-0.19587518430200432,-0.18777593950291427,0.5278606652152101,3.037656209815872,-0.1789100066221976,-1.5807729893738316
-0.19588076020514228,-0.18778324495340654,0.5278529397358579,3.037071176731902,-0.17863512686951147,-1.5807307025053254
-0.19588625684440905,-0.18779036842821928,0.527845426803821,3.0364851460464726,-0.17835923623954353,-1.5806893484617095
-0.19589167113697237,-0.18779729256465094,0.5278381167736761,3.0358980947917744,-0.17808222914535315,-1.5806490675306966
-0.195897,-0.187804,0.527831,3.03531,-0.177804,-1.58061
-0.19590224177340176,-0.18781047575139198,0.5278240659727068,3.034720865973633,-0.17752444965082964,-1.5805722675760518
-0.19590740048805577,-0.18781671435526054,0.5278173007230598,3.0341308060963312,-0.1772435046823329,-1.580535917640156
-0.19591248159758226,-0.18782271272786644,0.5278106894176589,3.033539961022046,-0.1769610981132864,-1.5805009789923359
-0.19591749055560148,-0.18782846778547047,0.5278042172231048,3.032948471404726,-0.1766771629624669,-1.580467480432614
-0.1959224328157336,-0.18783397644433333,0.5277978693059978,3.032356477898322,-0.17639163224865098,-1.5804354507610128
-0.19592731383159878,-0.18783923562071583,0.5277916308329383,3.0317641211567845,-0.17610443899061567,-1.5804049187775546
-0.19593213905681728,-0.18784424223087864,0.5277854869705267,3.031171541834064,-0.17581551620713756,-1.580375913282263
-0.19593691394500937,-0.18784899319108256,0.5277794228853634,3.03057888058411,-0.1755247969169934,-1.58034846307516
-0.19594164394979519,-0.18785348541758837,0.5277734237440488,3.0299862780608735,-0.17523221413895984,-1.5803225969562689
-0.1959463345247949,-0.18785771582665672,0.527767474713183,3.0293938749183043,-0.17493770089181385,-1.5802983437256113
-0.19595099112362882,-0.18786168133454847,0.5277615609593667,3.0288018118103532,-0.17464119019433202,-1.580275732183211
-0.1959556191999171,-0.18786537885752433,0.5277556676492,3.0282102293909707,-0.17434261506529114,-1.5802547911290903
-0.19596022420728001,-0.187868805311845,0.5277497799492835,3.0276192683141057,-0.17404190852346776,-1.5802355493632716
-0.19596481159933768,-0.18787195761377132,0.5277438830262177,3.02702906923371,-0.17373900358763897,-1.5802180356857778
-0.19596938682971038,-0.18787483267956398,0.5277379620466025,3.026439772803733,-0.17343383327658135,-1.5802022788966317
-0.19597395535201828,-0.18787742742548372,0.5277320021770386,3.0258515196781257,-0.17312633060907157,-1.5801883077958558
-0.19597852256658982,-0.18787973884214568,0.527725988661487,3.0252644499914427,-0.1728164297709793,-1.5801761500686098
-0.19598309067624653,-0.18788176838142323,0.5277199113855462,3.0246786727145576,-0.17250413497375097,-1.5801657665082653
-0.19598765692767395,-0.18788352441014056,0.5277137674293527,3.0240942485146354,-0.17218955896847643,-1.5801570142259234
-0.19599221814122358,-0.1878850158899562,0.5277075544919285,3.0235112339036836,-0.17187282384298908,-1.5801497414137797
-0.1959967711372468,-0.18788625178252866,0.5277012702722952,3.0229296853937075,-0.1715540516851222,-1.58014379626403
-0.19600131273609503,-0.18788724104951648,0.5276949124694744,3.0223496594967165,-0.17123336458270957,-1.58013902696887
-0.19600583975811964,-0.18788799265257822,0.527688478782488,3.0217712127247167,-0.17091088462358456,-1.5801352817204957
-0.19601034902367206,-0.1878885155533724,0.5276819669103574,3.021194401589715,-0.1705867338955805,-1.5801324087111026
-0.19601483735310368,-0.1878888187135576,0.5276753745521046,3.020619282603719,-0.17026103448653074,-1.5801302561328865
-0.19601930156676595,-0.18788891109479233,0.5276686994067511,3.0200459122787366,-0.16993390848426904,-1.5801286721780434
-0.1960237384850102,-0.18788880165873517,0.5276619391733188,3.019474347126774,-0.16960547797662873,-1.5801275050387689
-0.19602814492818785,-0.1878884993670446,0.5276550915508293,3.0189046436598383,-0.1692758650514432,-1.5801266029072587
-0.1960325177166504,-0.18788801318137918,0.5276481542383042,3.0183368583899375,-0.16894519179654582,-1.580125813975709
-0.19603685367074913,-0.18788735206339752,0.5276411249347654,3.017771047829078,-0.16861358029977033,-1.580124986436315
-0.19604114961083555,-0.18788652497475808,0.5276340013392344,3.0172072684892672,-0.16828115264894997,-1.580123968481273
-0.19604540235726095,-0.18788554087711945,0.527626781150733,3.016645576882512,-0.16794803093191824,-1.580122608302778
-0.19604960873037683,-0.18788440873214016,0.527619462068283,3.01608602952082,-0.16761433723650843,-1.5801207540930269
-0.19605376568231841,-0.18788313748900695,0.5276120418115623,3.0155286805767423,-0.167280187869125,-1.5801182613053997
-0.19605787169720806,-0.18788173595192226,0.527604518340379,3.0149735570266523,-0.16694563192705586,-1.580115069804554
-0.196061926247547,-0.18788021283155004,0.5275968897694642,3.014420668301004,-0.16661067514686917,-1.580111173914037
-0.1960659288223094,-0.18787857683699546,0.5275891542161303,3.013870023537817,-0.16627532254245414,-1.580106568865042
-0.19606987891046934,-0.18787683667736357,0.5275813097976904,3.0133216318751135,-0.16593957912770063,-1.5801012498887634
-0.19607377600100112,-0.18787500106175944,0.5275733546314572,3.0127755024509137,-0.16560344991649786,-1.5800952122163956
-0.19607761958287878,-0.18787307869928818,0.5275652868347434,3.012231644403239,-0.16526693992273533,-1.5800884510791324
-0.19608140914507663,-0.1878710782990548,0.5275571045248619,3.0116900668701105,-0.16493005416030232,-1.5800809617081686
-0.19608514417656875,-0.18786900857016448,0.5275488058191258,3.0111507789895495,-0.16459279764308857,-1.580072739334698
-0.19608882416632928,-0.18786687822172227,0.5275403888348476,3.010613789899576,-0.16425517538498338,-1.580063779189915
-0.19609244860333244,-0.18786469596283317,0.5275318516893402,3.0100791087382124,-0.1639171923998762,-1.580054076505014
-0.1960960169765524,-0.18786247050260238,0.5275231924999164,3.0095467446434787,-0.16357885370165628,-1.5800436265111886
-0.19609952877496334,-0.1878602105501349,0.5275144093838889,3.009016706753396,-0.16324016430421348,-1.5800324244396338
-0.19610298348753938,-0.18785792481453584,0.5275055004585708,3.008489004205986,-0.162901129221437,-1.580020465521543
-0.19610638060325475,-0.1878556220049103,0.5274964638412747,3.00796364613927,-0.16256175346721635,-1.580007744988111
-0.19610971961108356,-0.18785331083036333,0.5274872976493135,3.0074406416912667,-0.16222204205544075,-1.5799942580705322
-0.196113,-0.187851,0.527478,3.00692,-0.161882,-1.57998
-0.19611622135077453,-0.18784869551972808,0.5274685677230494,3.006401739089804,-0.16154163673256997,-1.5799649801630147
-0.1961193836113628,-0.18784639258266606,0.5274589924977863,3.0058859125302733,-0.1612009793559728,-1.5799492645672981
-0.1961224868215167,-0.18784408367873504,0.5274492647159379,3.0053725827773157,-0.16086005939081732,-1.5799329333758776
-0.1961255310209882,-0.18784176129785615,0.527439374769231,3.0048618122868413,-0.16051890835771207,-1.5799160667517804
-0.19612851624952915,-0.18783941792995057,0.5274293130493927,3.004353663514758,-0.1601775577772662,-1.579898744858034
-0.1961314425468915,-0.18783704606493937,0.52741906994815,3.0038481989169745,-0.15983603917008818,-1.5798810478576657
-0.19613430995282718,-0.18783463819274374,0.5274086358572301,3.0033454809494,-0.15949438405678687,-1.5798630559137024
-0.19613711850708812,-0.18783218680328476,0.52739800116836,3.0028455720679426,-0.15915262395797086,-1.5798448491891723
-0.19613986824942617,-0.18782968438648365,0.5273871562732667,3.0023485347285113,-0.1588107903942492,-1.579826507847102
-0.19614255921959334,-0.18782712343226143,0.5273760915636772,3.001854431387016,-0.15846891488623044,-1.5798081120505194
-0.1961451914573415,-0.18782449643053936,0.5273647974313184,3.001363324499364,-0.15812702895452344,-1.5797897419624514
-0.19614776500242256,-0.18782179587123846,0.5273532642679175,3.0008752765214637,-0.15778516411973673,-1.579771477745926
-0.19615027989458847,-0.1878190142442799,0.5273414824652015,3.0003903499092246,-0.15744335190247938,-1.5797533995639694
-0.19615273617359114,-0.18781614403958485,0.5273294424148974,2.999908607118556,-0.15710162382336004,-1.5797355875796102
-0.19615513387918254,-0.18781317774707443,0.5273171345087323,2.999430110605366,-0.15676001140298737,-1.579718121955875
-0.19615747305111444,-0.18781010785666974,0.5273045491384334,2.9989549228255625,-0.1564185461619701,-1.5797010828557914
-0.19615975376306646,-0.1878069269723246,0.5272916767879005,2.9984831054509966,-0.15607725877710898,-1.5796845495176561
-0.19616197812437225,-0.18780363453995175,0.5272785134714235,2.9980146731099753,-0.1557361292967106,-1.5796685456959403
-0.1961641513996294,-0.1878002406105004,0.5272650637753964,2.997549567513314,-0.15539505929491634,-1.5796530091451833
-0.19616627912485599,-0.18779675614718092,0.5272513330235982,2.9970877240993574,-0.1550539435954016,-1.5796378702220815
-0.19616836683607022,-0.1877931921132037,0.5272373265398079,2.9966290783064493,-0.15471267702184213,-1.5796230592833318
-0.19617042006929025,-0.18778955947177908,0.5272230496478045,2.996173565572935,-0.1543711543979134,-1.5796085066856298
-0.19617244436053421,-0.18778586918611753,0.5272085076713671,2.995721121337157,-0.15402927054729088,-1.5795941427856726
-0.19617444524582028,-0.18778213221942933,0.5271937059342746,2.995271681037459,-0.15368692029364997,-1.5795798979401563
-0.1961764282611666,-0.18777835953492494,0.5271786497603066,2.994825180112187,-0.1533439984606665,-1.5795657025057768
-0.19617839894259134,-0.18777456209581472,0.5271633444732414,2.994381553999684,-0.15300039987201577,-1.5795514868392313
-0.19618036282611262,-0.187770750865309,0.5271477953968586,2.993940738138294,-0.15265601935137346,-1.5795371812972159
-0.1961823254477486,-0.18776693680661824,0.5271320078549372,2.9935026679663603,-0.15231075172241482,-1.5795227162364265
-0.19618429234351745,-0.1877631308829528,0.5271159871712561,2.993067278922229,-0.15196449180881572,-1.5795080220135602
-0.19618626904943728,-0.187759344057523,0.5270997386695943,2.9926345064442423,-0.1516171344342515,-1.5794930289853129
-0.19618826110152632,-0.1877555872935393,0.5270832676737308,2.9922042859707445,-0.15126857442239774,-1.579477667508381
-0.19619027403580264,-0.18775187155421205,0.5270665795074448,2.991776552940081,-0.15091870659692982,-1.5794618679394612
-0.19619231338828444,-0.18774820780275164,0.5270496794945155,2.991351242790594,-0.15056742578152352,-1.5794455606352495
-0.19619438467010875,-0.187744605882271,0.5270325727586912,2.9909282961375365,-0.15021463335674382,-1.579428687269652
-0.19619649310316956,-0.18774106261475043,0.5270152620983627,2.990507713777705,-0.14986030692699692,-1.5794113210791338
-0.1961986437227525,-0.18773756642143943,0.5269977488116908,2.990089535334701,-0.1495044732733606,-1.5793936201792311
-0.19620084156103298,-0.18773410558357534,0.526980034171832,2.98967380107924,-0.14914715999652436,-1.5793757441001306
-0.19620309165018662,-0.1877306683823955,0.5269621194519434,2.989260551282038,-0.14878839469717717,-1.5793578523720198
-0.19620539902238873,-0.18772724309913724,0.5269440059251816,2.9888498262138077,-0.14842820497600812,-1.5793401045250859
-0.19620776870981485,-0.1877238180150379,0.5269256948647033,2.988441666145266,-0.14806661843370622,-1.5793226600895156
-0.19621020574464046,-0.18772038141133485,0.5269071875436654,2.9880361113471277,-0.14770366267096086,-1.5793056785954966
-0.19621271515904104,-0.1877169215692654,0.5268884852352244,2.987633202090107,-0.14733936528846114,-1.5792893195732158
-0.196215301985192,-0.1877134267700669,0.5268695892125372,2.9872329786449194,-0.14697375388689612,-1.5792737425528602
-0.19621797125526885,-0.18770988529497662,0.5268505007487605,2.98683548128228,-0.14660685606695478,-1.5792591070646171
-0.19622072800144708,-0.18770628542523202,0.5268312211170513,2.9864407502729042,-0.1462386994293266,-1.5792455726386738
-0.19622357725590214,-0.18770261544207034,0.5268117515905659,2.986048825887507,-0.1458693115747005,-1.579233298805217
-0.19622652405080945,-0.18769886362672897,0.5267920934424615,2.985659748396803,-0.14549872010376572,-1.5792224450944339
-0.1962295734183446,-0.18769501826044524,0.5267722479458943,2.985273558071507,-0.14512695261721112,-1.5792131710365118
-0.19623273039068292,-0.18769106762445645,0.5267522163740216,2.984890295182334,-0.1447540367157262,-1.5792056361616384
-0.196236,-0.187687,0.526732,2.98451,-0.14438,-1.5792
-0.196239386698322,-0.18768280577474697,0.5267116013887256,2.9841326964765664,-0.14400485055953471,-1.5791963893071785
-0.19624289261707814,-0.1876784837621039,0.5266910282720529,2.983758343289482,-0.143628518439085,-1.5791947997403348
-0.19624651930754836,-0.18767403488191098,0.526670289673576,2.9833868827975425,-0.1432509141722191,-1.5791951941820235
-0.19625026832101272,-0.18766946005400853,0.5266493946168886,2.983018257359544,-0.1428719482925048,-1.5791975355148
-0.19625414120875112,-0.18766476019823675,0.5266283521255849,2.982652409334282,-0.14249153133350997,-1.579201786621219
-0.1962581395220435,-0.18765993623443597,0.5266071712232587,2.9822892810805524,-0.1421095738288025,-1.5792079103838357
-0.19626226481216982,-0.18765498908244643,0.5265858609335039,2.9819288149571515,-0.1417259863119505,-1.5792158696852054
-0.19626651863041011,-0.1876499196621084,0.5265644302799145,2.9815709533228736,-0.14134067931652178,-1.5792256274078829
-0.19627090252804433,-0.18764472889326209,0.5265428882860846,2.9812156385365163,-0.14095356337608433,-1.5792371464344233
-0.1962754180563524,-0.18763941769574788,0.5265212439756078,2.980862812956874,-0.14056454902420581,-1.5792503896473815
-0.1962800667666143,-0.18763398698940598,0.5264995063720784,2.9805124189427428,-0.14017354679445454,-1.579265319929313
-0.19628485021011,-0.1876284376940766,0.5264776844990903,2.9801643988529194,-0.13978046722039833,-1.5792819001627727
-0.19628976993811945,-0.18762277072960007,0.5264557873802372,2.9798186950461982,-0.13938522083560498,-1.5793000932303154
-0.19629482750192265,-0.18761698701581667,0.5264338240391133,2.9794752498813764,-0.13898771817364233,-1.5793198620144966
-0.19630002445279957,-0.18761108747256658,0.5264118034993124,2.979134005717249,-0.1385878697680787,-1.5793411693978707
-0.1963053623420301,-0.18760507301969015,0.5263897347844285,2.9787949049126112,-0.13818558615248172,-1.5793639782629936
-0.19631084263395243,-0.18759894448497552,0.5263676269036907,2.978457890236725,-0.13778078045935438,-1.5793882520532658
-0.19631646157639537,-0.18759269717308547,0.5263454880044289,2.9781229290867404,-0.1373735217572999,-1.579413987862843
-0.19632220733159814,-0.18758631782783824,0.5263233248980307,2.9777900270330426,-0.13696412081587775,-1.5794412349445504
-0.1963280673662654,-0.18757979245663553,0.5263011442809636,2.977459192929732,-0.1365529091961269,-1.5794700470379808
-0.1963340291471018,-0.18757310706687888,0.5262789528496948,2.9771304356309103,-0.13614021845908644,-1.5795004778827266
-0.19634008014081206,-0.18756624766596988,0.526256757300692,2.9768037639906804,-0.1357263801657954,-1.5795325812183805
-0.1963462078141008,-0.18755920026131018,0.5262345643304225,2.9764791868631426,-0.13531172587729332,-1.579566410784535
-0.19635239963367274,-0.18755195086030135,0.526212380635354,2.9761567131024,-0.13489658715461916,-1.5796020203207832
-0.1963586430662325,-0.18754448547034494,0.5261902129119536,2.9758363515625543,-0.13448129555881203,-1.5796394635667173
-0.19636492557848473,-0.1875367900988426,0.5261680678566889,2.9755181110977067,-0.13406618265091094,-1.5796787942619297
-0.19637123463713416,-0.18752885075319597,0.5261459521660276,2.9752020005619597,-0.13365157999195537,-1.5797200661460133
-0.19637755770888543,-0.18752065344080657,0.5261238725364368,2.9748880288094144,-0.13323781914298438,-1.5797633329585608
-0.1963838822604432,-0.18751218416907606,0.5261018356643841,2.9745762046941726,-0.132825231665037,-1.5798086484391645
-0.19639019575851221,-0.18750342894540598,0.526079848246337,2.9742665370703376,-0.13241414911915234,-1.5798560663274173
-0.19639648566979698,-0.187494373777198,0.5260579169787629,2.9739590347920095,-0.13200490306636978,-1.5799056403629115
-0.1964027394610023,-0.18748500467185364,0.5260360485581295,2.973653706713291,-0.13159782506772844,-1.57995742428524
-0.19640894459883282,-0.18747530763677456,0.5260142496809037,2.9733505616882843,-0.13119324668426738,-1.5800114718339955
-0.19641508900802757,-0.18746527029690066,0.5259925271844952,2.9730496041113703,-0.13079147969219773,-1.5800678233926952
-0.1964211659379756,-0.18745489908105537,0.5259708895447597,2.972750786532704,-0.1303926058691076,-1.5801263640804855
-0.19642717207332397,-0.18744421254959967,0.5259493462946158,2.9724540280545466,-0.1299965586063757,-1.5801868788459503
-0.19643310415597406,-0.18743322946508698,0.5259279069845998,2.9721592472216942,-0.12960326882227755,-1.580249150968164
-0.19643895892782723,-0.18742196859007054,0.5259065811652478,2.971866362578944,-0.12921266743508839,-1.5803129637262012
-0.19644473313078487,-0.18741044868710377,0.5258853783870959,2.9715752926710937,-0.128824685363084,-1.5803781003991364
-0.1964504235067482,-0.18739868851873995,0.5258643082006806,2.9712859560429385,-0.12843925352453972,-1.5804443442660439
-0.19645602679761875,-0.18738670684753245,0.5258433801565379,2.970998271239277,-0.12805630283773095,-1.5805114786059984
-0.1964615397452978,-0.1873745224360346,0.5258226038052042,2.970712156804905,-0.12767576422093296,-1.5805792866980748
-0.19646695909168668,-0.18736215404679976,0.5258019886972154,2.9704275312846202,-0.12729756859242158,-1.580647551821347
-0.19647228157868687,-0.18734962044238124,0.5257815443831081,2.9701443132232193,-0.1269216468704721,-1.5807160572548897
-0.1964775039481996,-0.18733694038533236,0.5257612804134184,2.969862421165499,-0.12654792997335998,-1.5807845862777774
-0.19648262294212632,-0.18732413263820652,0.5257412063386822,2.9695817736562566,-0.12617634881936043,-1.5808529221690848
-0.19648763530236835,-0.18731121596355702,0.5257213317094361,2.9693022892402885,-0.12580683432674936,-1.5809208482078863
-0.19649253777082706,-0.18729820912393721,0.5257016660762162,2.9690238864623915,-0.12543931741380193,-1.5809881476732563
-0.19649732708940384,-0.1872851308819004,0.5256822189895589,2.968746483867363,-0.12507372899879368,-1.5810546038442694
-0.196502,-0.187272,0.525663,2.96847,-0.12470999999999983,-1.58112
-0.1965065541604817,-0.1872588325214279,0.525644016063218,2.968194374448751,-0.12434808070762682,-1.5811841636236952
-0.19651099089257407,-0.1872456336119305,0.5256252637554583,2.9679196309766755,-0.12398799889960292,-1.5812470990152923
-0.19651531243396694,-0.18723240571789293,0.525606737058109,2.9676458143904823,-0.12362980172578712,-1.5813088546788998
-0.19651952102235026,-0.1872191512857002,0.5255884299525575,2.9673729694968833,-0.12327353633603831,-1.5813694791186275
-0.19652361889541387,-0.18720587276173736,0.5255703364201915,2.9671011411025887,-0.12291924988021585,-1.5814290208385846
-0.1965276082908477,-0.18719257259238944,0.5255524504423987,2.9668303740143087,-0.12256698950817861,-1.5814875283428806
-0.1965314914463416,-0.1871792532240415,0.5255347660005668,2.966560713038754,-0.12221680236978565,-1.5815450501356252
-0.19653527059958545,-0.1871659171030786,0.5255172770760835,2.966292202982635,-0.1218687356148958,-1.5816016347209267
-0.19653894798826918,-0.18715256667588576,0.5254999776503365,2.966024888652663,-0.12152283639336842,-1.5816573306028956
-0.19654252585008258,-0.18713920438884804,0.5254828617047133,2.965758814855548,-0.12117915185506241,-1.581712186285641
-0.19654600642271564,-0.1871258326883505,0.5254659232206016,2.9654940263980003,-0.12083772914983679,-1.5817662502732714
-0.19654939194385818,-0.18711245402077814,0.5254491561793893,2.9652305680867297,-0.12049861542755043,-1.5818195710698972
-0.19655268465120013,-0.18709907083251606,0.5254325545624638,2.9649684847284488,-0.12016185783806266,-1.581872197179627
-0.19655588678243133,-0.1870856855699493,0.5254161123512129,2.964707821129867,-0.11982750353123238,-1.5819241771065706
-0.1965590005752417,-0.18707230067946287,0.5253998235270242,2.964448622097694,-0.11949559965691861,-1.581975559354837
-0.1965620282673211,-0.18705891860744184,0.5253836820712856,2.9641909324386417,-0.11916619336498026,-1.582026392428536
-0.19656497210340665,-0.18704554184894734,0.5253676820441903,2.963934795679307,-0.11883932954446448,-1.5820767243525198
-0.19656783475106848,-0.1870321758196039,0.5253518222342743,2.963680178539491,-0.11851491743568814,-1.5821265743962256
-0.19657061953326793,-0.18701883046190962,0.5253361087590053,2.9634269286884605,-0.11819265602343694,-1.5821759172581966
-0.1965733298293442,-0.18700551610777086,0.5253205483662962,2.9631748835545757,-0.11787222620599917,-1.5822247238029212
-0.19657596901863625,-0.1869922430890942,0.52530514780406,2.9629238805661995,-0.11755330888166353,-1.5822729648948877
-0.1965785404804833,-0.18697902173778608,0.5252899138202102,2.9626737571516917,-0.1172355849487183,-1.5823206113985833
-0.19658104759422432,-0.18696586238575294,0.5252748531626593,2.9624243507394135,-0.1169187353054519,-1.582367634178497
-0.19658349373919853,-0.18695277536490132,0.5252599725793208,2.962175498757725,-0.11660244085015256,-1.5824140040991164
-0.196585882294745,-0.18693977100713766,0.5252452788181078,2.9619270386349887,-0.11628638248110901,-1.5824596920249294
-0.19658821664020282,-0.1869268596443684,0.5252307786269332,2.961678807799564,-0.11597024109660956,-1.582504668820425
-0.19659050015491103,-0.18691405160850008,0.5252164787537104,2.9614306436798135,-0.11565369759494254,-1.5825489053500903
-0.1965927362182088,-0.1869013572314391,0.525202385946352,2.961182383704096,-0.11533643287439628,-1.5825923724784141
-0.19659492820943525,-0.18688878684509208,0.5251885069527715,2.960933865300775,-0.11501812783325947,-1.5826350410698844
-0.19659707950792943,-0.1868763507813653,0.5251748485208819,2.9606849258982093,-0.11469846336982038,-1.5826768819889885
-0.1965991934930304,-0.18686405937216538,0.5251614173985962,2.9604354029247606,-0.11437712038236741,-1.5827178661002155
-0.19660127354407736,-0.18685192294939876,0.5251482203338277,2.960185133808791,-0.114053779769189,-1.582757964268053
-0.19660332304040937,-0.18683995184497182,0.5251352640744891,2.9599339559786593,-0.11372812242857341,-1.582797147356989
-0.19660534537645757,-0.18682815551089405,0.5251225543195578,2.959681723031196,-0.11339985868096729,-1.5828353923102008
-0.19660734412209863,-0.1868165331703702,0.5251100845741306,2.9594284765216754,-0.11306904087940331,-1.5828727467356238
-0.1966093229603997,-0.18680507744737648,0.5250978404762842,2.959174379268885,-0.11273594204309904,-1.58290930383136
-0.19661128557631452,-0.18679378085590198,0.5250858075329785,2.9589195961126697,-0.11240083886904163,-1.5829451575553475
-0.19661323565479683,-0.18678263590993577,0.5250739712511736,2.958664291892875,-0.11206400805421868,-1.582980401865525
-0.19661517688080032,-0.1867716351234668,0.5250623171378295,2.9584086314493474,-0.11172572629561735,-1.5830151307198306
-0.19661711293927872,-0.18676077101048424,0.525050830699906,2.958152779621932,-0.11138627029022495,-1.5830494380762028
-0.19661904751518572,-0.1867500360849771,0.5250394974443633,2.9578969012504746,-0.11104591673502866,-1.5830834178925797
-0.19662098429347505,-0.1867394228609344,0.525028302878161,2.9576411611748212,-0.11070494232701605,-1.5831171641268993
-0.19662292695910047,-0.1867289238523452,0.5250172325082594,2.9573857242348165,-0.11036362376317431,-1.5831507707371004
-0.19662487919701563,-0.18671853157319862,0.5250062718416183,2.957130755270307,-0.11002223774049076,-1.583184331681121
-0.19662684469217429,-0.18670823853748364,0.5249954063851977,2.9568764191211376,-0.10968106095595251,-1.5832179409168994
-0.19662882712953014,-0.18669803725918935,0.5249846216459575,2.956622880627155,-0.10934037010654722,-1.5832516924023743
-0.19663083019403693,-0.1866879202523048,0.5249739031308577,2.9563703046282046,-0.10900044188926203,-1.5832856800954833
-0.19663285757064836,-0.186677880030819,0.5249632363468582,2.956118855964131,-0.10866155300108425,-1.583319997954165
-0.19663491294431817,-0.18666790910872108,0.5249526068009189,2.9558686994747814,-0.10832398013900105,-1.583354739936358
-0.196637,-0.186658,0.524942,2.95562,-0.107988,-1.58339
-0.19663912181262969,-0.18664814714300293,0.5249314026839426,2.9553729028283686,-0.10765383565186414,-1.5834258440206666
-0.19664127901707124,-0.1866383526735091,0.5249208065241122,2.9551274750434082,-0.10732149564555997,-1.5834622255444795
-0.19664347163817059,-0.18662862065165584,0.5249102044247563,2.9548837641773753,-0.1069909349028497,-1.5834990700351976
-0.19664569970077383,-0.1866189551375805,0.5248995892901219,2.954641817762526,-0.10666210834549594,-1.5835363029565792
-0.19664796322972705,-0.18660936019142033,0.5248889540244561,2.954401683331117,-0.1063349708952609,-1.5835738497723837
-0.19665026224987617,-0.18659983987331266,0.5248782915320057,2.954163408415405,-0.10600947747390696,-1.5836116359463694
-0.19665259678606728,-0.18659039824339482,0.5248675947170183,2.953927040547645,-0.10568558300319628,-1.5836495869422953
-0.19665496686314643,-0.18658103936180415,0.5248568564837405,2.9536926272600956,-0.10536324240489153,-1.5836876282239203
-0.1966573725059596,-0.1865717672886779,0.5248460697364196,2.953460216085012,-0.10504241060075489,-1.5837256852550026
-0.19665981373935287,-0.1865625860841534,0.5248352273793024,2.95322985455465,-0.10472304251254874,-1.5837636834993012
-0.19666229058817228,-0.186553499808368,0.5248243223166364,2.9530015902012674,-0.10440509306203523,-1.5838015484205752
-0.1966648030772638,-0.186544512521459,0.5248133474526687,2.9527754705571194,-0.10408851717097704,-1.583839205482583
-0.19666735123147353,-0.1865356282835637,0.5248022956916459,2.952551543154463,-0.10377326976113635,-1.5838765801490835
-0.19666993507564745,-0.18652685115481943,0.5247911599378153,2.9523298555255555,-0.10345930575427555,-1.5839135978838352
-0.19667255463463165,-0.1865181851953635,0.5247799330954244,2.952110455202652,-0.10314658007215677,-1.5839501841505972
-0.19667520993327212,-0.18650963446533322,0.5247686080687196,2.951893389718009,-0.10283504763654273,-1.5839862644131282
-0.1966779009809014,-0.18650120298576295,0.5247571778544162,2.9516787059593086,-0.10252466340769309,-1.5840217644157006
-0.1966806268560432,-0.1864928924315109,0.5247456409973053,2.9514664121397405,-0.10221538465571998,-1.5840566267334275
-0.1966833851944676,-0.18648470084086233,0.5247340046416946,2.9512564565270325,-0.10190717223100629,-1.5840908200292234
-0.19668617350783665,-0.18647662593927886,0.5247222766716364,2.9510487822323124,-0.10159998729191555,-1.584124315210115
-0.19668898930781256,-0.1864686654522222,0.5247104649711819,2.950843332366709,-0.10129379099681093,-1.5841570831831293
-0.19669183010605745,-0.18646081710515405,0.5246985774243833,2.9506400500413523,-0.10098854450405578,-1.5841890948552928
-0.19669469341423348,-0.1864530786235361,0.5246866219152921,2.950438878367369,-0.1006842089720132,-1.584220321133632
-0.19669757674400284,-0.18644544773283003,0.5246746063279598,2.9502397604558896,-0.10038074555904679,-1.584250732925174
-0.1967004776070276,-0.1864379221584975,0.5246625385464386,2.950042639418042,-0.10007811542351971,-1.584280301136945
-0.19670339351497004,-0.1864304996260003,0.5246504264547799,2.9498474583649545,-0.09977627972379528,-1.5843089966759722
-0.19670632197949217,-0.18642317786080007,0.5246382779370354,2.9496541604077557,-0.09947519961823663,-1.584336790449282
-0.19670926051225623,-0.18641595458835847,0.5246261008772569,2.949462688657575,-0.09917483626520736,-1.5843636533639012
-0.19671220662492436,-0.18640882753413718,0.5246139031594963,2.949272986225541,-0.0988751508230706,-1.5843895563268566
-0.19671515782915872,-0.18640179442359797,0.5246016926678051,2.9490849962227816,-0.09857610445018969,-1.5844144702451746
-0.19671811163662142,-0.18639485298220249,0.5245894772862351,2.948898661760426,-0.09827765830492778,-1.584438366025882
-0.19672106555897464,-0.1863880009354124,0.5245772648988379,2.9487139259496025,-0.09797977354564841,-1.5844612145760057
-0.19672401710788054,-0.18638123600868947,0.5245650633896654,2.9485307319014407,-0.0976824113307148,-1.5844829868025723
-0.1967269637681787,-0.1863745563526091,0.5245528802624972,2.9483490248264306,-0.09738553319190359,-1.5845036529568608
-0.19672990271289648,-0.1863679650596946,0.5245407186004529,2.9481687743401594,-0.09708910500192203,-1.584523175667082
-0.19673283091389207,-0.1863614684108227,0.5245285786346121,2.947989965803437,-0.09679309543407817,-1.584541512643339
-0.19673574533967084,-0.1863550727400093,0.524516460548521,2.94781258483949,-0.09649747320835629,-1.5845586215137666
-0.19673864295873808,-0.18634878438127025,0.5245043645257256,2.9476366170715482,-0.09620220704474089,-1.584574459906499
-0.19674152073959922,-0.18634260966862157,0.5244922907497719,2.947462048122841,-0.09590726566321624,-1.5845889854496704
-0.19674437565075967,-0.1863365549360791,0.524480239404206,2.947288863616597,-0.0956126177837671,-1.5846021557714156
-0.19674720466072462,-0.1863306265176588,0.5244682106725738,2.947117049176045,-0.09531823212637777,-1.5846139284998693
-0.19675000473799953,-0.1863248307473766,0.5244562047384215,2.9469465904244143,-0.09502407741103272,-1.5846242612631651
-0.19675277285108975,-0.18631917395924838,0.524444221785295,2.9467774729849334,-0.09473012235771626,-1.584633111689438
-0.19675550596850067,-0.1863136624872901,0.5244322619967405,2.946609682480832,-0.09443633568641312,-1.5846404374068226
-0.1967582010587376,-0.18630830266551762,0.5244203255563038,2.946443204535338,-0.09414268611710758,-1.584646196043453
-0.19676085509030586,-0.18630310082794693,0.524408412647531,2.9462780247716807,-0.09384914236978412,-1.5846503452274638
-0.1967634650317109,-0.18629806330859386,0.5243965234539683,2.946114128813089,-0.09355567316442706,-1.5846528425869895
-0.19676602785145805,-0.18629319644147443,0.5243846581591615,2.9459515022827927,-0.09326224722102112,-1.5846536457501645
-0.19676854051805262,-0.1862885065606045,0.5243728169466566,2.94579013080402,-0.09296883325955062,-1.584652712345123
-0.196771,-0.186284,0.524361,2.94563,-0.0926754,-1.58465
-0.19677340296677406,-0.18627967992241995,0.5243492073317737,2.9454710823960824,-0.09238191282503934,-1.5846455021816461
-0.19677574489172273,-0.18627553680559591,0.5243374382707056,2.945313298126102,-0.09208832376808206,-1.5846393557117806
-0.19677802094916239,-0.18627155795600248,0.5243256919745601,2.9451565542260143,-0.09179458152522685,-1.5846317332508386
-0.19678022631340947,-0.18626773068011432,0.5243139676011009,2.945000757731775,-0.0915006347925727,-1.584622807459256
-0.19678235615878034,-0.186264042284406,0.5243022643080927,2.9448458156793396,-0.09120643226621829,-1.584612750997468
-0.19678440565959154,-0.1862604800753522,0.5242905812532992,2.9446916351046633,-0.09091192264226282,-1.58460173652591
-0.1967863699901594,-0.18625703135942756,0.5242789175944849,2.9445381230437024,-0.09061705461680501,-1.5845899367050176
-0.1967882443248003,-0.18625368344310667,0.5242672724894136,2.9443851865324118,-0.0903217768859438,-1.5845775241952265
-0.19679002383783073,-0.18625042363286423,0.5242556450958498,2.9442327326067477,-0.09002603814577788,-1.584564671656972
-0.1967917037035671,-0.18624723923517483,0.5242440345715573,2.944080668302665,-0.08972978709240645,-1.5845515517506896
-0.1967932790963258,-0.1862441175565131,0.5242324400743007,2.9439289006561196,-0.08943297242192826,-1.5845383371368147
-0.19679474519042323,-0.18624104590335372,0.5242208607618439,2.943777336703068,-0.0891355428304422,-1.584525200475783
-0.19679609716017585,-0.18623801158217126,0.5242092957919512,2.943625883479464,-0.08883744701404701,-1.5845123144280302
-0.1967973301799001,-0.18623500189944034,0.5241977443223864,2.9434744480212647,-0.08853863366884188,-1.5844998516539914
-0.1967984394239123,-0.1862320041616357,0.5241862055109141,2.943322937364425,-0.08823905149092554,-1.584487984814102
-0.19679942006652895,-0.18622900567523187,0.5241746785152983,2.9431712585449006,-0.08793864917639686,-1.5844768865687981
-0.19680026729772024,-0.18622599396338016,0.5241631624861649,2.9430193189166527,-0.08763737570269488,-1.584466727631044
-0.19680097724668322,-0.1862229695498284,0.5241516561458562,2.9428670449140117,-0.08733519692767425,-1.58445756186554
-0.19680154749841658,-0.18621995310924927,0.5241401575528739,2.9427143925458767,-0.08703210487383277,-1.5844492620221784
-0.1968019757631494,-0.18621696704972834,0.5241286647086157,2.9425613203651966,-0.08672809381439041,-1.5844416852710825
-0.19680225975111054,-0.18621403377935114,0.5241171756144786,2.94240778692492,-0.08642315802256705,-1.5844346887823764
-0.196802397172529,-0.18621117570620319,0.52410568827186,2.9422537507779967,-0.08611729177158296,-1.584428129726183
-0.19680238573763384,-0.1862084152383701,0.5240942006821573,2.942099170477374,-0.08581048933465799,-1.5844218652726267
-0.19680222315665394,-0.18620577478393735,0.5240827108467676,2.941944004576001,-0.08550274498501209,-1.58441575259183
-0.19680190713981827,-0.18620327675099055,0.5240712167670886,2.941788211626827,-0.08519405299586516,-1.584409648853917
-0.19680143539735587,-0.1862009435476152,0.5240597164445174,2.9416317501828,-0.08488440764043745,-1.5844034112290115
-0.19680080563949567,-0.1861987975818969,0.5240482078804514,2.94147457879687,-0.08457380319194878,-1.5843968968872364
-0.19680001557646662,-0.18619686126192114,0.5240366890762879,2.941316656021984,-0.0842622339236192,-1.584389962998716
-0.19679906291849775,-0.1861951569957735,0.5240251580334242,2.941157940411092,-0.08394969410866852,-1.5843824667335729
-0.19679794537581802,-0.18619370719153955,0.5240136127532575,2.940998390517142,-0.08363617802031702,-1.5843742652619313
-0.19679666065865634,-0.1861925342573048,0.5240020512371857,2.940837964893083,-0.08332167993178456,-1.584365215753915
-0.1967952064772418,-0.18619166060115483,0.5239904714866056,2.940676622091864,-0.0830061941162911,-1.5843551753796465
-0.1967935805418033,-0.18619110863117513,0.5239788715029146,2.9405143206664333,-0.0826897148470565,-1.5843440013092505
-0.1967917802782507,-0.18619089994543148,0.5239672495665841,2.9403510179943977,-0.0823722346296468,-1.5843315531330446
-0.1967897998072847,-0.18619104672550846,0.5239556072023214,2.9401866577899964,-0.0820537254206467,-1.5843177185761133
-0.19678763111721287,-0.1861915550778418,0.5239439480278884,2.9400211749523977,-0.08173414591923422,-1.5843024035150028
-0.1967852661608029,-0.18619243100761462,0.5239322756959317,2.9398545042338515,-0.08141345460363034,-1.5842855141287833
-0.19678269689082248,-0.18619368052001012,0.5239205938590977,2.939686580386607,-0.08109160995205646,-1.5842669565965248
-0.19677991526003924,-0.18619530962021147,0.5239089061700332,2.939517338162913,-0.08076857044273361,-1.584246637097298
-0.19677691322122096,-0.18619732431340186,0.5238972162813844,2.9393467123150203,-0.08044429455388297,-1.584224461810173
-0.19677368272713525,-0.18619973060476444,0.5238855278457981,2.939174637595177,-0.08011874076372552,-1.5842003369142204
-0.19677021573054987,-0.18620253449948238,0.5238738445159206,2.9390010487556335,-0.07979186755048269,-1.5841741685885102
-0.19676650418423244,-0.18620574200273887,0.5238621699443984,2.938825880548639,-0.07946363339237554,-1.5841458630121128
-0.1967625400409507,-0.1862093591197171,0.5238505077838781,2.938649067726442,-0.07913399676762518,-1.5841153263640988
-0.19675831525347234,-0.18621339185560018,0.5238388616870062,2.9384705450412936,-0.07880291615445262,-1.5840824648235383
-0.19675382177456502,-0.1862178462155713,0.5238272353064292,2.9382902472454426,-0.0784703500310793,-1.5840471845695014
-0.19674905155699643,-0.1862227282048137,0.5238156322947934,2.938108109091138,-0.07813625687572626,-1.584009391781059
-0.19674399655353425,-0.1862280438285105,0.5238040563047458,2.9379240653306296,-0.07780059516661461,-1.5839689926372809
-0.1967386487169462,-0.18623379909184484,0.5237925109889324,2.937738050716167,-0.07746332338196536,-1.5839258933172378
-0.196733,-0.18624,0.523781,2.93755,-0.0771244,-1.58388
-0.19672704447511868,-0.18624665029915882,0.5237695247118235,2.937359878975345,-0.07678377864128519,-1.583831236613725
-0.19672078469334714,-0.18625374469950332,0.5237580773831909,2.9371677775992873,-0.07644139349577067,-1.5837795980829206
-0.19671422532538566,-0.18626127565221526,0.523746647994119,2.936973816869881,-0.07609717389575164,-1.5837250970811823
-0.19670737104193442,-0.1862692356084764,0.5237352265246245,2.9367781177851806,-0.07575104917352384,-1.5836677462821045
-0.19670022651369382,-0.18627761701946852,0.5237238029547239,2.9365808013432373,-0.0754029486613825,-1.5836075583592828
-0.19669279641136403,-0.18628641233637336,0.5237123672644339,2.936381988542106,-0.07505280169162305,-1.5835445459863124
-0.19668508540564542,-0.18629561401037267,0.5237009094337712,2.93618180037984,-0.07470053759654086,-1.5834787218367887
-0.19667709816723813,-0.18630521449264825,0.5236894194427523,2.935980357854492,-0.07434608570843117,-1.5834100985843065
-0.19666883936684254,-0.18631520623438183,0.523677887271394,2.9357777819641164,-0.07398937535958973,-1.5833386889024605
-0.19666031367515885,-0.18632558168675517,0.5236663028997126,2.935574193706765,-0.07363033588231174,-1.5832645054648469
-0.1966515257628874,-0.18633633330094998,0.5236546563077252,2.935369714080493,-0.07326889660889263,-1.5831875609450599
-0.1966424803007284,-0.18634745352814816,0.5236429374754481,2.935164464083353,-0.07290498687162765,-1.5831078680166955
-0.19663318195938215,-0.1863589348195313,0.523631136382898,2.9349585647133978,-0.0725385360028125,-1.5830254393533478
-0.19662363540954889,-0.1863707696262813,0.5236192430100917,2.9347521369686818,-0.07216947333474243,-1.582940287628613
-0.19661384532192897,-0.18638295039957986,0.5236072473370458,2.934545301847258,-0.07179772819971281,-1.5828524255160854
-0.19660381636722252,-0.18639546959060874,0.5235951393437767,2.9343381803471797,-0.0714232299300189,-1.5827618656893605
-0.1965935532496468,-0.1864083196304688,0.5235829090490127,2.9341308933347565,-0.07104590963936572,-1.582668621010015
-0.19658306268443035,-0.1864214917454123,0.5235705487941748,2.9339235537716615,-0.070665805326014,-1.5825727156184966
-0.19657235450386956,-0.18643497529417538,0.5235580545208572,2.9337162623673847,-0.0702831206592868,-1.5824741911375049
-0.1965614388083956,-0.18644875947484793,0.5235454224803475,2.933509118777461,-0.06989807355978121,-1.582373090693589
-0.1965503256984398,-0.18646283348551965,0.5235326489239321,2.9333022226574292,-0.06951088194809484,-1.582269457413298
-0.1965390252744333,-0.18647718652428036,0.5235197301028985,2.9330956736628253,-0.06912176374482473,-1.582163334423181
-0.19652754763680735,-0.1864918077892199,0.5235066622685332,2.932889571449186,-0.06873093687056815,-1.5820547648497871
-0.1965159028859932,-0.18650668647842805,0.5234934416721231,2.932684015672049,-0.06833861924592213,-1.5819437918196653
-0.19650410112242203,-0.18652181178999452,0.5234800645649553,2.93247910598695,-0.06794502879148431,-1.5818304584593645
-0.19649215244652513,-0.18653717292200916,0.5234665271983169,2.932274942049428,-0.06755038342785175,-1.5817148078954346
-0.19648006695873374,-0.18655275907256175,0.5234528258234948,2.9320716235150184,-0.06715490107562166,-1.5815968832544234
-0.196467854759479,-0.18656855943974204,0.5234389566917759,2.931869250039258,-0.06675879965539115,-1.5814767276628812
-0.1964555259491922,-0.1865845632216399,0.5234249160544471,2.931667921277685,-0.06636229708775782,-1.581354384247356
-0.1964430906283046,-0.18660075961634506,0.5234107001627953,2.931467736885835,-0.0659656112933187,-1.581229896134398
-0.19643055889724736,-0.18661713782194733,0.5233963052681078,2.931268796519246,-0.06556896019267106,-1.5811033064505553
-0.19641794085645176,-0.18663368703653643,0.5233817276216711,2.931071199833455,-0.06517256170641197,-1.5809746583223774
-0.19640524660634898,-0.18665039645820228,0.5233669634747724,2.9308750464839974,-0.06477663375513902,-1.5808439948764135
-0.19639248608278476,-0.18666725512495402,0.5233520097311208,2.9306804298648945,-0.0643813865272576,-1.5807113620448254
-0.1963796673082984,-0.18668425021386487,0.523336870878833,2.930487370580017,-0.06398694032444492,-1.5805768383750236
-0.19636679707103788,-0.1867013677014039,0.5233215562991914,2.930295842271856,-0.06359335745694039,-1.5804405234565153
-0.19635388213857802,-0.1867185935440302,0.523306075455032,2.9301058178002077,-0.06320069926845999,-1.580302517229509
-0.19634092927849364,-0.1867359136982029,0.5232904378091904,2.9299172700248723,-0.06280902710271916,-1.5801629196342137
-0.19632794525835953,-0.18675331412038101,0.5232746528245017,2.929730171805649,-0.06241840230343349,-1.5800218306108373
-0.19631493684575052,-0.18677078076702375,0.5232587299638017,2.929544496002335,-0.06202888621431846,-1.5798793500995885
-0.19630191080824141,-0.1867882995945901,0.5232426786899259,2.929360215474731,-0.061640540179090014,-1.579735578040676
-0.19628887391340707,-0.18680585655953916,0.52322650846571,2.9291773030826342,-0.06125342554146363,-1.5795906143743081
-0.19627583292882225,-0.18682343761833,0.5232102287539894,2.928995731685845,-0.0608676036451549,-1.5794445590406938
-0.19626279462206178,-0.18684102872742178,0.5231938490175996,2.92881547414416,-0.06048313583387927,-1.579297511980041
-0.19624976576070047,-0.18685861584327354,0.5231773787193762,2.92863650331738,-0.06010008345135273,-1.5791495731325584
-0.19623675311231314,-0.18687618492234434,0.5231608273221549,2.9284587920653027,-0.0597185078412907,-1.579000842438455
-0.19622376344447465,-0.1868937219210933,0.523144204288771,2.928282313247727,-0.059338470347408814,-1.5788514198379386
-0.19621080352475972,-0.18691121279597953,0.5231275190820602,2.928107039724453,-0.05896003231342251,-1.5787014052712185
-0.19619788012074324,-0.18692864350346206,0.523110781164858,2.9279329443552777,-0.05858325508304776,-1.5785508986785028
-0.196185,-0.186946,0.523094,2.92776,-0.0582082,-1.5784
-0.19617216951905395,-0.18696326921732156,0.5230771862134109,2.9275881660859984,-0.057834904774532306,-1.5782488137446535
-0.1961593933902254,-0.18698044198823152,0.5230603550833723,2.927417348310961,-0.05746331258304734,-1.5780974626963453
-0.196146675914784,-0.18699751012080368,0.5230435230512553,2.9272474389401566,-0.057093342968485714,-1.5779460742076925
-0.19613402139399916,-0.18701446542311193,0.5230267065584303,2.927078330238853,-0.05672491547378753,-1.5777947756313113
-0.19612143412914046,-0.18703129970323015,0.5230099220462687,2.9269099144723176,-0.05635794964189307,-1.5776436943198189
-0.1961089184214774,-0.18704800476923225,0.522993185956141,2.926742083905819,-0.05599236501574246,-1.5774929576258316
-0.1960964785722794,-0.18706457242919197,0.522976514729418,2.9265747308046244,-0.05562808113827629,-1.577342692901967
-0.19608411888281616,-0.18708099449118332,0.5229599248074709,2.926407747434002,-0.05526501755243468,-1.577193027500841
-0.19607184365435706,-0.1870972627632801,0.5229434326316701,2.9262410260592193,-0.054903093801157904,-1.577044088775071
-0.19605965718817162,-0.18711336905355613,0.5229270546433868,2.926074458945545,-0.054542229427386076,-1.5768960040772733
-0.1960475637855294,-0.18712930517008539,0.5229108072839916,2.9259079383582454,-0.0541823439740598,-1.576748900760065
-0.19603556774769987,-0.18714506292094166,0.5228947069948556,2.925741356562591,-0.053823356984119185,-1.5766029061760631
-0.1960236733759526,-0.1871606341141988,0.5228787702173496,2.9255746058238468,-0.05346518800050452,-1.5764581476778836
-0.19601188497155705,-0.18717601055793076,0.5228630133928442,2.925407578407282,-0.05310775656615592,-1.5763147526181442
-0.1960002068357828,-0.18719118406021132,0.5228474529627106,2.925240166578165,-0.052750982224013976,-1.576172848349461
-0.1959886432698993,-0.1872061464291144,0.5228321053683195,2.9250722626017627,-0.05239478451701881,-1.5760325622244513
-0.1959771985606457,-0.18722088949223958,0.5228169869731794,2.9249037596760226,-0.05203908456068836,-1.5758940210481802
-0.19596587612293803,-0.18723540624873156,0.5228021094690619,2.924734606959578,-0.0516838978252008,-1.5757573187726424
-0.19595467802036648,-0.18724969151362972,0.5227874773065465,2.9245648403501354,-0.051329386030458335,-1.5756224984275715
-0.1959436062002782,-0.18726374025817957,0.522773094313314,2.9243945032068233,-0.05097572347698407,-1.5754895986622917
-0.19593266261002035,-0.1872775474536265,0.5227589643170456,2.9242236388887717,-0.05062308446530128,-1.5753586581261279
-0.19592184919693997,-0.18729110807121596,0.5227450911454223,2.9240522907551103,-0.05027164329593309,-1.575229715468404
-0.19591116790838423,-0.18730441708219342,0.5227314786261251,2.9238805021649696,-0.04992157426940308,-1.5751028093384445
-0.1959006206917003,-0.18731746945780434,0.5227181305868353,2.923708316477478,-0.04957305168623435,-1.574977978385574
-0.19589020949423525,-0.18733026016929413,0.5227050508552336,2.9235357770517663,-0.04922624984695018,-1.5748552612591162
-0.1958799362633362,-0.18734278418790826,0.522692243259001,2.9233629272469632,-0.0488813430520737,-1.5747346966083962
-0.19586980294635034,-0.18735503648489213,0.5226797116258189,2.9231898104221994,-0.048538505602128475,-1.5746163230827377
-0.19585981149062476,-0.18736701203149123,0.5226674597833681,2.9230164699366035,-0.04819791179763763,-1.5745001793314655
-0.19584996384350656,-0.18737870579895102,0.5226554915593298,2.922842949149307,-0.04785973593912444,-1.5743863040039037
-0.19584026195234291,-0.18739011275851694,0.5226438107813848,2.922669291419437,-0.04752415232711201,-1.574274735749377
-0.19583070776448092,-0.18740122788143437,0.5226324212772144,2.9224955401061257,-0.047191335262123935,-1.5741655132172092
-0.19582130322726768,-0.18741204613894882,0.5226213268744996,2.9223217385685016,-0.046861459044683314,-1.5740586750567254
-0.1958120502880504,-0.1874225625023057,0.5226105314009213,2.922147930165694,-0.04653469797531343,-1.573954259917249
-0.1958029505209413,-0.18743277198895789,0.5226000387191346,2.92197415223111,-0.04621121418335931,-1.573852305976044
-0.19579400116119794,-0.18744267015351856,0.5225898530983677,2.9218003720491086,-0.04589102830822092,-1.5737528459226622
-0.19578519664481664,-0.1874522528971562,0.5225799790701537,2.9216265117111195,-0.045574069705462024,-1.5736559089061972
-0.19577653136113932,-0.18746151612681516,0.5225704211703975,2.921452492555356,-0.04526026620924926,-1.5735615240167344
-0.19576799969950803,-0.18747045574943977,0.5225611839350044,2.921278235920031,-0.04494954565374912,-1.5734697203443606
-0.1957595960492647,-0.1874790676719744,0.522552271899879,2.921103663143358,-0.04464183587312851,-1.5733805269791605
-0.19575131479975136,-0.18748734780136336,0.5225436896009265,2.9209286955635516,-0.04433706470155394,-1.5732939730112205
-0.19574315034030987,-0.18749529204455107,0.5225354415740517,2.920753254518823,-0.044035159973192045,-1.5732100875306265
-0.19573509706028236,-0.1875028963084818,0.5225275323551597,2.920577261347386,-0.04373604952220932,-1.573128899627464
-0.19572714934901073,-0.18751015650009997,0.5225199664801554,2.9204006373874543,-0.04343966118277269,-1.573050438391819
-0.19571930159583692,-0.1875170685263499,0.5225127484849439,2.9202233039772416,-0.04314592278904863,-1.572974732913777
-0.19571154819010295,-0.18752362829417593,0.5225058829054301,2.920045182454961,-0.042854762175203794,-1.5729018122834242
-0.1957038835211508,-0.18752983171052243,0.5224993742775188,2.919866194158825,-0.042566107175404676,-1.5728317055908463
-0.1956963019783225,-0.18753567468233373,0.5224932271371151,2.9196862604270475,-0.04227988562381819,-1.5727644419261293
-0.19568879795095992,-0.18754115311655417,0.5224874460201243,2.9195053025978424,-0.04199602535461082,-1.5727000503793584
-0.19568136582840506,-0.18754626292012816,0.5224820354624509,2.9193232420094217,-0.04171445420194921,-1.5726385600406203
-0.195674,-0.187551,0.522477,2.91914,-0.04143509999999988,-1.57258
-0.19566669683007706,-0.1875553634321195,0.522472339750809,2.9189555454327567,-0.04115791888463696,-1.5725243773042916
-0.19565946058293085,-0.18755936496845838,0.5224680371614446,2.918770037270743,-0.04088298019856327,-1.5724716108271193
-0.19565229749784624,-0.18756301952999377,0.5224640702606059,2.9185836820019744,-0.04061038158618898,-1.572421597398816
-0.1956452138141082,-0.18756634203770284,0.5224604170769918,2.9183966861144692,-0.04034022069192415,-1.572374233849714
-0.19563821577100177,-0.18756934741256273,0.5224570556393016,2.918209256096244,-0.04007259516017922,-1.572329417010145
-0.19563130960781186,-0.1875720505755506,0.5224539639762342,2.918021598435316,-0.03980760263536424,-1.5722870437104421
-0.1956245015638234,-0.18757446644764364,0.5224511201164888,2.9178339196197016,-0.03954534076188939,-1.5722470107809376
-0.19561779787832143,-0.18757660994981892,0.5224485020887641,2.917646426137419,-0.03928590718416475,-1.5722092150519638
-0.19561120479059088,-0.18757849600305368,0.5224460879217598,2.9174593244764853,-0.03902939954660072,-1.572173553353853
-0.19560472853991667,-0.187580139528325,0.5224438556441743,2.917272821124916,-0.03877591549360739,-1.572139922516938
-0.19559837536558383,-0.18758155544661012,0.5224417832847071,2.9170871225707304,-0.03852555266959492,-1.57210821937155
-0.1955921515068773,-0.18758275867888616,0.5224398488720572,2.916902435301944,-0.03827840871897341,-1.572078340748023
-0.19558606320308206,-0.1875837641461302,0.5224380304349235,2.9167189658065746,-0.03803458128615323,-1.5720501834766887
-0.19558011669348307,-0.1875845867693195,0.5224363060020053,2.916536920572639,-0.03779416801554448,-1.572023644387879
-0.1955743182173653,-0.18758524146943117,0.5224346536020016,2.916356506088154,-0.037557266551557326,-1.571998620311927
-0.1955686740140137,-0.1875857431674424,0.5224330512636111,2.9161779288411376,-0.037323974538601874,-1.5719750080791646
-0.19556319023677637,-0.18758610670107204,0.5224314770336607,2.9160013942320857,-0.03709438778964023,-1.5719527049646052
-0.19555786788279161,-0.18758634191254644,0.5224299100466056,2.9158270424102737,-0.03686849223073884,-1.5719316349240953
-0.19555269995707214,-0.1875864509010784,0.5224283311227274,2.9156549123855826,-0.03664610346327638,-1.5719117632687756
-0.19554767877713622,-0.18758643509981485,0.5224267212273249,2.9154850344677308,-0.03642702243704539,-1.5718930588672306
-0.1955427966605019,-0.18758629594190285,0.522425061325697,2.9153174389664374,-0.036211050101838685,-1.5718754905880448
-0.1955380459246874,-0.18758603486048944,0.5224233323831423,2.9151521561914193,-0.035997987407448806,-1.5718590272998028
-0.19553341888721093,-0.18758565328872165,0.5224215153649597,2.9149892164523954,-0.03578763530366838,-1.5718436378710892
-0.19552890786559057,-0.18758515265974654,0.5224195912364479,2.914828650059084,-0.03557979474028994,-1.5718292911704888
-0.19552450517734454,-0.1875845344067111,0.5224175409629055,2.9146704873212044,-0.035374266667106295,-1.5718159560665859
-0.19552020313999102,-0.18758379996276242,0.5224153455096315,2.9145147585484734,-0.03517085203390999,-1.5718036014279653
-0.19551599407104808,-0.18758295076104745,0.5224129858419247,2.91436149405061,-0.03496935179049365,-1.5717921961232117
-0.19551187028803402,-0.18758198823471328,0.5224104429250835,2.914210724137333,-0.03476956688664983,-1.57178170902091
-0.19550782410846687,-0.1875809138169069,0.5224076977244072,2.91406247911836,-0.03457129827217133,-1.5717721089896441
-0.19550384784986483,-0.1875797289407754,0.5224047312051942,2.91391678930341,-0.03437434689685066,-1.5717633648979992
-0.19549993382974612,-0.18757843503946578,0.5224015243327432,2.913773685002201,-0.034178513710480495,-1.57175544561456
-0.19549607436562885,-0.18757703354612504,0.5223980580723533,2.913633196524451,-0.03398359966285335,-1.5717483200079103
-0.19549226177503123,-0.18757552589390028,0.5223943133893231,2.913495354179879,-0.033789405703762036,-1.5717419569466355
-0.1954884887482676,-0.18757391376923666,0.5223902719138799,2.9133601859573828,-0.03359574263245227,-1.5717363233608879
-0.19548475230940898,-0.1875722018031704,0.522385923006048,2.913227692866325,-0.03340253574806292,-1.5717313636465429
-0.19548105227849813,-0.187570396526474,0.5223812610128176,2.9130978585099196,-0.03320978422063167,-1.571727007661234
-0.1954773885221775,-0.18756850450158222,0.5223762803642938,2.9129706662012755,-0.0330174884513777,-1.5717231850202904
-0.19547376090708943,-0.18756653229092965,0.5223709754905832,2.912846099253501,-0.03282564884152051,-1.571719825339041
-0.1954701692998763,-0.18756448645695112,0.5223653408217913,2.912724140979707,-0.03263426579227929,-1.5717168582328147
-0.19546661356718048,-0.1875623735620813,0.5223593707880241,2.912604774693002,-0.03244333970487335,-1.5717142133169415
-0.19546309357564443,-0.1875602001687549,0.5223530598193873,2.9124879837064976,-0.03225287098052191,-1.5717118202067497
-0.19545960919191044,-0.18755797283940667,0.5223464023459871,2.9123737513333015,-0.03206286002044443,-1.5717096085175686
-0.19545616028262094,-0.1875556981364713,0.5223393927979291,2.9122620608865235,-0.03187330722586013,-1.5717075078647271
-0.1954527467144183,-0.1875533826223835,0.5223320256053192,2.9121528956792737,-0.03168421299798831,-1.571705447863555
-0.19544936835394494,-0.187551032859578,0.5223242951982633,2.9120462390246615,-0.03149557773804818,-1.571703358129381
-0.19544602506784317,-0.1875486554104895,0.5223161960068673,2.9119420742357964,-0.031307401847259206,-1.5717011682775337
-0.19544271672275543,-0.18754625683755274,0.5223077224612372,2.9118403846257883,-0.031119685726840617,-1.571698807923343
-0.19543944318532405,-0.18754384370320243,0.5222988689914786,2.9117411535077466,-0.030932429778011698,-1.5716962066821378
-0.19543620432219144,-0.18754142256987327,0.5222896300276976,2.9116443641947805,-0.030745634401991667,-1.571693294169247
-0.195433,-0.187539,0.52228,2.91155,-0.0305593,-1.57169
-0.19542983104493708,-0.1875365809524639,0.5222699753205203,2.911458044450637,-0.03037341384914105,-1.5716862744321873
-0.19542670212137,-0.1875341639719325,0.5222595603295075,2.9113684819304124,-0.03018791073005985,-1.5716821502934462
-0.19542361885321108,-0.18753174599951986,0.5222487613492396,2.9112812970371693,-0.030002712299286482,-1.5716776810538762
-0.1954205868643726,-0.18752932397634015,0.5222375847019941,2.9111964743687517,-0.02981774021335129,-1.5716729201835753
-0.1954176117787669,-0.18752689484350743,0.5222260367100489,2.911113998523003,-0.029632916128784364,-1.571667921152643
-0.1954146992203063,-0.18752445554213584,0.5222141236956815,2.9110338540977656,-0.029448161702115876,-1.5716627374311778
-0.19541185481290307,-0.18752200301333946,0.5222018519811701,2.9109560256908833,-0.029263398589875922,-1.5716574224892792
-0.19540908418046954,-0.18751953419823233,0.522189227888792,2.9108804979001994,-0.02907854844859483,-1.5716520297970455
-0.19540639294691806,-0.18751704603792868,0.522176257740825,2.910807255323558,-0.028893532934802693,-1.571646612824576
-0.19540378673616085,-0.18751453547354252,0.5221629478595469,2.910736282558801,-0.028708273705029687,-1.5716412250419696
-0.19540127117211029,-0.187511999446188,0.5221493045672353,2.9106675642037727,-0.0285226924158059,-1.571635919919325
-0.1953988518786787,-0.18750943489697913,0.5221353341861683,2.910601084856317,-0.028336710723661673,-1.5716307509267415
-0.1953965344797783,-0.18750683876703014,0.5221210430386233,2.9105368291142764,-0.02815025028512709,-1.5716257715343176
-0.19539432459932146,-0.18750420799745504,0.5221064374468781,2.9104747815754943,-0.027963232756732334,-1.571621035212152
-0.19539222786122054,-0.187501539529368,0.5220915237332105,2.9104149268378143,-0.02777557979500749,-1.5716165954303445
-0.19539024988938777,-0.18749883030388306,0.5220763082198983,2.9103572494990795,-0.02758721305648289,-1.5716125056589936
-0.19538839627098115,-0.18749607723601555,0.5220607972364691,2.9103017337755137,-0.027398054397220296,-1.5716088194323592
-0.19538667038789792,-0.18749327567485288,0.5220449975474529,2.910248340986184,-0.027208037645181486,-1.5716055941343974
-0.1953850722038812,-0.1874904185422944,0.5220289165916324,2.9101969969595607,-0.027017115184773063,-1.5716028931160906
-0.19538360138863942,-0.18748749855144892,0.5220125618657908,2.9101476244711617,-0.026825240996655196,-1.571600780241714
-0.1953822576118809,-0.1874845084154253,0.5219959408667114,2.9101001462965037,-0.026632369061487814,-1.571599319375543
-0.1953810405433141,-0.18748144084733243,0.5219790610911775,2.9100544852111034,-0.026438453359930926,-1.5715985743818526
-0.19537994985264734,-0.18747828856027918,0.521961930035972,2.910010563990479,-0.026243447872644456,-1.571598609124918
-0.19537898520958896,-0.1874750442673745,0.5219445551978781,2.9099683054101457,-0.026047306580288587,-1.5715994874690147
-0.19537814628384745,-0.18747170068172714,0.521926944073679,2.909927632245622,-0.02584998346352324,-1.5716012732784175
-0.19537743274513114,-0.18746825051644608,0.5219091041601581,2.909888467272424,-0.025651432503008425,-1.5716040304174022
-0.19537684426314839,-0.18746468648464013,0.5218910429540984,2.9098507332660692,-0.02545160767940406,-1.5716078227502435
-0.19537638050760756,-0.18746100129941817,0.5218727679522831,2.909814353002074,-0.02525046297337033,-1.5716127141412168
-0.19537604114821708,-0.18745718767388914,0.5218542866514954,2.909779249255957,-0.025047952365567158,-1.5716187684545972
-0.19537582585468533,-0.18745323832116184,0.5218356065485183,2.909745344803234,-0.024844029836654555,-1.5716260495546603
-0.19537573429672067,-0.18744914595434517,0.5218167351401353,2.909712562419422,-0.024638649367292438,-1.571634621305681
-0.19537576614403146,-0.18744490328654803,0.5217976799231293,2.9096808248800383,-0.024431764938140997,-1.571644547571935
-0.19537592106632615,-0.18744050303087925,0.5217784483942838,2.9096500549606,-0.02422333052986015,-1.5716558922176966
-0.19537619866514244,-0.18743593805873623,0.5217590485751128,2.9096201728649977,-0.02401330729712323,-1.5716687173377863
-0.19537659774953525,-0.18743120308161973,0.5217394945871308,2.909591068901969,-0.023801739792508346,-1.571683064457103
-0.19537711661728002,-0.18742629399819413,0.5217198044873358,2.9095626140930557,-0.02358872637369382,-1.571698961829628
-0.19537775355763098,-0.1874212067269098,0.5216999963983178,2.9095346791383467,-0.023374366295109337,-1.5717164374881618
-0.1953785068598422,-0.18741593718621713,0.5216800884426657,2.9095071347379307,-0.023158758811184694,-1.571735519465505
-0.19537937481316797,-0.18741048129456656,0.5216600987429694,2.9094798515918954,-0.022942003176349587,-1.5717562357944574
-0.19538035570686235,-0.18740483497040838,0.5216400454218184,2.9094527004003305,-0.022724198645033996,-1.5717786145078192
-0.19538144783017958,-0.18739899413219313,0.5216199466018023,2.9094255518633236,-0.022505444471667614,-1.571802683638391
-0.1953826494723738,-0.18739295469837114,0.5215998204055106,2.9093982766809634,-0.022285839910680234,-1.5718284712189725
-0.1953839589226992,-0.1873867125873928,0.5215796849555328,2.909370745553339,-0.022065484216501553,-1.5718560052823638
-0.19538537447040993,-0.18738026371770847,0.5215595583744583,2.9093428291805385,-0.021844476643561553,-1.5718853138613653
-0.19538689440476018,-0.18737360400776865,0.5215394587848771,2.9093143982626506,-0.021622916446289928,-1.5719164249887774
-0.1953885170150041,-0.18736672937602364,0.5215194043093784,2.909285323499764,-0.02140090287911647,-1.5719493666974003
-0.19539024059039586,-0.18735963574092387,0.5214994130705517,2.909255475591967,-0.021178535196470866,-1.5719841670200336
-0.19539206342018967,-0.18735231902091973,0.5214795031909868,2.9092247252393486,-0.02095591265278311,-1.572020853989478
-0.19539398379363962,-0.18734477513446166,0.521459692793273,2.9091929431419965,-0.02073313450248289,-1.5720594556385334
-0.195396,-0.187337,0.52144,2.90916,-0.0205103,-1.5721
-0.19539811008119498,-0.18732899177575837,0.5214204404061354,2.909125787774121,-0.0202875031472293,-1.5721424962219657
-0.19540031108982947,-0.1873207575790531,0.5214010194961599,2.9090902834678145,-0.02006481693592665,-1.5721868779136665
-0.19540259983117836,-0.18731230676697372,0.5213817402269318,2.909053485345209,-0.01984230910531277,-1.5722330597996272
-0.19540497311051658,-0.18730364869660981,0.5213626055553101,2.909015391670434,-0.0196200473946085,-1.5722809566043714
-0.19540742773311912,-0.18729479272505087,0.5213436184381531,2.9089760007076184,-0.01939809954303456,-1.5723304830524236
-0.19540996050426085,-0.18728574820938645,0.5213247818323196,2.90893531072089,-0.019176533289811976,-1.572381553868307
-0.19541256822921674,-0.1872765245067061,0.5213060986946684,2.9088933199743776,-0.018955416374161472,-1.5724340837765465
-0.19541524771326174,-0.18726713097409933,0.5212875719820577,2.908850026732211,-0.01873481653530389,-1.5724879875016657
-0.19541799576167082,-0.1872575769686557,0.5212692046513465,2.908805429258518,-0.018514801512459954,-1.572543179768189
-0.19542080917971885,-0.18724787184746475,0.5212509996593935,2.9087595258174272,-0.018295439044850675,-1.5725995753006399
-0.19542368477268082,-0.187238024967616,0.5212329599630571,2.9087123146730685,-0.0180767968716968,-1.572657088823543
-0.19542661934583166,-0.18722804568619902,0.521215088519196,2.9086637940895694,-0.017858942732219156,-1.572715635061422
-0.19542960970444628,-0.18721794336030328,0.5211973882846688,2.9086139623310587,-0.01764194436563846,-1.5727751287388012
-0.1954326526537996,-0.18720772734701843,0.5211798622163342,2.9085628176616667,-0.017425869511175748,-1.5728354845802042
-0.1954357449991667,-0.1871974070034339,0.521162513271051,2.90851035834552,-0.01721078590805174,-1.5728966173101557
-0.19543888354582234,-0.18718699168663933,0.5211453444056775,2.9084565826467483,-0.016996761295487276,-1.5729584416531792
-0.19544206507220435,-0.18717649073011983,0.5211283585339437,2.9084014889612044,-0.016783862836504716,-1.5730208726327162
-0.1954452847465175,-0.18716591205110214,0.5211115559818448,2.908345083588174,-0.016572123122225276,-1.5730838432072374
-0.1954485352411056,-0.1871552613716122,0.5210949330643881,2.908287385077261,-0.01636152115732262,-1.573147314134509
-0.1954518090136147,-0.1871445442248415,0.5210784857515496,2.9082284130318627,-0.016152031336883636,-1.5732112485636343
-0.1954550985216909,-0.18713376614398136,0.5210622100133048,2.908168187055376,-0.015943628055995137,-1.573275609643718
-0.1954583962229803,-0.18712293266222332,0.5210461018196298,2.908106726751197,-0.015736285709744207,-1.5733403605238625
-0.1954616945751289,-0.18711204931275885,0.5210301571405007,2.9080440517227215,-0.015529978693217648,-1.5734054643531723
-0.19546498603578286,-0.18710112162877932,0.5210143719458932,2.9079801815733473,-0.015324681401502359,-1.5734708842807505
-0.1954682630625882,-0.18709015514347624,0.5209987422057833,2.9079151359064705,-0.015120368229685145,-1.5735365834557007
-0.195471518113191,-0.18707915539004108,0.5209832638901468,2.9078489343254867,-0.014917013572853088,-1.573602525027127
-0.1954747436452373,-0.1870681279016652,0.5209679329689597,2.9077815964337934,-0.014714591826092992,-1.5736686721441324
-0.1954779321163732,-0.18705707821154013,0.5209527454121976,2.907713141834787,-0.014513077384491757,-1.5737349879558213
-0.1954810759842448,-0.18704601185285727,0.5209376971898368,2.907643590131863,-0.014312444643136194,-1.5738014356112968
-0.19548416770649818,-0.18703493435880814,0.5209227842718532,2.907572960928419,-0.014112667997113375,-1.5738679782596625
-0.19548719974077935,-0.1870238512625841,0.5209080026282222,2.9075012738278514,-0.01391372184151011,-1.5739345790500223
-0.19549016454473442,-0.18701276809737666,0.5208933482289204,2.9074285484335562,-0.013715580571413297,-1.5740012011314792
-0.1954930545760095,-0.18700169039637726,0.5208788170439231,2.90735480434893,-0.013518218581909748,-1.5740678076531376
-0.19549586264832441,-0.18699062352847873,0.5208644045482566,2.9072800660227465,-0.013321607203540592,-1.5741343635542222
-0.19549858571475714,-0.18697957095260262,0.5208501004631523,2.90720441423129,-0.013125682141500125,-1.5742008545841188
-0.19550122339893922,-0.18696853489543092,0.5208358907977167,2.907127966091173,-0.012930356116888175,-1.574267279918124
-0.1955037753690114,-0.18695751756310827,0.5208217614991881,2.9070508393246817,-0.012735541467736238,-1.574333638955299
-0.19550624129311447,-0.18694652116177934,0.5208076985148037,2.9069731516541,-0.01254115053207606,-1.5743999310947054
-0.19550862083938922,-0.18693554789758882,0.5207936877918015,2.906895020801715,-0.012347095647939142,-1.5744661557354045
-0.19551091367597637,-0.18692459997668137,0.5207797152774192,2.906816564489811,-0.012153289153357064,-1.574532312276458
-0.1955131194710167,-0.18691367960520158,0.5207657669188946,2.9067379004406737,-0.01195964338636132,-1.5745984001169273
-0.195515237892651,-0.1869027889892942,0.5207518286634654,2.906659146376587,-0.011766070684983662,-1.5746644186558736
-0.19551726860902002,-0.18689193033510385,0.5207378864583695,2.906580420019839,-0.011572483387255587,-1.5747303672923587
-0.19551921128826455,-0.1868811058487752,0.5207239262508446,2.9065018390927126,-0.011378793831208676,-1.5747962454254443
-0.1955210655985253,-0.1868703177364529,0.5207099339881283,2.9064235213174934,-0.011184914354874422,-1.5748620524541912
-0.19552283120794312,-0.18685956820428165,0.5206958956174587,2.9063455844164676,-0.01099075729628458,-1.5749277877776608
-0.19552450778465874,-0.18684885945840604,0.5206817970860731,2.9062681461119197,-0.010796234993470644,-1.5749934507949153
-0.19552609499681292,-0.1868381937049708,0.5206676243412097,2.906191324126136,-0.010601259784464197,-1.5750590409050156
-0.1955275925125464,-0.18682757315012058,0.520653363330106,2.9061152361814004,-0.01040574400729673,-1.5751245575070234
-0.195529,-0.186817,0.520639,2.90604,-0.0102096,-1.57519
-0.19553031779692281,-0.18680647758810134,0.5206245210164351,2.9059657312950815,-0.010012771387971365,-1.5752553571456054
-0.19553154891949737,-0.18679601375730684,0.5206099159181785,2.9058925377432447,-0.00981532694607174,-1.5753205751558914
-0.1955326970535145,-0.18678561747784658,0.5205951749623033,2.905820525011952,-0.009617366736527811,-1.5753855896055091
-0.19553376588476504,-0.18677529771995027,0.5205802884058827,2.9057497987686656,-0.009418990821566537,-1.5754503360691083
-0.19553475909903986,-0.18676506345384797,0.5205652465059896,2.9056804646808474,-0.009220299263414604,-1.5755147501213405
-0.19553568038212987,-0.18675492364976942,0.520550039519697,2.9056126284159607,-0.009021392124298791,-1.5755787673368553
-0.19553653341982583,-0.18674488727794472,0.520534657704078,2.9055463956414673,-0.008822369466445788,-1.575642323290304
-0.19553732189791867,-0.1867349633086036,0.5205190913162058,2.905481872024829,-0.00862333135208255,-1.5757053535563368
-0.19553804950219922,-0.18672516071197606,0.5205033306131531,2.905419163233509,-0.008424377843435766,-1.575767793709604
-0.19553871991845834,-0.18671548845829194,0.5204873658519933,2.905358374934969,-0.008225609002732214,-1.5758295793247565
-0.1955393368324869,-0.1867059555177812,0.5204711872897992,2.905299612796671,-0.008027124892198584,-1.5758906459764443
-0.1955399039300757,-0.18669657086067373,0.520454785183644,2.9052429824860777,-0.007829025574061833,-1.5759509292393186
-0.19554042489701567,-0.18668734345719942,0.5204381497906008,2.9051885896706517,-0.0076314111105486426,-1.5760103646880297
-0.1955409034190976,-0.18667828227758815,0.5204212713677426,2.9051365400178546,-0.007434381563885799,-1.5760688878972282
-0.1955413431821124,-0.18666939629206983,0.5204041401721423,2.905086939195149,-0.007238036996300078,-1.5761264344415642
-0.19554174787185086,-0.1866606944708744,0.5203867464608731,2.9050398928699974,-0.0070424774700181695,-1.5761829398956886
-0.19554212115839345,-0.18665218567775463,0.5203690805744611,2.9049955055218395,-0.006847801942289955,-1.5762383406263982
-0.19554246576919274,-0.1866438723878358,0.5203511378606165,2.9049538103487835,-0.006654043071740806,-1.576292620529262
-0.1955427829706282,-0.18663574717387063,0.5203329214281847,2.9049147300628726,-0.006461130754128597,-1.576345837169447
-0.19554307390339568,-0.1866278017567949,0.5203144350536357,2.904878177871972,-0.00626898604539455,-1.5763980544492895
-0.195543339708191,-0.18662002785754425,0.5202956825134398,2.9048440669839475,-0.006077530001480142,-1.576449336271126
-0.19554358152570994,-0.1866124171970545,0.5202766675840669,2.9048123106066646,-0.005886683678326594,-1.5764997465372927
-0.19554380049664832,-0.1866049614962613,0.5202573940419868,2.904782821947989,-0.005696368131875215,-1.5765493491501263
-0.195543997761702,-0.1865976524761005,0.5202378656636698,2.9047555142157866,-0.005506504418067227,-1.5765982080119632
-0.19554417446156672,-0.18659048185750765,0.5202180862255861,2.904730300617922,-0.005317013592844105,-1.5766463870251395
-0.19554433173693833,-0.18658344136141866,0.5201980595042054,2.9047070943622613,-0.005127816712147074,-1.5766939500919916
-0.1955444707285126,-0.18657652270876915,0.5201777892759978,2.90468580865667,-0.004938834831917439,-1.5767409611148564
-0.1955445925769854,-0.18656971762049485,0.5201572793174334,2.9046663567090136,-0.004749989008096425,-1.57678748399607
-0.1955446984230525,-0.18656301781753154,0.5201365334049822,2.9046486517271584,-0.004561200296625507,-1.5768335826379685
-0.19554478940740974,-0.18655641502081494,0.5201155553151143,2.9046326069189683,-0.0043723897534459055,-1.5768793209428889
-0.19554486667075288,-0.18654990095128077,0.5200943488242998,2.90461813549231,-0.004183478434498931,-1.576924762813167
-0.1955449313537778,-0.1865434673298647,0.5200729177090088,2.904605150655049,-0.003994387395725804,-1.57696997215114
-0.19554498459718023,-0.18653710587750258,0.5200512657457108,2.9045935656150506,-0.0038050376930680013,-1.5770150128591434
-0.19554502726998835,-0.18653080876436914,0.5200293970915468,2.9045832937921907,-0.003615353386474384,-1.5770599426426584
-0.19554505708309394,-0.18652457338304354,0.5200073203289515,2.904574251070966,-0.0034252934574827004,-1.5771047471687152
-0.19554506970988134,-0.1865184004953981,0.5199850468953873,2.904566354925951,-0.0032348394176879044,-1.5771493656279243
-0.19554506078977646,-0.18651229091946,0.5199625882759014,2.90455952285822,-0.003043973154186158,-1.5771937364362896
-0.1955450259622052,-0.18650624547325642,0.5199399559555407,2.9045536723688494,-0.00285267655407337,-1.577237798009815
-0.1955449608665934,-0.18650026497481453,0.5199171614193517,2.9045487209589154,-0.002660931504445534,-1.5772814887645044
-0.19554486114236705,-0.18649435024216154,0.5198942161523814,2.9045445861294925,-0.0024687198923985573,-1.5773247471163616
-0.195544722428952,-0.18648850209332463,0.5198711316396765,2.904541185381656,-0.0022760236050286043,-1.57736751148139
-0.19554454036577418,-0.18648272134633093,0.5198479193662838,2.904538436216482,-0.002082824529431584,-1.5774097202755943
-0.1955443105922595,-0.18647700881920767,0.5198245908172503,2.904536256135046,-0.001889104552703489,-1.5774513119149776
-0.19554402874783383,-0.18647136532998201,0.5198011574776226,2.9045345626384234,-0.0016948455619402265,-1.5774922248155439
-0.19554369047192308,-0.18646579169668115,0.5197776308324474,2.90453327322769,-0.0015000294442379615,-1.577532397393297
-0.19554329140395318,-0.18646028873733228,0.5197540223667719,2.9045323054039205,-0.0013046380866926024,-1.577571768064241
-0.19554282718335,-0.18645485726996253,0.5197303435656425,2.904531576668192,-0.0011086533764001424,-1.5776102752443792
-0.1955422934495395,-0.18644949811259912,0.5197066059141062,2.904531004521578,-0.0009120572004564868,-1.577647857349716
-0.19554168584194753,-0.1864442120832692,0.5196828208972097,2.9045305064651554,-0.0007148314459578039,-1.577684452796255
-0.195541,-0.186439,0.519659,2.90453,-0.000516958,-1.57772
-0.1955402332788186,-0.18643386208297338,0.5196351522832398,2.904529423201645,-0.0003184285560048561,-1.5777544586065622
-0.19553938989630812,-0.1864287961609902,0.5196112771105555,2.904528796443466,-0.00011927403269721517,-1.5777878731799826
-0.19553847578606917,-0.18642379946500598,0.5195873714212904,2.9045281606732924,8.046484487202636e-05,-1.5778203095139094
-0.19553749688170227,-0.18641886922597628,0.519563432154787,2.904527556838958,0.0002807473516522374,-1.5778518334019906
-0.19553645911680806,-0.18641400267485667,0.5195394562503881,2.904527025888296,0.00048153276259269874,-1.577882510637875
-0.195535368424987,-0.18640919704260261,0.5195154406474364,2.9045266087691375,0.0006827803526427802,-1.5779124070152106
-0.19553423073983986,-0.18640444956016972,0.5194913822852746,2.904526346429315,0.000884449396751584,-1.5779415883276455
-0.19553305199496704,-0.18639975745851356,0.5194672781032458,2.904526279816662,0.0010864991698684796,-1.5779701203688288
-0.1955318381239692,-0.18639511796858962,0.5194431250406923,2.9045264498790093,0.0012888889469427481,-1.577998068932408
-0.19553059506044695,-0.18639052832135342,0.5194189200369571,2.9045268975641902,0.0014915780029237599,-1.5780254998120316
-0.1955293287380008,-0.18638598574776064,0.519394660031383,2.9045276638200375,0.0016945256127606154,-1.578052478801348
-0.19552804509023133,-0.1863814874787667,0.5193703419633126,2.904528789594382,0.0018976910514026855,-1.578079071694005
-0.19552675005073913,-0.18637703074532722,0.5193459627720887,2.904530315835058,0.002101033593799251,-1.578105344283652
-0.19552544955312484,-0.18637261277839764,0.5193215193970541,2.9045322834898966,0.0023045125148996822,-1.578131362363936
-0.19552414953098893,-0.18636823080893367,0.5192970087775516,2.90453473350673,0.0025080870896530797,-1.578157191728506
-0.19552285591793203,-0.18636388206789073,0.5192724278529237,2.9045377068333917,0.002711716593008814,-1.57818289817101
-0.195521574627336,-0.1863595637866392,0.5192477735700829,2.904541244383144,0.0029153609424621262,-1.5782085472745766
-0.19552031035946102,-0.18635527322143644,0.5192230433301038,2.904545384995088,0.003119018608265975,-1.5782341919911318
-0.19551906593422835,-0.18635100766711488,0.5191982352380138,2.9045501642933735,0.003322747817447365,-1.5782598656942393
-0.19551784400980984,-0.18634676442182507,0.5191733474593948,2.9045556176255958,0.0035266119374012584,-1.5782856000733012
-0.19551664724437726,-0.1863425407837177,0.5191483781598292,2.904561780339349,0.0037306743355225262,-1.5783114268177216
-0.19551547829610239,-0.1863383340509434,0.519123325504899,2.904568687782229,0.003934998379206131,-1.578337377616903
-0.19551433982315702,-0.18633414152165279,0.5190981876601866,2.904576375301831,0.00413964743584676,-1.5783634841602483
-0.19551323448371297,-0.1863299604939965,0.5190729627912739,2.9045848782457497,0.004344684872839376,-1.5783897781371612
-0.195512164935942,-0.18632578826612517,0.5190476490637432,2.9045942319615796,0.004550174057578852,-1.5784162912370436
-0.19551113383801585,-0.1863216221361894,0.5190222446431769,2.904604471796916,0.004756178357460147,-1.5784430551492996
-0.19551014384810642,-0.1863174594023399,0.5189967476951567,2.904615633099354,0.004962761139877951,-1.5784701015633313
-0.19550919762438543,-0.18631329736272728,0.5189711563852653,2.904627751216488,0.005169985772227225,-1.5784974621685426
-0.19550829782502463,-0.18630913331550214,0.5189454688790844,2.904640861495914,0.005377915621902841,-1.578525168654336
-0.1955074471081959,-0.18630496455881515,0.5189196833421965,2.904654999285226,0.0055866140562997645,-1.5785532527101145
-0.19550664813207097,-0.18630078839081687,0.5188937979401838,2.9046701999320197,0.005796144442812678,-1.5785817460252816
-0.19550590355482164,-0.18629660210965804,0.5188678108386282,2.90468649878389,0.006006570148836545,-1.5786106802892395
-0.1955052160346197,-0.18629240301348923,0.5188417202031119,2.9047039311884317,0.006217954541766237,-1.578640087191392
-0.1955045881122809,-0.18628818824432736,0.5188155240993038,2.904722533263323,0.0064303522298719985,-1.5786699950275287
-0.1955040209643572,-0.18628395312913423,0.5187892194313743,2.904742350078465,0.006643715996598885,-1.5787003926426886
-0.19550351488723045,-0.1862796918238685,0.5187628023541414,2.9047634324793847,0.006857932931956818,-1.5787312434298129
-0.1955030701626128,-0.1862753984649721,0.5187362690099336,2.9047858314078696,0.007072889031065032,-1.578762510357641
-0.19550268707221663,-0.18627106718888695,0.5187096155410794,2.9048095978057065,0.007288470289042861,-1.5787941563949128
-0.19550236589775413,-0.18626669213205496,0.5186828380899076,2.9048347826146848,0.007504562701009346,-1.578826144510368
-0.19550210692093759,-0.18626226743091806,0.5186559327987461,2.9048614367765913,0.007721052262083821,-1.578858437672746
-0.1955019104234793,-0.1862577872219181,0.518628895809924,2.9048896112332137,0.00793782496738552,-1.5788909988507864
-0.19550177668709154,-0.18625324564149712,0.5186017232657698,2.9049193569263396,0.008154766812033776,-1.5789237910132288
-0.19550170599348654,-0.18624863682609694,0.5185744113086118,2.904950724797757,0.008371763791147629,-1.578956777128813
-0.1955016986243766,-0.1862439549121595,0.5185469560807788,2.9049837657892525,0.008588701899846417,-1.5789899201662787
-0.19550175486147395,-0.18623919403612674,0.5185193537245991,2.9050185308426157,0.00880546713324937,-1.5790231830943655
-0.19550187498649094,-0.18623434833444055,0.5184916003824014,2.905055070899633,0.009021945486475825,-1.5790565288818126
-0.1955020592811397,-0.18622941194354287,0.518463692196514,2.905093436902092,0.00923802295464482,-1.57908992049736
-0.19550230802713267,-0.1862243789998756,0.5184356253092656,2.9051336797917817,0.009453585532875692,-1.5791233209097475
-0.195502621506182,-0.18621924363988068,0.5184073958629847,2.905175850510488,0.009668519216287672,-1.5791566930877141
-0.195503,-0.186214,0.518379,2.90522,0.009882710000000095,-1.57919
-0.1955034428965101,-0.18620864172128213,0.5183504330631024,2.905266184859349,0.010096057087326827,-1.5792232215531612
-0.19550394600848026,-0.18620316046320207,0.5183216871969332,2.905314484316545,0.010308512514361328,-1.5792564054050195
-0.19550450425488963,-0.18619754738984162,0.5182927537465957,2.905364983256842,0.010520041525391781,-1.5792896161512133
-0.19550511255471734,-0.1861917936652824,0.518263624057194,2.905417766565495,0.010730609364706474,-1.5793229183873818
-0.19550576582694248,-0.18618589045360617,0.5182342894738315,2.905472919127758,0.010940181276593392,-1.5793563767091627
-0.19550645899054425,-0.18617982891889462,0.5182047413416121,2.905530525828885,0.01114872250534083,-1.5793900557121947
-0.19550718696450176,-0.18617360022522936,0.5181749710056394,2.90559067155413,0.011356198295236961,-1.5794240199921163
-0.19550794466779414,-0.18616719553669217,0.518144969811017,2.9056534411887487,0.011562573890570074,-1.5794583341445658
-0.19550872701940047,-0.18616060601736473,0.5181147291028487,2.905718919617994,0.011767814535628163,-1.5794930627651822
-0.19550952893829995,-0.1861538228313287,0.5180842402262379,2.9057871917271205,0.011971885474699512,-1.5795282704496034
-0.19551034534347167,-0.18614683714266583,0.5180534945262887,2.9058583424013826,0.012174751952072304,-1.5795640217934686
-0.19551117115389482,-0.18613964011545775,0.5180224833481045,2.9059324565260347,0.012376379212034815,-1.5796003813924153
-0.19551200128854845,-0.18613222291378625,0.5179911980367891,2.906009618986331,0.012576732498875054,-1.5796374138420828
-0.19551283066641179,-0.18612457670173296,0.5179596299374462,2.9060899146675254,0.012775777056881295,-1.5796751837381091
-0.1955136542064639,-0.18611669264337957,0.5179277703951792,2.906173428454873,0.012973478130341725,-1.579713755676133
-0.1955144668276839,-0.18610856190280783,0.517895610755092,2.9062602452336272,0.01316980096354462,-1.5797531942517926
-0.19551526350013365,-0.18610017584100771,0.5178631424612277,2.906350449434672,0.013364710157938973,-1.5797935624556223
-0.19551604225883493,-0.1860915376334691,0.5178303628939819,2.9064440982266464,0.013558131744633245,-1.5798348269718847
-0.19551680588949763,-0.1860826687681567,0.5177972786350976,2.906541206521712,0.013749931970707563,-1.5798768052101226
-0.19551755758649292,-0.18607359230830178,0.5177638970578317,2.9066417855970643,0.01393997194053003,-1.5799193017390423
-0.19551830054419203,-0.1860643313171356,0.5177302255354408,2.9067458467298977,0.014128112758468495,-1.5799621211273502
-0.19551903795696618,-0.18605490885788947,0.5176962714411818,2.906853401197407,0.014314215528891065,-1.5800050679437527
-0.19551977301918655,-0.18604534799379477,0.5176620421483114,2.9069644602767895,0.01449814135616576,-1.5800479467569564
-0.19552050892522427,-0.18603567178808264,0.5176275450300862,2.9070790352452383,0.014679751344660678,-1.5800905621356678
-0.19552124886945066,-0.1860259033039845,0.5175927874597632,2.90719713737995,0.014858906598743676,-1.5801327186485932
-0.19552199604623688,-0.18601606560473158,0.5175577768105991,2.9073187779581184,0.01503546822278286,-1.5801742208644391
-0.1955227536499541,-0.1860061817535552,0.5175225204558503,2.9074439682569397,0.015209297321146243,-1.580214873351912
-0.19552352487497354,-0.18599627481368672,0.5174870257687739,2.907572719553609,0.015380254998201923,-1.580254480679718
-0.19552431291566644,-0.18598636784835734,0.5174513001226267,2.907705043125321,0.01554820235831777,-1.5802928474165645
-0.1955251209664039,-0.18597648392079838,0.5174153508906653,2.9078409502492715,0.01571300050586188,-1.580329778131157
-0.19552595222155725,-0.18596664609424113,0.5173791854461464,2.9079804522026556,0.01587451054520227,-1.5803650773922022
-0.19552680987549764,-0.1859568774319169,0.5173428111623267,2.9081235602626676,0.01603259358070703,-1.5803985497684068
-0.1955276971225962,-0.18594720099705705,0.5173062354124632,2.908270285706504,0.016187110716744037,-1.580429999828477
-0.19552861681140524,-0.18593763888260942,0.5172694657766574,2.908420629635003,0.016337941820590604,-1.5804592458458517
-0.1955295677703307,-0.1859282019019778,0.5172325122395853,2.9085744748488502,0.016485184878343658,-1.5804862654114826
-0.19553054623413615,-0.1859188935914408,0.5171953863372605,2.9087316278260573,0.016629078597919348,-1.580511138901814
-0.19553154839435763,-0.1859097173659915,0.5171580996315522,2.908891893772588,0.01676986403259728,-1.5805339484063816
-0.19553257044253114,-0.18590067664062296,0.5171206636843299,2.9090550778944073,0.016907782235657264,-1.5805547760147212
-0.19553360857019275,-0.1858917748303284,0.5170830900574629,2.9092209853974804,0.017043074260379012,-1.5805737038163685
-0.1955346589688785,-0.1858830153501009,0.5170453903128203,2.9093894214877722,0.017175981160042274,-1.5805908139008589
-0.19553571783012458,-0.18587440161493357,0.5170075760122719,2.909560191371248,0.017306743987926847,-1.5806061883577283
-0.19553678134546693,-0.18586593703981952,0.5169696587176864,2.9097331002538716,0.017435603797312342,-1.5806199092765123
-0.1955378457064416,-0.1858576250397519,0.5169316499909338,2.9099079533416097,0.017562801641478554,-1.5806320587467468
-0.19553890710458477,-0.1858494690297238,0.5168935613938828,2.910084555840425,0.01768857857370522,-1.5806427188579675
-0.19553996173143237,-0.18584147242472832,0.5168554044884033,2.910262712956284,0.017813175647272125,-1.58065197169971
-0.19554100577852057,-0.18583363863975863,0.516817190836364,2.910442229895151,0.017936833915458902,-1.5806598993615102
-0.19554203543738535,-0.18582597108980786,0.516778931999635,2.9106229118629914,0.018059794431545338,-1.5806665839329035
-0.19554304689956278,-0.18581847318986908,0.5167406395400849,2.9108045640657694,0.01818229824881117,-1.5806721075034258
-0.19554403635658898,-0.1858111483549354,0.5167023250195835,2.910986991709451,0.01830458642053618,-1.5806765521626127
-0.195545,-0.185804,0.516664,2.91117,0.0184269,-1.58068
-0.1955459338546566,-0.18579703111435647,0.5166256744674365,2.9113534271522115,0.018549423898421305,-1.5806825167090595
-0.19554683327871858,-0.1857902429845005,0.516587352104926,2.9115372434162015,0.01867211845877425,-1.5806841023990055
-0.19554769346367057,-0.18578363647122842,0.5165490350197348,2.911721452050914,0.018794887881971926,-1.580684740782989
-0.19554850960099704,-0.18577721243533635,0.5165107253191283,2.9119060563152948,0.018917636368927265,-1.5806844155741608
-0.1955492768821826,-0.1857709717376205,0.5164724251103731,2.912091059468289,0.01904026812055336,-1.5806831104856716
-0.19554999049871175,-0.18576491523887723,0.5164341365007346,2.9122764647688415,0.019162687337763256,-1.5806808092306721
-0.19555064564206912,-0.18575904379990266,0.5163958615974789,2.9124622754758978,0.01928479822147004,-1.5806774955223128
-0.19555123750373918,-0.1857533582814931,0.516357602507872,2.912648494848402,0.01940650497258664,-1.5806731530737448
-0.19555176127520654,-0.18574785954444464,0.5163193613391797,2.9128351261453007,0.019527711792026163,-1.5806677655981185
-0.19555221214795573,-0.18574254844955365,0.5162811401986681,2.913022172625538,0.01964832288070164,-1.5806613168085848
-0.1955525853134713,-0.1857374258576163,0.5162429411936029,2.913209637548059,0.01976824243952616,-1.5806537904182945
-0.1955528759632378,-0.1857324926294288,0.5162047664312504,2.9133975241718093,0.019887374669412664,-1.5806451701403978
-0.19555307928873983,-0.18572774962578742,0.5161666180188762,2.9135858357557343,0.02000562377127424,-1.580635439688046
-0.19555319048146186,-0.18572319770748838,0.5161284980637464,2.913774575558778,0.02012289394602393,-1.5806245827743894
-0.19555320473288854,-0.18571883773532785,0.5160904086731268,2.9139637468398867,0.02023908939457482,-1.5806125831125792
-0.19555311723450433,-0.18571467057010213,0.5160523519542836,2.914153352858005,0.02035411431783985,-1.580599424415766
-0.19555292319771386,-0.18571069711295943,0.5160143300140738,2.9143433966139254,0.02046787356071085,-1.580585089673055
-0.1955526190291221,-0.18570692068616865,0.5159763449348368,2.914533865619296,0.020580310606803688,-1.5805695184308528
-0.19555220298789475,-0.18570334836473565,0.5159383987609084,2.9147247233775917,0.02069142882975664,-1.58055258289938
-0.19555167349255745,-0.1856999875464824,0.5159004935333555,2.9149159313270654,0.020801236755037714,-1.580534149496499
-0.19555102896163595,-0.1856968456292309,0.5158626312932454,2.915107450905973,0.020909742908115075,-1.580514084640071
-0.1955502678136561,-0.18569393001080306,0.5158248140816446,2.9152992435525684,0.02101695581445682,-1.580492254747957
-0.19554938846714343,-0.1856912480890209,0.5157870439396203,2.915491270705106,0.021122883999531102,-1.5804685262380187
-0.19554838934062382,-0.18568880726170642,0.5157493229082394,2.9156834938018417,0.021227535988805942,-1.580442765528117
-0.19554726885262294,-0.18568661492668148,0.5157116530285688,2.9158758742810287,0.021330920307749485,-1.5804148390361143
-0.19554602542166652,-0.18568467848176815,0.5156740363416753,2.9160683735809223,0.021433045481829848,-1.5803846131798711
-0.19554465746628028,-0.18568300532478832,0.5156364748886261,2.9162609531397767,0.021533920036515178,-1.5803519543772497
-0.19554316340498995,-0.18568160285356405,0.5155989707104878,2.9164535743958466,0.02163355249727349,-1.5803167290461106
-0.19554154165632126,-0.18568047846591726,0.5155615258483277,2.9166461987873866,0.02173195138957294,-1.5802788036043158
-0.19553979063879995,-0.1856796395596699,0.5155241423432124,2.916838787752652,0.021829125238881628,-1.5802380444697268
-0.19553790877095167,-0.18567909353264395,0.5154868222362091,2.9170313027298955,0.021925082570667713,-1.580194318060205
-0.19553589447130232,-0.1856788477826614,0.5154495675683846,2.9172237051573737,0.022019831910399204,-1.5801474907936115
-0.19553374615837743,-0.18567890970754422,0.5154123803808058,2.91741595647334,0.022113381783544266,-1.5800974290878076
-0.19553146262264784,-0.1856792856039832,0.51537526287451,2.917608017236532,0.02220574174133625,-1.580044012028188
-0.19552904697844525,-0.18567996896801936,0.5153382191101897,2.917799837781305,0.022296933259529663,-1.5799872659602179
-0.1955265051296891,-0.18568094503720997,0.515301254348315,2.9179913618456323,0.022386985507118293,-1.5799273122358586
-0.19552384302679193,-0.18568219891147097,0.5152643738693522,2.918182533057551,0.022475927781316716,-1.579864273790514
-0.19552106662016622,-0.18568371569071823,0.5152275829537676,2.918373295045099,0.022563789379339467,-1.579798273559588
-0.19551818186022454,-0.1856854804748677,0.5151908868820275,2.918563591436312,0.022650599598401117,-1.5797294344784834
-0.19551519469737946,-0.18568747836383515,0.5151542909345984,2.918753365859226,0.02273638773571612,-1.5796578794826042
-0.1955121110820435,-0.18568969445753658,0.5151178003919467,2.9189425619418796,0.022821183088499047,-1.5795837315073542
-0.19550893696462923,-0.18569211385588788,0.5150814205345382,2.9191311233123067,0.02290501495396443,-1.5795071134881369
-0.19550567829554913,-0.1856947216588049,0.5150451566428398,2.9193189935985457,0.02298791262932684,-1.5794281483603554
-0.19550234102521583,-0.18569750296620352,0.5150090139973176,2.9195061164286322,0.02306990541180074,-1.5793469590594138
-0.1954989311040418,-0.18570044287799975,0.5149729978784379,2.919692435430603,0.023151022598600697,-1.5792636685207155
-0.19549545448243957,-0.18570352649410934,0.514937113566667,2.9198778942324943,0.02323129348694124,-1.5791783996796644
-0.19549191711082176,-0.1857067389144483,0.5149013663424716,2.9200624364623433,0.02331074737403694,-1.5790912754716633
-0.19548832493960083,-0.18571006523893244,0.5148657614863178,2.9202460057481865,0.023389413557102258,-1.5790024188321168
-0.1954846839191894,-0.1857134905674777,0.5148303042786717,2.9204285457180594,0.023467321333351773,-1.5789119526964277
-0.195481,-0.185717,0.514795,2.92061,0.0235445,-1.57882
-0.19547727962134703,-0.18572057837218162,0.5147598530782025,2.9207903332256375,0.023620982675804723,-1.578726705015757
-0.19547353117815272,-0.18572420946277055,0.5147248645309132,2.920969594040978,0.023696817765696425,-1.578632297366703
-0.19546976355424117,-0.1857278767862813,0.5146900345232,2.9211478520956202,0.023772057496148902,-1.5785370280133628
-0.19546598563343648,-0.1857315638572283,0.5146553632201304,2.921325177039164,0.02384675409363592,-1.5784411479162597
-0.19546220629956274,-0.18573525419012604,0.5146208507867722,2.9215016385212085,0.023920959784631268,-1.5783449080359186
-0.19545843443644406,-0.18573893129948887,0.5145864973881935,2.921677306191353,0.02399472679560865,-1.5782485593328635
-0.19545467892790463,-0.18574257869983138,0.5145523031894615,2.9218522496991963,0.02406810735304185,-1.578152352767619
-0.19545094865776846,-0.18574617990566789,0.5145182683556444,2.922026538694338,0.024141153683404637,-1.5780565393007084
-0.19544725250985964,-0.18574971843151294,0.5144843930518096,2.9222002428263774,0.024213918013170806,-1.577961369892657
-0.19544359936800235,-0.1857531777918809,0.514450677443025,2.922373431744914,0.02428645256881405,-1.5778670955039886
-0.19543999811602067,-0.18575654150128632,0.5144171216943579,2.9225461750995465,0.02435880957680816,-1.5777739670952273
-0.19543645763773865,-0.18575979307424356,0.5143837259708767,2.9227185425398745,0.024431041263626902,-1.5776822356268978
-0.19543298681698051,-0.18576291602526712,0.5143504904376487,2.922890603715498,0.024503199855744073,-1.577592152059524
-0.19542959453757025,-0.18576589386887146,0.5143174152597416,2.923062428276014,0.024575337579633365,-1.5775039673536302
-0.195426289683332,-0.18576871011957097,0.5142845006022233,2.923234085871025,0.02464750666176857,-1.5774179324697406
-0.19542308113808993,-0.18577134829188016,0.5142517466301616,2.923405646150127,0.02471975932862346,-1.5773342983683796
-0.195419977714745,-0.1857737920771005,0.5142191535509337,2.923577177921218,0.02479214700109661,-1.5772533135855156
-0.19541698397081578,-0.1857760357737603,0.5141867241105084,2.9237486994899577,0.02486467276557417,-1.5771750811837746
-0.1954140978679775,-0.18577809012158894,0.5141544649896692,2.9239201508835437,0.02493726478994824,-1.5770994787421018
-0.19541131680052132,-0.18577996727461263,0.5141223832076792,2.9240914653955423,0.02500984479750924,-1.5770263644429967
-0.19540863816273824,-0.1857816793868578,0.5140904857838012,2.9242625763195207,0.025082334511547618,-1.5769555964689583
-0.19540605934891922,-0.18578323861235066,0.5140587797372977,2.924433416949045,0.025154655655353735,-1.5768870330024867
-0.19540357775335543,-0.18578465710511752,0.5140272720874318,2.924603920577681,0.025226729952218044,-1.5768205322260809
-0.19540119077033782,-0.18578594701918477,0.513995969853466,2.9247740204989956,0.025298479125430966,-1.5767559523222405
-0.19539889579415745,-0.1857871205085786,0.513964880054663,2.924943650006555,0.025369824898282944,-1.5766931514734648
-0.19539669021910533,-0.1857881897273254,0.5139340097102858,2.9251127423939254,0.02544068899406435,-1.5766319878622532
-0.1953945714394725,-0.18578916682945137,0.5139033658395972,2.925281230954673,0.025510993136065627,-1.5765723196711054
-0.19539253684955002,-0.18579006396898298,0.5138729554618597,2.925449048982366,0.025580659047577194,-1.5765140050825208
-0.1953905838436289,-0.18579089329994636,0.5138427855963362,2.9256161297705683,0.025649608451889506,-1.5764569022789987
-0.1953887098160002,-0.18579166697636795,0.5138128632622895,2.9257824066128477,0.025717763072292923,-1.5764008694430385
-0.19538691216095494,-0.185792397152274,0.5137831954789822,2.9259478128027703,0.025785044632077897,-1.5763457647571395
-0.19538518827278414,-0.18579309598169075,0.5137537892656774,2.926112281633902,0.02585137485453484,-1.5762914464038014
-0.19538353554577886,-0.18579377561864457,0.5137246516416374,2.92627574639981,0.025916675462954213,-1.5762377725655237
-0.1953819510669077,-0.18579444814226567,0.5136957892928224,2.926438139985298,0.02598087845872386,-1.57618460228836
-0.19538042835051597,-0.18579512476101712,0.5136672050305476,2.9265993905233123,0.026044035326115024,-1.5761318046571857
-0.1953789586060307,-0.18579581612164126,0.513638899166357,2.9267594230810827,0.026106274635130065,-1.576079255233534
-0.1953775330044637,-0.1857965328615184,0.5136108719701314,2.926918162674745,0.026167726240533574,-1.5760268296868833
-0.19537614271682666,-0.1857972856180289,0.5135831237117526,2.927075534320434,0.026228519997090055,-1.5759744036867116
-0.19537477891413138,-0.18579808502855316,0.5135556546611014,2.9272314630342846,0.026288785759564087,-1.5759218529024965
-0.19537343276738958,-0.1857989417304714,0.5135284650880593,2.9273858738324328,0.026348653382720227,-1.5758690530037167
-0.19537209544761303,-0.18579986636116402,0.5135015552625075,2.9275386917310136,0.026408252721323057,-1.5758158796598496
-0.1953707581258135,-0.1858008695580114,0.5134749254543269,2.927689841746161,0.026467713630137082,-1.5757622085403735
-0.1953694119730027,-0.18580196195839377,0.513448575933399,2.927839248894012,0.026527165963926888,-1.5757079153147662
-0.1953680481601925,-0.18580315419969157,0.513422506969605,2.9279868381907006,0.02658673957745702,-1.575652875652506
-0.1953666578583945,-0.18580445691928504,0.513396718832826,2.9281325346523626,0.02664656432549207,-1.5755969652230708
-0.19536523223862054,-0.1858058807545546,0.5133712117929433,2.9282762632951327,0.026706770062796533,-1.5755400596959386
-0.19536376247188234,-0.18580743634288052,0.5133459861198381,2.928417949135146,0.026767486644135002,-1.5754820347405876
-0.19536223972919167,-0.18580913432164317,0.5133210420833917,2.9285575171885387,0.026828843924272025,-1.575422766026495
-0.19536065518156034,-0.1858109853282229,0.5132963799534852,2.9286948924714444,0.026890971757972188,-1.5753621292231401
-0.195359,-0.185813,0.513272,2.92883,0.026954,-1.5753
-0.19535726666729752,-0.1858151878042002,0.5132479000180389,2.9289627995146326,0.0270180191533345,-1.5752362754315712
-0.19535545291333975,-0.18581755352743046,0.5132240679035925,2.9290933896529423,0.02708296231381258,-1.5751709382124242
-0.19535355777978872,-0.1858201007861432,0.5132004890778734,2.929221903776822,0.02714872322548562,-1.5751039924421473
-0.19535158030830627,-0.1858228331967907,0.5131771489620935,2.929348475248164,0.027215195632404925,-1.5750354422203288
-0.19534951954055446,-0.18582575437582532,0.5131540329774658,2.9294732374288626,0.027282273278621875,-1.5749652916465573
-0.19534737451819514,-0.1858288679396995,0.513131126545202,2.9295963236808085,0.027349849908187823,-1.574893544820422
-0.1953451442828903,-0.18583217750486547,0.5131084150865148,2.929717867365897,0.027417819265154162,-1.5748202058415104
-0.19534282787630192,-0.18583568668777567,0.5130858840226167,2.929838001846019,0.027486075093572176,-1.5747452788094116
-0.1953404243400919,-0.1858393991048824,0.5130635187747196,2.9299568604830686,0.027554511137493264,-1.5746687678237137
-0.19533793271592223,-0.185843318372638,0.5130413047640362,2.9300745766389378,0.027623021140968762,-1.5745906769840057
-0.19533535204545482,-0.18584744810749487,0.5130192274117787,2.93019128367552,0.02769149884805007,-1.5745110103898756
-0.19533268137035165,-0.18585179192590537,0.5129972721391598,2.9303071149547084,0.027759838002788483,-1.5744297721409126
-0.19532991973227465,-0.1858563534443218,0.5129754243673914,2.9304222038383942,0.027827932349235376,-1.5743469663367045
-0.19532706617288575,-0.18586113627919654,0.512953669517686,2.930536683688472,0.027895675631442112,-1.5742625970768402
-0.19532411973384692,-0.18586614404698193,0.5129319930112561,2.9306506878668337,0.02796296159346007,-1.5741766684609082
-0.19532107945682012,-0.18587138036413034,0.512910380269314,2.9307643497353726,0.028029683979340556,-1.5740891845884968
-0.1953179443955455,-0.18587684878181235,0.5128888167693687,2.9308778018027373,0.028095738193466908,-1.5740001497201364
-0.19531471432845912,-0.18588254893429412,0.5128672913667278,2.9309911253829095,0.028161119260140484,-1.5739095777728689
-0.19531139015727522,-0.18588847438463982,0.5128457981522881,2.931104322438138,0.02822597661453557,-1.5738174976313262
-0.19530797288033436,-0.18589461817365974,0.5128243316673186,2.931217388104716,0.02829047297448221,-1.5737239394676772
-0.1953044634959769,-0.1859009733421641,0.5128028864530884,2.931330317518937,0.02835477105781038,-1.57362893345409
-0.19530086300254337,-0.18590753293096315,0.5127814570508671,2.931443105817095,0.02841903358235013,-1.5735325097627315
-0.19529717239837413,-0.18591428998086718,0.5127600380019239,2.9315557481354824,0.02848342326593148,-1.5734346985657706
-0.19529339268180973,-0.18592123753268647,0.5127386238475286,2.9316682396103935,0.02854810282638448,-1.573335530035375
-0.19528952485119058,-0.1859283686272312,0.5127172091289499,2.931780575378121,0.028613234981539108,-1.5732350343437123
-0.19528556990485718,-0.1859356763053117,0.5126957883874576,2.931892750574959,0.02867898244922541,-1.5731332416629507
-0.1952815288411499,-0.18594315360773817,0.5126743561643207,2.9320047603372004,0.028745507947273406,-1.5730301821652586
-0.19527740265840926,-0.1859507935753209,0.5126529070008089,2.9321165998011387,0.028812974193513155,-1.572925886022803
-0.1952731923549757,-0.18595858924887018,0.5126314354381915,2.9322282641030673,0.028881543905774614,-1.5728203834077523
-0.1952688989291896,-0.18596653366919622,0.5126099360177375,2.9323397483792792,0.028951379801887847,-1.5727137044922743
-0.19526452337939154,-0.18597461987710925,0.5125884032807164,2.932451047766069,0.02902264459968287,-1.5726058794485376
-0.19526006670392193,-0.1859828409134196,0.5125668317683977,2.9325621573997287,0.029095501016989742,-1.572496938448709
-0.1952555299011212,-0.1859911898189375,0.5125452160220508,2.932673072416552,0.02917011177163842,-1.5723869116649574
-0.19525091409015127,-0.1859996594462014,0.5125235507947196,2.9327837883279755,0.029246629873824325,-1.5722758292970835
-0.19524622179472437,-0.1860082404590903,0.5125018333013313,2.93289430500647,0.029325095482490134,-1.5721637218661244
-0.19524145644471408,-0.1860169221094448,0.5124800623451241,2.933004625138075,0.029405475949318766,-1.572050620100365
-0.19523662148509655,-0.18602569362557148,0.5124582367558086,2.9331147514557245,0.029487737412538705,-1.5719365547315458
-0.19523172036084802,-0.18603454423577698,0.5124363553630947,2.933224686692352,0.029571846010378527,-1.571821556491406
-0.1952267565169448,-0.18604346316836795,0.5124144169966928,2.933334433580891,0.029657767881066794,-1.5717056561116858
-0.19522173339836305,-0.18605243965165094,0.5123924204863132,2.9334439948542763,0.02974546916283208,-1.5715888843241244
-0.19521665445007902,-0.18606146291393263,0.5123703646616661,2.9335533732454397,0.02983491599390287,-1.5714712718604618
-0.195211523117069,-0.18607052218351963,0.5123482483524618,2.9336625714873157,0.029926074512507745,-1.5713528494524378
-0.19520634284430913,-0.18607960668871848,0.5123260703884107,2.933771592312838,0.030018910856875258,-1.571233647831792
-0.1952011170767758,-0.18608870565783592,0.5123038295992227,2.9338804384549393,0.030113391165234003,-1.5711136977302642
-0.19519584925944505,-0.18609780831917844,0.5122815248146084,2.9339891126465543,0.030209481575812443,-1.570993029879594
-0.19519054283729326,-0.18610690390105275,0.512259154864278,2.9340976176206155,0.030307148226839168,-1.5708716750115217
-0.19518520125529665,-0.18611598163176546,0.5122367185779417,2.9342059561100577,0.030406357256542733,-1.570749663857786
-0.19517982795843136,-0.18612503073962317,0.5122142147853096,2.934314130847813,0.030507074803151735,-1.5706270271501275
-0.19517442639167376,-0.18613404045293247,0.5121916423160924,2.934422144566816,0.030609267004894625,-1.5705037956202854
-0.195169,-0.186143,0.512169,2.93453,0.0307129,-1.57038
-0.19516355394318277,-0.1861519003214085,0.5121462861757726,2.934637711373472,0.030817922254801,-1.570255672782533
-0.19515810024018015,-0.18616073920684512,0.5121234972182701,2.9347453388860303,0.030924211548048725,-1.570130853507235
-0.19515265262474693,-0.18616951615827315,0.5121006290113818,2.9348529542296484,0.03103162798659913,-1.5700055834749795
-0.19514722483063754,-0.18617823067765582,0.5120776774389976,2.9349606290962975,0.031140031677307903,-1.5698799039866393
-0.1951418305916067,-0.18618688226695643,0.5120546383850069,2.935068435177951,0.031249282727030724,-1.569753856343088
-0.1951364836414089,-0.1861954704281383,0.5120315077332994,2.93517644416658,0.03135924124262357,-1.5696274818451983
-0.19513119771379886,-0.1862039946631646,0.5120082813677647,2.935284727754158,0.03146976733094199,-1.5695008217938438
-0.19512598654253113,-0.18621245447399862,0.5119849551722924,2.935393357632657,0.031580721098842,-1.569373917489897
-0.19512086386136027,-0.1862208493626037,0.5119615250307721,2.935502405494049,0.03169196265317925,-1.5692468102342314
-0.19511584340404092,-0.18622917883094306,0.5119379868270933,2.9356119430303065,0.03180335210080944,-1.5691195413277201
-0.1951109389043277,-0.18623744238098003,0.5119143364451458,2.935722041933402,0.031914749548588514,-1.5689921520712364
-0.1951061640959752,-0.1862456395146778,0.5118905697688192,2.9358327738953074,0.03202601510337217,-1.5688646837656532
-0.19510153271273795,-0.18625376973399968,0.5118666826820029,2.9359442106079956,0.032137008872016086,-1.5687371777118435
-0.19509705848837067,-0.18626183254090894,0.5118426710685866,2.9360564237634383,0.03224759096137622,-1.5686096752106808
-0.19509275515662783,-0.18626982743736886,0.5118185308124599,2.936169485053608,0.03235762147830818,-1.5684822175630382
-0.19508863645126412,-0.18627775392534265,0.5117942577975125,2.9362834661704773,0.0324669605296679,-1.5683548460697885
-0.19508471600488755,-0.18628561158065712,0.5117698479858983,2.9363984375364343,0.032575470501824015,-1.5682276012073848
-0.1950810013813101,-0.18629340441094522,0.5117453020356388,2.9365143933987543,0.03268315055192013,-1.5681004739870552
-0.19507749073770986,-0.1863011432931398,0.5117206278833496,2.9366312099332976,0.032790211831801426,-1.567973378748931
-0.19507418142209226,-0.18630883969508108,0.5116958340917619,2.9367487531592413,0.032896883729416175,-1.5678462232377797
-0.19507107078246264,-0.1863165050846094,0.5116709292236074,2.936866889095761,0.03300339563271263,-1.5677189151983695
-0.19506815616682632,-0.186324150929565,0.5116459218416171,2.9369854837620357,0.03310997692963931,-1.5675913623754676
-0.19506543492318876,-0.18633178869778824,0.5116208205085224,2.937104403177242,0.033216857008144376,-1.5674634725138423
-0.19506290439955523,-0.18633942985711946,0.5115956337870546,2.9372235133605566,0.03332426525617637,-1.5673351533582607
-0.19506056194393115,-0.18634708587539886,0.5115703702399451,2.9373426803311564,0.033432431061683525,-1.5672063126534905
-0.1950584049043218,-0.18635476822046673,0.5115450384299253,2.9374617701082193,0.033541583812614115,-1.5670768581443004
-0.19505643062873262,-0.18636248836016348,0.5115196469197262,2.937580648710922,0.03365195289691665,-1.5669466975754571
-0.195054636465169,-0.1863702577623293,0.5114942042720793,2.937699182158441,0.033763767702539395,-1.5668157386917287
-0.1950530197616362,-0.18637808789480453,0.5114687190497161,2.937817236469955,0.03387725761743059,-1.5666838892378836
-0.1950515778661396,-0.18638599022542943,0.5114431998153677,2.9379346776646393,0.03399265202953878,-1.5665510569586882
-0.1950503081266846,-0.18639397622204437,0.5114176551317656,2.9380513717616723,0.0341101803268121,-1.5664171495989112
-0.19504920789127658,-0.1864020573524896,0.511392093561641,2.938167184780231,0.034230071897199114,-1.5662820749033202
-0.19504827450792084,-0.18641024508460544,0.511366523667725,2.938281982739492,0.03435255612864806,-1.5661457406166825
-0.19504750510922617,-0.186418549551261,0.5113409531897594,2.9383956400799724,0.03447784928001099,-1.566008063063287
-0.19504689432381567,-0.18642696536628656,0.5113153803002274,2.938508129140273,0.03460601498439731,-1.565869058304346
-0.1950464351648379,-0.18643547713122904,0.5112897969991879,2.9386194854190437,0.03473701840669474,-1.5657288067474755
-0.1950461206185168,-0.1864440692807639,0.5112641951838258,2.9387297454676045,0.03487082307065404,-1.5655873898727313
-0.19504594367107633,-0.18645272624956674,0.5112385667513264,2.9388389458372743,0.03500739250002628,-1.5654448891601696
-0.19504589730874047,-0.18646143247231312,0.511212903598875,2.9389471230793722,0.03514669021856206,-1.5653013860898457
-0.19504597451773312,-0.18647017238367855,0.511187197623656,2.939054313745217,0.03528867975001247,-1.5651569621418164
-0.19504616828427826,-0.1864789304183386,0.5111614407228554,2.939160554386129,0.03543332461812823,-1.5650116987961369
-0.19504647159459987,-0.18648769101096874,0.5111356247936577,2.939265881553427,0.03558058834666008,-1.5648656775328633
-0.1950468774349219,-0.18649643859624454,0.5111097417332482,2.9393703317984294,0.03573043445935909,-1.564718979832052
-0.1950473787914683,-0.18650515760884165,0.511083783438812,2.9394739416724565,0.035882826479975996,-1.564571687173758
-0.19504796865046303,-0.18651383248343545,0.5110577418075343,2.939576747726827,0.036037727932261496,-1.5644238810380378
-0.19504863999813002,-0.18652244765470158,0.5110316087365999,2.93967878651286,0.03619510233996672,-1.5642756429049474
-0.19504938582069326,-0.1865309875573156,0.5110053761231943,2.939780094581874,0.036354913226842214,-1.5641270542545425
-0.1950501991043767,-0.18653943662595293,0.5109790358645023,2.9398807084851897,0.036517124116639134,-1.5639781965668789
-0.1950510728354043,-0.18654777929528923,0.5109525798577091,2.9399806647741253,0.03668169853310816,-1.5638291513220128
-0.195052,-0.186556,0.510926,2.94008,0.0368486,-1.56368
-0.19505297252720025,-0.1865640879705578,0.5108992900577837,2.9401787447448378,0.037017797145015366,-1.5635307845167217
-0.19505397811729136,-0.18657205162062312,0.5108724512743646,2.9402769057134805,0.03718927901165281,-1.5633813885313612
-0.1950550034133722,-0.18657990415965353,0.5108454867622713,2.9403744836414734,0.037363039747360466,-1.5632316561389275
-0.1950560350585415,-0.18658765879710656,0.5108183996340316,2.940471479264364,0.0375390734995869,-1.5630814314344281
-0.19505705969589815,-0.18659532874243978,0.5107911930021739,2.9405678933176964,0.037717374415780075,-1.562930558512873
-0.1950580639685409,-0.18660292720511068,0.5107638699792266,2.940663726537019,0.0378979366433886,-1.5627788814692698
-0.19505903451956857,-0.18661046739457682,0.5107364336777178,2.940758979657877,0.038080754329860585,-1.5626262443986272
-0.19505995799208004,-0.1866179625202957,0.5107088872101758,2.9408536534158154,0.03826582162264413,-1.5624724913959542
-0.1950608210291741,-0.18662542579172492,0.5106812336891289,2.9409477485463817,0.03845313266918786,-1.5623174665562596
-0.1950616102739495,-0.186632870418322,0.5106534762271053,2.941041265785122,0.038642681616939865,-1.562161013974551
-0.1950623123695051,-0.18664030960954442,0.5106256179366333,2.941134205867582,0.03883446261334826,-1.5620029777458382
-0.1950629139589397,-0.18664775657484978,0.510597661930241,2.941226569529308,0.03902846980586166,-1.561843201965129
-0.1950634016853522,-0.1866552245236956,0.510569611320457,2.941318357505846,0.039224697341927996,-1.5616815307274325
-0.19506376219184127,-0.1866627266655394,0.5105414692198091,2.941409570532742,0.03942313936899589,-1.5615178081277568
-0.19506398212150577,-0.1866702762098387,0.510513238740826,2.941500209345543,0.03962379003451345,-1.5613518782611107
-0.19506404811744457,-0.18667788636605112,0.5104849229960354,2.941590274679794,0.03982664348592877,-1.5611835852225031
-0.19506394691030138,-0.18668557028801705,0.5104565251239178,2.9416797665427143,0.04003169391088682,-1.5610127739758615
-0.195063670483417,-0.18669333779255362,0.5104280498200543,2.941768641241875,0.04023893790881271,-1.560839341620262
-0.19506321896181267,-0.18670119352409154,0.5103995041935331,2.9418567873503907,0.04044837581739154,-1.5606632660642614
-0.19506259317086908,-0.18670914168212516,0.5103708955610562,2.9419440876147585,0.04066000829587974,-1.5604845321677692
-0.19506179393596712,-0.1867171864661487,0.5103422312393256,2.9420304247814744,0.040873836003533004,-1.5603031247906953
-0.1950608220824875,-0.18672533207565664,0.5103135185450429,2.9421156815970355,0.041089859599607745,-1.5601190287929492
-0.19505967843581104,-0.18673358271014318,0.5102847647949104,2.942199740807937,0.04130807974335983,-1.5599322290344406
-0.1950583638213186,-0.18674194256910265,0.5102559773056294,2.9422824851606757,0.041528497094045116,-1.5597427103750794
-0.19505687906439087,-0.18675041585202934,0.5102271633939025,2.9423637974017476,0.041751112310920054,-1.5595504576747745
-0.19505522499040867,-0.1867590067584176,0.510198330376431,2.94244356027765,0.0419759260532405,-1.5593554557934364
-0.19505340242475286,-0.18676771948776175,0.510169485569917,2.9425216565348773,0.04220293898026231,-1.5591576895909744
-0.1950514121928041,-0.18677655823955605,0.5101406362910623,2.9425979689199275,0.042432151751241924,-1.5589571439272982
-0.1950492551199433,-0.18678552721329483,0.5101117898565691,2.9426723801792956,0.042663565025435,-1.5587538036623176
-0.19504693203155124,-0.18679463060847243,0.5100829535831389,2.9427447730594793,0.04289717946209799,-1.5585476536559422
-0.1950444437530086,-0.18680387262458312,0.5100541347874737,2.942815030306973,0.043132995720486775,-1.5583386787680813
-0.1950417911096963,-0.1868132574611213,0.5100253407862755,2.9428830346682746,0.04337101445985716,-1.5581268638586452
-0.19503897492699507,-0.18682278931758114,0.5099965788962461,2.9429486688898794,0.043611236339465634,-1.5579121937875429
-0.19503599629408805,-0.18683247115222598,0.5099678559457891,2.943011822233444,0.04385366217040367,-1.5576946648519905
-0.19503285936686046,-0.18684229149400788,0.5099391730868423,2.943072459699347,0.0440982945288519,-1.5574744063078838
-0.19502957027971504,-0.186852229562646,0.5099105278091072,2.9431305951516635,0.044345137129758815,-1.5572516331909116
-0.19502613520002987,-0.1868622644227055,0.509881917541248,2.943186243268862,0.044594193707051484,-1.5570265619664272
-0.19502256029518286,-0.1868723751387516,0.5098533397119288,2.943239418729411,0.04484546799465788,-1.556799409099783
-0.1950188517325521,-0.18688254077534955,0.5098247917498139,2.9432901362117803,0.045098963726505265,-1.5565703910563322
-0.19501501567951562,-0.18689274039706455,0.5097962710835675,2.9433384103944373,0.045354684636520946,-1.5563397243014272
-0.1950110583034514,-0.1869029530684618,0.509767775141854,2.943384255955852,0.04561263445863289,-1.5561076253004205
-0.19500698577173747,-0.18691315785410656,0.5097393013533373,2.943427687574492,0.04587281692676836,-1.5558743105186654
-0.19500280425175193,-0.186923333818564,0.5097108471466819,2.9434687199288274,0.04613523577485465,-1.5556399964215144
-0.1949985199108727,-0.18693346002639932,0.5096824099505517,2.9435073676973253,0.046399894736819734,-1.5554048994743201
-0.19499413891647785,-0.18694351554217783,0.5096539871936112,2.9435436455584556,0.04666679754659066,-1.5551692361424354
-0.1949896674359454,-0.1869534794304647,0.5096255763045245,2.9435775681906873,0.046935947938095406,-1.554933222891213
-0.19498511163665336,-0.18696333075582514,0.5095971747119558,2.943609150272489,0.04720734964526125,-1.5546970761860053
-0.1949804776859798,-0.18697304858282435,0.5095687798445693,2.943638406482329,0.04748100640201546,-1.5544610124921654
-0.19497577175130265,-0.18698261197602756,0.5095403891310293,2.9436653514986766,0.04775692194228604,-1.554225248275046
-0.194971,-0.186992,0.509512,2.94369,0.0480351,-1.55399
-0.19496616915440473,-0.1870011957215868,0.5094836095074751,2.943712380454962,0.04831551829960308,-1.553755435867934
-0.19496128815666908,-0.18701019821675288,0.5094552132187661,2.9437325764929976,0.0485980505276112,-1.5535215310219734
-0.19495636650390016,-0.18701901056374304,0.5094268063265148,2.9437506855337348,0.048882544361058024,-1.5532882123407978
-0.1949514136932051,-0.1870276358408021,0.509398384023362,2.9437668049968027,0.049168847476977945,-1.5530554067030862
-0.19494643922169105,-0.1870360771261749,0.5093699415019491,2.9437810323018305,0.0494568075524046,-1.5528230409875179
-0.1949414525864651,-0.18704433749810617,0.5093414739549174,2.943793464868446,0.049746272264371644,-1.5525910420727729
-0.19493646328463438,-0.18705242003484082,0.509312976574908,2.943804200116278,0.05003708928991349,-1.55235933683753
-0.194931480813306,-0.18706032781462364,0.5092844445545625,2.9438133354649554,0.05032910630606353,-1.5521278521604691
-0.19492651466958708,-0.1870680639156995,0.509255873086522,2.9438209683341063,0.05062217098985616,-1.551896514920269
-0.19492157435058474,-0.18707563141631312,0.5092272573634274,2.9438271961433595,0.05091613101832504,-1.5516652519956093
-0.1949166693534061,-0.18708303339470936,0.5091985925779206,2.943832116312344,0.051210834068503804,-1.55143399026517
-0.1949118091751583,-0.18709027292913305,0.5091698739226422,2.9438358262606883,0.051506127817426875,-1.5512026566076296
-0.19490700331294844,-0.18709735309782902,0.509141096590234,2.94383842340802,0.05180185994212788,-1.5509711779016682
-0.1949022612638836,-0.18710427697904208,0.509112255773337,2.9438400051739695,0.05209787811964048,-1.550739481025965
-0.19489759252507097,-0.18711104765101702,0.5090833466645924,2.9438406689781638,0.05239403002699907,-1.550507492859199
-0.1948930065936176,-0.1871176681919987,0.5090543644566417,2.9438405122402322,0.05269016334123706,-1.5502751402800505
-0.19488851288343986,-0.18712414154645546,0.5090253043943735,2.9438396313624167,0.052986127989666024,-1.550042351247823
-0.19488411581700452,-0.18713046263226693,0.5089961648575401,2.9438380617037705,0.053281908916227534,-1.5498091185593212
-0.1948798120800317,-0.18713661392610054,0.50896694908493,2.9438357440064014,0.053577700340640765,-1.5495755355094754
-0.19487559769271484,-0.18714257683441174,0.5089376607333141,2.943832610873326,0.053873714484843155,-1.5493417040382143
-0.19487146867524746,-0.18714833276365608,0.5089083034594634,2.943828594907562,0.0541701635707713,-1.549107726085468
-0.19486742104782312,-0.187153863120289,0.5088788809201484,2.943823628712126,0.054467259820361845,-1.5488737035911664
-0.19486345083063525,-0.18715914931076608,0.5088493967721399,2.9438176448900344,0.0547652154555522,-1.5486397384952386
-0.19485955404387742,-0.18716417274154276,0.5088198546722089,2.943810576044304,0.05506424269827873,-1.5484059327376152
-0.19485572670774304,-0.1871689148190746,0.5087902582771257,2.943802354777952,0.05536455377047884,-1.5481723882582248
-0.19485196484242567,-0.18717335694981707,0.5087606112436613,2.943792913693995,0.05566636089408916,-1.5479392069969975
-0.19484826446811881,-0.18717748054022576,0.5087309172285864,2.94378218539545,0.055969876291046314,-1.5477064908938634
-0.19484462160501598,-0.18718126699675608,0.5087011798886719,2.943770102485333,0.05627531218328772,-1.5474743418887513
-0.19484103227331062,-0.18718469772586357,0.5086714028806884,2.9437565975666615,0.05658288079275,-1.5472428619215914
-0.1948374924931963,-0.18718775413400376,0.5086415898614067,2.9437416032424526,0.05689279434136976,-1.5470121529323135
-0.19483399828486642,-0.1871904176276321,0.5086117444875975,2.943725052115722,0.05720526505108445,-1.5467823168608468
-0.1948305456685146,-0.1871926696132042,0.5085818704160316,2.943706876789488,0.05752050514383039,-1.5465534556471214
-0.1948271306643342,-0.18719449149717549,0.5085519713034798,2.9436870098667662,0.05783872684154504,-1.5463256712310665
-0.1948237496781942,-0.18719586534898802,0.5085220511012067,2.943665390020958,0.05816011403180855,-1.5460990625531887
-0.19482040359943906,-0.1871967809453025,0.5084921171839711,2.9436420264936856,0.05848452121530717,-1.5458736936856943
-0.1948170962099782,-0.18719723303517885,0.5084621791352367,2.9436169740544553,0.05881159038505462,-1.5456496062051135
-0.1948138313399305,-0.18719721645055012,0.5084322465752793,2.943590288231571,0.05914095999226913,-1.545426841313048
-0.19481061281941486,-0.18719672602334947,0.5084023291243747,2.943562024553337,0.059472268488168986,-1.5452054402111006
-0.1948074444785502,-0.18719575658551008,0.5083724364027984,2.9435322385480576,0.05980515432397329,-1.544985444100872
-0.19480433014745532,-0.1871943029689651,0.5083425780308264,2.9435009857440377,0.06013925595090003,-1.544766894183965
-0.19480127365624914,-0.18719236000564762,0.5083127636287345,2.9434683216695805,0.060474211820168336,-1.5445498316619815
-0.19479827883505055,-0.1871899225274909,0.508283002816798,2.9434343018529905,0.060809660382996455,-1.5443342977365226
-0.1947953495139784,-0.187186985366428,0.508253305215293,2.943398981822572,0.061145240090602654,-1.5441203336091918
-0.1947924895231516,-0.1871835433543921,0.5082236804444953,2.943362417106629,0.061480589394206066,-1.5439079804815898
-0.19478970269268903,-0.18717959132331635,0.5081941381246804,2.943324663233467,0.061815346745024945,-1.5436972795553188
-0.1947869928527095,-0.18717512410513387,0.5081646878761241,2.943285775731388,0.062149150594277544,-1.5434882720319811
-0.19478436383333197,-0.18717013653177786,0.5081353393191022,2.9432458101286976,0.06248163939318301,-1.5432809991131784
-0.1947818194646753,-0.18716462343518145,0.5081061020738904,2.9432048219537004,0.0628124515929593,-1.5430755020005127
-0.19477936357685832,-0.18715857964727778,0.5080769857607645,2.9431628667346996,0.06314122564482554,-1.5428718218955861
-0.194777,-0.187152,0.508048,2.94312,0.0634676,-1.54267
-0.1947747313317545,-0.18714488154692774,0.5080191550735147,2.943076244397149,0.06379128981402932,-1.5424700715507005
-0.19477255523991746,-0.1871372302282264,0.507990463909793,2.9430314910506703,0.06411231705977462,-1.5422720479260064
-0.19477046815981988,-0.18712905420570788,0.5079619400989612,2.942985598204329,0.0644307804144245,-1.5420759345395798
-0.19476846652679278,-0.18712036164118412,0.5079335972311456,2.9429384241018925,0.06474677855516764,-1.5418817368050841
-0.19476654677616706,-0.18711116069646694,0.5079054488964725,2.942889826987126,0.06506041015919344,-1.541689460136181
-0.1947647053432737,-0.18710145953336832,0.5078775086850683,2.9428396651037967,0.0653717739036903,-1.541499109946534
-0.1947629386634438,-0.18709126631370007,0.5078497901870593,2.9427877966956713,0.0656809684658477,-1.5413106916498045
-0.19476124317200824,-0.18708058919927414,0.5078223069925717,2.942734080006514,0.06598809252285426,-1.5411242106596554
-0.19475961530429803,-0.1870694363519024,0.5077950726917317,2.942678373280093,0.06629324475189861,-1.54093967238975
-0.19475805149564418,-0.18705781593339674,0.507768100874666,2.9426205347601746,0.06659652383017026,-1.5407570822537493
-0.19475654818137766,-0.18704573610556902,0.5077414051315003,2.942560422690524,0.06689802843485779,-1.5405764456653173
-0.19475510179682942,-0.18703320503023124,0.5077149990523618,2.9424978953149084,0.06719785724314987,-1.5403977680381156
-0.1947537087773305,-0.18702023086919517,0.5076888962273759,2.9424328108770945,0.06749610893223597,-1.5402210547858073
-0.19475236555821182,-0.18700682178427283,0.5076631102466693,2.942365027620847,0.06779288217930445,-1.5400463113220548
-0.19475106857480443,-0.18699298593727598,0.5076376547003684,2.942294403789934,0.06808827566154474,-1.5398735430605202
-0.19474981426243926,-0.1869787314900166,0.5076125431785993,2.9422207976281207,0.06838238805614552,-1.5397027554148663
-0.19474859904682523,-0.18696406660830045,0.5075877892566557,2.9421440670915984,0.06867531921768577,-1.5395339534573365
-0.1947474187763477,-0.18694899969756562,0.5075634056198655,2.9420640528820647,0.06896723964416636,-1.5393671217750207
-0.1947462684045403,-0.18693353953468045,0.5075394035741095,2.941980568956749,0.06925842933089002,-1.5392022132030203
-0.1947451428079602,-0.18691769492846422,0.5075157943066073,2.9418934269722814,0.06954917769228228,-1.5390391778450832
-0.19474403686316458,-0.18690147468773613,0.5074925890045775,2.941802438585293,0.0698397741427694,-1.5388779658049574
-0.19474294544671067,-0.18688488762131553,0.5074697988552392,2.941707415452414,0.07013050809677673,-1.5387185271863915
-0.19474186343515565,-0.1868679425380217,0.5074474350458116,2.941608169230275,0.07042166896873057,-1.5385608120931324
-0.19474078570505668,-0.18685064824667383,0.5074255087635136,2.941504511575506,0.07071354617305643,-1.5384047706289288
-0.19473970713297098,-0.1868330135560913,0.5074040311955645,2.9413962541447387,0.07100642912417986,-1.5382503528975284
-0.19473862259545566,-0.18681504727509332,0.5073830135291829,2.9412832085946023,0.07130060723652713,-1.5380975090026794
-0.19473752696906804,-0.18679675821249922,0.5073624669515882,2.9411651865817285,0.07159636992452385,-1.5379461890481294
-0.1947364151303652,-0.1867781551771282,0.5073424026499993,2.941041999762747,0.0718940066025955,-1.5377963431376263
-0.19473528195590428,-0.18675924697779958,0.5073228318116354,2.9409134597942885,0.07219380668516841,-1.5376479213749183
-0.19473412232224263,-0.18674004242333267,0.5073037656237153,2.940779378332984,0.07249605958666784,-1.5375008738637537
-0.19473293110593737,-0.18672055032254667,0.5072852152734582,2.940639567035463,0.07280105472152013,-1.5373551507078795
-0.19473170318354557,-0.18670077948426092,0.507267191948083,2.9404938375583574,0.07310908150415081,-1.5372107020110441
-0.19473043343162458,-0.18668073871729468,0.507249706834809,2.9403420015582964,0.07342042934898536,-1.5370674778769962
-0.19472911714381214,-0.18666043572439767,0.5072327696714611,2.9401838896367547,0.07373536196755053,-1.5369254391822031
-0.19472775446230867,-0.18663986535026114,0.507216373346664,2.940019552629012,0.07405384427516375,-1.5367846720360152
-0.19472634865741925,-0.18661901414405485,0.5072004998785893,2.939849183456675,0.07437564841539508,-1.5366453433431877
-0.19472490305158424,-0.18659786851668977,0.5071851311042342,2.939672977409454,0.07470054331895304,-1.5365076213550657
-0.19472342096724385,-0.1865764148790769,0.5071702488605966,2.939491129777062,0.07502829791654494,-1.5363716743229954
-0.1947219057268384,-0.18655463964212723,0.5071558349846739,2.939303835849209,0.0753586811388793,-1.5362376704983225
-0.19472036065280812,-0.18653252921675179,0.5071418713134636,2.939111290915609,0.07569146191666369,-1.5361057781323924
-0.1947187890675933,-0.18651007001386158,0.5071283396839632,2.938913690265972,0.07602640918060576,-1.5359761654765507
-0.1947171942936342,-0.1864872484443676,0.5071152219331703,2.9387112291900093,0.07636329186141402,-1.5358490007821435
-0.19471557965337113,-0.1864640509191808,0.5071024998980823,2.9385041029774333,0.07670187888979604,-1.535724452300516
-0.1947139484692443,-0.18644046384921228,0.507090155415697,2.938292506917956,0.07704193919645948,-1.5356026882830145
-0.194712304063694,-0.18641647364537298,0.5070781703230118,2.938076636301288,0.07738324171211283,-1.535483876980984
-0.1947106497591605,-0.18639206671857392,0.5070665264570241,2.9378566864171414,0.07772555536746341,-1.535368186645771
-0.1947089888780841,-0.18636722947972606,0.5070552056547315,2.937632852555227,0.07806864909321971,-1.5352557855287199
-0.19470732474290503,-0.18634194833974044,0.5070441897531317,2.937405330005258,0.07841229182008934,-1.5351468418811771
-0.19470566067606357,-0.1863162097095281,0.5070334605892219,2.937174314056945,0.07875625247877995,-1.535041523954489
-0.194704,-0.18629,0.507023,2.93694,0.0791003,-1.53494
-0.19470234671436148,-0.18626331029417142,0.5070127929417622,2.936702557613269,0.0794442321844629,-1.5348423884556437
-0.19470070752762283,-0.18623615036347485,0.5070028368480003,2.9364620546321407,0.07978796231290514,-1.5347486085057023
-0.19469908982546585,-0.1862085346514469,0.5069931322715056,2.9362185332811386,0.08013143253606989,-1.5346585295210446
-0.19469750099357222,-0.18618047760162437,0.5069836797650685,2.935972035784785,0.0804745850046991,-1.5345720208725404
-0.19469594841762364,-0.1861519936575439,0.50697447988148,2.935722604367602,0.08081736186953593,-1.5344889519310592
-0.19469443948330192,-0.1861230972627423,0.506965533173531,2.935470281254114,0.08115970528132267,-1.53440919206747
-0.19469298157628878,-0.1860938028607562,0.5069568401940122,2.935215108668843,0.08150155739080155,-1.5343326106526418
-0.1946915820822659,-0.18606412489512233,0.5069484014957147,2.9349571288363134,0.08184286034871577,-1.534259077057445
-0.19469024838691507,-0.18603407780937742,0.506940217631429,2.9346963839810467,0.08218355630580756,-1.5341884606527478
-0.19468898787591796,-0.18600367604705817,0.5069322891539463,2.9344329163275673,0.08252358741281922,-1.5341206308094208
-0.1946878079349564,-0.18597293405170132,0.5069246166160571,2.9341667681003973,0.08286289582049389,-1.5340554568983324
-0.19468671594971207,-0.18594186626684356,0.5069172005705525,2.93389798152406,0.08320142367957353,-1.5339928082903522
-0.19468571930586667,-0.1859104871360216,0.5069100415702231,2.933626598823078,0.08353911314080133,-1.5339325543563498
-0.194684825389102,-0.18587881110277216,0.5069031401678601,2.933352662221975,0.08387590635491951,-1.5338745644671938
-0.19468404158509978,-0.18584685261063197,0.5068964969162539,2.933076213945274,0.0842117454726704,-1.5338187079937546
-0.1946833752795417,-0.1858146261031377,0.5068901123681957,2.9327972962174984,0.08454657264479709,-1.533764854306901
-0.19468283380964754,-0.1857821459099212,0.5068839870195321,2.9325159511544516,0.08488033153786646,-1.5337128736106769
-0.19468242160491508,-0.18574941952632,0.5068781179494608,2.9322322143488564,0.08521305676791911,-1.5336626860996112
-0.19468213858787345,-0.18571644385451544,0.5068724969413744,2.9319461112826524,0.08554492392268101,-1.5336142894534823
-0.19468198429335534,-0.1856832148854497,0.5068671153231117,2.9316576665680363,0.08587612071647337,-1.5335676880174678
-0.19468195825619364,-0.18564972861006487,0.5068619644225121,2.931366904817204,0.08620683486361859,-1.533522886136744
-0.19468206001122107,-0.18561598101930316,0.5068570355674143,2.931073850642352,0.08653725407843821,-1.533479888156488
-0.1946822890932705,-0.1855819681041067,0.506852320085658,2.930778528655677,0.0868675660752538,-1.533438698421877
-0.1946826450371746,-0.18554768585541762,0.5068478093050818,2.9304809634693747,0.08719795856838779,-1.5333993212780874
-0.19468312737776633,-0.18551313026417807,0.506843494553525,2.9301811796956425,0.08752861927216138,-1.5333617610702965
-0.19468373564987837,-0.18547829732133017,0.5068393671588267,2.9298792019466746,0.08785973590089702,-1.533326022143681
-0.19468446938834347,-0.1854431830178161,0.5068354184488258,2.929575054834669,0.08819149616891624,-1.533292108843418
-0.19468532812799455,-0.185407783344578,0.5068316397513618,2.9292687629718217,0.08852408779054056,-1.533260025514684
-0.19468631140366432,-0.18537209429255797,0.5068280223942736,2.9289603509703284,0.08885769848009244,-1.5332297765026566
-0.19468741875018555,-0.18533611185269822,0.5068245577054002,2.928649843442386,0.0891925159518934,-1.533201366152512
-0.19468864970239108,-0.18529983201594089,0.5068212370125809,2.9283372650001906,0.08952872792026498,-1.5331747988094273
-0.19469000379511375,-0.18526325077322806,0.5068180516436546,2.928022640255938,0.08986652209952958,-1.5331500788185795
-0.19469148056318625,-0.18522636411550192,0.5068149929264606,2.927705993821825,0.09020608620400847,-1.5331272105251457
-0.19469307973957248,-0.18518916792633436,0.5068120519348138,2.9273873575078,0.09054758487156224,-1.5331062017322405
-0.1946948033605101,-0.18515165684111817,0.5068092167895003,2.9270668467976906,0.09089091447618206,-1.5330871004415092
-0.19469665494821983,-0.18511382468996945,0.5068064737061256,2.9267446311584684,0.09123579831839544,-1.5330699805891328
-0.19469863804968876,-0.18507566528958277,0.5068038088685428,2.926420880956826,0.09158195681417308,-1.533054916543534
-0.1947007562119039,-0.1850371724566529,0.5068012084606042,2.9260957665594547,0.09192911037948479,-1.5330419826731363
-0.1947030129818525,-0.18499834000787457,0.5067986586661628,2.9257694583330465,0.09227697943030037,-1.533031253346362
-0.19470541190652155,-0.18495916175994245,0.5067961456690712,2.9254421266442936,0.09262528438259057,-1.5330228029316346
-0.1947079565328982,-0.18491963152955132,0.5067936556531822,2.9251139418598875,0.09297374565232483,-1.5330167057973771
-0.19471065040796948,-0.18487974313339578,0.5067911748023486,2.9247850743465196,0.0933220836554739,-1.5330130363120122
-0.19471349707872257,-0.18483949038817063,0.506788689300423,2.924455694470883,0.09367001880800757,-1.5330118688439636
-0.19471650009214453,-0.1847988671105705,0.5067861853312582,2.924125972599669,0.09401727152589563,-1.5330132777616536
-0.19471966299522248,-0.18475786711729017,0.5067836490787071,2.923796079099569,0.09436356222510882,-1.5330173374335057
-0.19472298933494345,-0.18471648422502432,0.5067810667266223,2.923466184337275,0.09470861132161691,-1.5330241222279424
-0.1947264826582946,-0.1846747122504677,0.5067784244588562,2.9231364586794797,0.09505213923138973,-1.5330337065133874
-0.19473014651226297,-0.18463254501031492,0.5067757084592621,2.9228070724928736,0.09539386637039798,-1.5330461646582634
-0.19473398444383577,-0.1845899763212608,0.5067729049116925,2.9224781961441497,0.09573351315461118,-1.533061571030993
-0.194738,-0.184547,0.50677,2.92215,0.0960708,-1.53308
-0.19474219536144804,-0.1845036146041579,0.5067669820668538,2.9218226401128393,0.09640547827550554,-1.533101489155825
-0.1947465672436935,-0.18445983765508292,0.5067638480901875,2.9214962152779806,0.09673742316195397,-1.5331259289774808
-0.19475111099595513,-0.18441569141505396,0.506760597206751,2.9211708099764597,0.09706654079314364,-1.533153173166099
-0.19475582196745173,-0.18437119814635006,0.5067572285532943,2.9208465086893134,0.097392737302872,-1.5331830754228102
-0.1947606955074022,-0.18432638011125033,0.5067537412665675,2.9205233958975776,0.09771591882493647,-1.5332154894487453
-0.1947657269650253,-0.18428125957203367,0.5067501344833203,2.920201556082289,0.09803599149313544,-1.5332502689450358
-0.19477091168953986,-0.1842358587909792,0.5067464073403026,2.919881073724483,0.098352861441266,-1.533287267612812
-0.1947762450301647,-0.18419020003036582,0.5067425589742648,2.919562033305197,0.09866643480312652,-1.5333263391532057
-0.19478172233611865,-0.18414430555247266,0.5067385885219565,2.919244519305466,0.09897661771251445,-1.5333673372673469
-0.1947873389566205,-0.1840981976195787,0.5067344951201276,2.9189286162063275,0.09928331630322726,-1.5334101156563675
-0.19479309024088914,-0.18405189849396295,0.5067302779055283,2.9186144084888173,0.09958643670906323,-1.5334545280213983
-0.19479897153814327,-0.18400543043790443,0.5067259360149081,2.918301980633971,0.09988588506381983,-1.53350042806357
-0.1948049781976018,-0.18395881571368217,0.5067214685850174,2.9179914171228267,0.10018156750129459,-1.5335476694840142
-0.19481110556848358,-0.18391207658357517,0.5067168747526061,2.9176828024364183,0.10047339015528571,-1.533596105983861
-0.19481734900000733,-0.18386523530986248,0.506712153654424,2.917376221055784,0.10076125915959047,-1.533645591264242
-0.1948237038413919,-0.18381831415482305,0.5067073044272209,2.9170717574619585,0.1010450806480071,-1.533695979026288
-0.19483016549150375,-0.18377133531579715,0.5067023262396756,2.9167694954368937,0.10132476202286547,-1.5337471233474633
-0.19483673232806822,-0.18372431709379541,0.5066972201761688,2.916469476817402,0.10160028679843656,-1.5337989008852024
-0.19484340734604172,-0.1836772717505176,0.5066919902904211,2.9161716784253304,0.101871756462501,-1.5338512232958956
-0.19485019393756187,-0.18363021102815294,0.5066866408915799,2.915876071489843,0.10213928265109741,-1.5339040052465955
-0.19485709549476632,-0.18358314666889072,0.5066811762887927,2.9155826272401026,0.10240297700026452,-1.5339571614043557
-0.19486411540979268,-0.18353609041492008,0.506675600791207,2.9152913169052717,0.10266295114604168,-1.5340106064362287
-0.19487125707477856,-0.18348905400843032,0.5066699187079703,2.915002111714514,0.10291931672446733,-1.534064255009268
-0.1948785238818617,-0.18344204919161053,0.50666413434823,2.9147149828969923,0.10317218537158089,-1.534118021790526
-0.19488591922317955,-0.18339508770665006,0.5066582520211335,2.9144299016818698,0.103421668723421,-1.5341718214470554
-0.19489344649086987,-0.18334818129573804,0.5066522760358284,2.9141468392983096,0.10366787841602637,-1.53422556864591
-0.19490110907707023,-0.1833013417010637,0.5066462107014621,2.913865766975474,0.10391092608543634,-1.5342791780541423
-0.19490891037391828,-0.1832545806648163,0.506640060327182,2.913586655942527,0.10415092336768962,-1.5343325643388053
-0.19491685377355164,-0.18320790992918504,0.506633829222136,2.9133094774286317,0.10438798189882492,-1.534385642166952
-0.19492494266810795,-0.1831613412363591,0.506627521695471,2.91303420266295,0.10462221331488154,-1.5344383262056354
-0.19493318044972482,-0.18311488632852777,0.5066211420563347,2.9127608028746463,0.10485372925189802,-1.5344905311219084
-0.1949415705105399,-0.18306855694788016,0.5066146946138746,2.912489249292883,0.10508264134591365,-1.534542171582824
-0.1949501162426908,-0.18302236483660556,0.5066081836772383,2.9122195131468227,0.10530906123296717,-1.534593162255435
-0.19495882139041848,-0.1829763198502154,0.5066016131102155,2.9119515698776373,0.10553309196881122,-1.5346434345812936
-0.19496769379116555,-0.18293040991159187,0.5065949815993168,2.91168544389108,0.10575473686337387,-1.5346931150055023
-0.19497674392314976,-0.18288460879353385,0.506588284490872,2.9114211911829635,0.10597393487443729,-1.5347424557819056
-0.1949859823086017,-0.1828388900330054,0.5065815170755413,2.911158868275599,0.10619062388724786,-1.5347917112611609
-0.19499541946975213,-0.1827932271669706,0.5065746746439848,2.910898531691297,0.1064047417870526,-1.5348411357939251
-0.19500506592883166,-0.18274759373239371,0.5065677524868629,2.91064023795237,0.10661622645909768,-1.5348909837308553
-0.19501493220807098,-0.18270196326623872,0.5065607458948354,2.91038404358113,0.10682501578863016,-1.534941509422609
-0.19502502882970074,-0.18265630930546978,0.5065536501585627,2.910130005099887,0.10703104766089637,-1.5349929672198435
-0.19503536631595164,-0.18261060538705098,0.5065464605687048,2.9098781790309527,0.10723425996114275,-1.535045611473215
-0.19504595518905438,-0.18256482504794644,0.5065391724159222,2.90962862189664,0.1074345905746163,-1.5350996965333814
-0.19505680597123956,-0.1825189418251203,0.5065317809908746,2.909381390219259,0.10763197738656341,-1.5351554767509998
-0.19506792918473786,-0.18247292925553665,0.5065242815842227,2.9091365405211227,0.1078263582822305,-1.5352132064767272
-0.19507933535178001,-0.18242676087615967,0.5065166694866261,2.9088941293245414,0.10801767114686453,-1.5352731400612212
-0.1950910349945966,-0.18238041022395338,0.5065089399887457,2.9086542131518267,0.10820585386571177,-1.5353355318551378
-0.19510303863541836,-0.18233385083588194,0.5065010883812409,2.908416848525291,0.10839084432401912,-1.5354006362091352
-0.19511535679647596,-0.1822870562489094,0.5064931099547723,2.9081820919672445,0.10857258040703306,-1.5354687074738702
-0.195128,-0.18224,0.506485,2.90795,0.108751,-1.53554
-0.1951409778583394,-0.18219265930561612,0.5064767552858428,2.907720608439081,0.10892606852845489,-1.5356147410414585
-0.1951542963443156,-0.18214502610021377,0.5064683784942537,2.907493870272867,0.10909786157908422,-1.5356930494652874
-0.1951679605208684,-0.18209709599774723,0.5064598737854451,2.907269717782947,0.10926648227886254,-1.535775017041805
-0.1951819754509374,-0.18204886461217087,0.5064512453196283,2.907048083250913,0.10943203375476483,-1.53586073554133
-0.19519634619746234,-0.18200032755743908,0.5064424972570153,2.9068288989583553,0.10959461913376548,-1.5359502967341805
-0.19521107782338293,-0.181951480447506,0.506433633757818,2.9066120971868643,0.10975434154283946,-1.5360437923906756
-0.19522617539163883,-0.1819023188963261,0.5064246589822484,2.906397610218032,0.10991130410896131,-1.5361413142811333
-0.19524164396516971,-0.18185283851785372,0.506415577090518,2.906185370333448,0.1100656099591056,-1.536242954175872
-0.1952574886069153,-0.1818030349260431,0.506406392242839,2.9059753098147043,0.11021736222024722,-1.5363488038452104
-0.1952737143798153,-0.18175290373484862,0.506397108599423,2.905767360943391,0.1103666640193608,-1.5364589550594665
-0.19529032634680937,-0.18170244055822463,0.5063877303204818,2.905561456001099,0.11051361848342083,-1.5365734995889595
-0.19530732957083727,-0.18165164101012538,0.5063782615662274,2.9053575272694196,0.11065832873940229,-1.5366925292040072
-0.19532472911483859,-0.18160050070450529,0.5063687064968717,2.905155507029943,0.11080089791427959,-1.5368161356749286
-0.19534253004175312,-0.1815490152553186,0.5063590692726265,2.9049553275642603,0.11094142913502768,-1.5369444107720418
-0.19536073741452048,-0.1814971802765197,0.5063493540537035,2.904756921153962,0.11108002552862112,-1.5370774462656653
-0.19537935629608041,-0.18144499138206294,0.5063395650003147,2.90456022008064,0.11121679022203443,-1.5372153339261176
-0.19539839168015694,-0.18139244431662643,0.5063297063253404,2.904365156447056,0.11135182638273566,-1.5373581640012346
-0.19541784440753754,-0.18133954266831953,0.5063197854017644,2.904171651626243,0.11148523960777766,-1.5375059353898695
-0.19543770888195755,-0.18128630218257014,0.5063098145007323,2.903979610360157,0.11161713926007023,-1.537658505399956
-0.1954579789534276,-0.18123273965059664,0.5062998063147366,2.9037889359601237,0.11174763502646831,-1.5378157191595636
-0.19547864847195814,-0.18117887186361778,0.5062897735362695,2.9035995317374677,0.11187683659382633,-1.5379774217967603
-0.19549971128755989,-0.181124715612852,0.5062797288578235,2.9034113010035143,0.11200485364899916,-1.5381434584396159
-0.1955211612502433,-0.18107028768951797,0.5062696849718911,2.9032241470695883,0.11213179587884137,-1.538313674216199
-0.19554299221001895,-0.18101560488483426,0.506259654570965,2.9030379732470153,0.11225777297020752,-1.5384879142545789
-0.1955651980168974,-0.18096068399001936,0.506249650347537,2.90285268284712,0.11238289460995245,-1.5386660236828245
-0.1955877725208892,-0.1809055417962919,0.5062396849941002,2.902668179181228,0.1125072704849308,-1.5388478476290044
-0.1956107095720049,-0.1808501950948705,0.5062297712031467,2.902484365560663,0.11263101028199703,-1.5390332312211883
-0.19563400302025508,-0.18079466067697364,0.506219921667169,2.902301145296752,0.11275422368800611,-1.5392220195874446
-0.1956576467156503,-0.18073895533382003,0.5062101490786597,2.902118421700819,0.11287702038981243,-1.5394140578558428
-0.19568163450820109,-0.18068309585662806,0.5062004661301109,2.9019360980841897,0.11299951007427088,-1.5396091911544516
-0.19570596024791803,-0.18062709903661647,0.5061908855140154,2.9017540777581887,0.11312180242823602,-1.5398072646113405
-0.19573061778481166,-0.18057098166500382,0.5061814199228654,2.901572264034141,0.11324400713856245,-1.5400081233545775
-0.19575560096889258,-0.18051476053300855,0.5061720820491536,2.9013905602233727,0.11336623389210497,-1.5402116125122327
-0.19578090351066546,-0.18045845234246433,0.5061628839339809,2.901208877655074,0.1134885856718541,-1.54041757956049
-0.19580651749888017,-0.1804020727561035,0.5061538300460244,2.9010272208661263,0.11361108752838013,-1.5406258992723747
-0.19583243397599306,-0.1803456367662704,0.5061449199685267,2.900845654527405,0.11373371423327294,-1.5408364640317784
-0.19585864396702216,-0.18028915935413667,0.5061361532033058,2.9006642443120203,0.11385643972013897,-1.5410491665161068
-0.1958851384969855,-0.18023265550087347,0.5061275292521804,2.900483055893078,0.11397923792258507,-1.541263899402765
-0.1959119085909012,-0.1801761401876522,0.5061190476169687,2.90030215494369,0.11410208277421785,-1.5414805553691586
-0.19593894527378733,-0.18011962839564433,0.506110707799489,2.900121607136963,0.1142249482086438,-1.541699027092693
-0.19596623957066206,-0.18006313510602115,0.5061025093015599,2.8999414781460064,0.11434780815946982,-1.541919207250774
-0.19599378250654328,-0.18000667529995398,0.5060944516249996,2.899761833643929,0.11447063656030246,-1.5421409885208068
-0.19602156510644922,-0.17995026395861435,0.5060865342716263,2.899582739303839,0.11459340734474825,-1.5423642635801973
-0.1960495783953979,-0.17989391606317343,0.5060787567432589,2.8994042607988457,0.11471609444641409,-1.5425889251063505
-0.1960778133984074,-0.17983764659480278,0.5060711185417154,2.8992264638020577,0.1148386717989064,-1.542814865776672
-0.1961062611404958,-0.17978147053467364,0.5060636191688141,2.8990494139865834,0.11496111333583206,-1.5430419782685678
-0.1961349126466812,-0.17972540286395738,0.5060562581263736,2.898873177025532,0.1150833929907976,-1.543270155259443
-0.19616375894198163,-0.1796694585638255,0.5060490349162121,2.898697818592012,0.11520548469740961,-1.5434992894267032
-0.19619279105141524,-0.1796136526154492,0.5060419490401481,2.8985234043591315,0.11532736238927492,-1.5437292734477537
-0.19622200000000004,-0.17955799999999994,0.506035,2.89835,0.11544900000000011,-1.5439600000000002
-0.19625137624490394,-0.1795025168318032,0.5060281871093221,2.8981776736149145,0.11557036043204372,-1.544191345248332
-0.1962809079718943,-0.1794472237578008,0.5060215089286123,2.898006503012927,0.11569136246327265,-1.5444231193075744
-0.1963105827988882,-0.17939214255808875,0.5060149638301049,2.8978365684302765,0.11581191384040544,-1.5446551157800361
-0.1963403883438028,-0.17933729501276283,0.506008550186034,2.8976679501032034,0.11593192231016099,-1.5448871282680263
-0.1963703122245552,-0.1792827029019191,0.5060022663686332,2.8975007282679486,0.11605129561925787,-1.5451189503738543
-0.19640034205906254,-0.17922838800565358,0.5059961107501373,2.8973349831607504,0.11616994151441472,-1.5453503756998277
-0.196430465465242,-0.1791743721040621,0.5059900817027798,2.8971707950178507,0.11628776774235045,-1.5455811978482572
-0.1964606700610107,-0.17912067697724066,0.5059841775987949,2.8970082440754883,0.11640468204978356,-1.5458112104214508
-0.19649094346428572,-0.17906732440528514,0.5059783968104168,2.896847410569903,0.11652059218343296,-1.5460402070217174
-0.19652127329298424,-0.17901433616829157,0.5059727377098793,2.896688374737337,0.11663540589001724,-1.5462679812513664
-0.19655164716502338,-0.17896173404635582,0.5059671986694166,2.896531216814027,0.11674903091625503,-1.5464943267127065
-0.19658205269832027,-0.17890953981957394,0.5059617780612627,2.8963760170362156,0.11686137500886526,-1.546719037008047
-0.1966124775107921,-0.17885777526804172,0.5059564742576519,2.8962228556401413,0.11697234591456648,-1.5469419057396963
-0.19664290922035588,-0.17880646217185528,0.5059512856308179,2.8960718128620457,0.11708185138007736,-1.5471627265099641
-0.19667333544492885,-0.17875562231111045,0.5059462105529952,2.895922968938167,0.11718979915211675,-1.5473812929211586
-0.19670374380242805,-0.17870527746590323,0.5059412473964174,2.895776404104747,0.1172960969774032,-1.5475973985755895
-0.19673412192433493,-0.17865544929162794,0.5059363945866336,2.8956321973962074,0.11740065353888275,-1.5478108385083498
-0.19676445825598116,-0.17860615196158608,0.505931653748086,2.895490355737969,0.11750343369313075,-1.5480214937215877
-0.1967947425041667,-0.17855738805183485,0.5059270314635007,2.8953507742864977,0.11760448936584833,-1.548229378466388
-0.19682496448420503,-0.17850915914081905,0.5059225347421231,2.8952133385837224,0.11770387997255419,-1.54843451845611
-0.1968551140114095,-0.1784614668069836,0.5059181705931988,2.895077934171576,0.11780166492876672,-1.548636939404111
-0.1968851809010935,-0.17841431262877333,0.5059139460259731,2.89494444659199,0.11789790365000438,-1.5488366670237506
-0.19691515496857043,-0.17836769818463308,0.5059098680496911,2.894812761386894,0.11799265555178584,-1.5490337270283874
-0.19694502602915365,-0.17832162505300767,0.5059059436735985,2.8946827640982202,0.11808598004962946,-1.5492281451313794
-0.1969747838981566,-0.17827609481234197,0.5059021799069408,2.8945543402679004,0.11817793655905388,-1.5494199470460854
-0.1970044183908926,-0.1782311090410808,0.505898583758963,2.894427375437864,0.11826858449557755,-1.5496091584858644
-0.19703391932267508,-0.17818666931766908,0.5058951622389108,2.8943017551500443,0.1183579832747189,-1.5497958051640746
-0.19706327650881747,-0.17814277722055152,0.5058919223560295,2.894177364946371,0.11844619231199661,-1.549979912794075
-0.19709247976463312,-0.1780994343281731,0.5058888711195644,2.8940540903687757,0.1185332710229291,-1.5501615070892238
-0.19712151890543542,-0.17805664221897863,0.5058860155387611,2.8939318169591894,0.1186192788230348,-1.5503406137628797
-0.19715038374653773,-0.17801440247141292,0.5058833626228646,2.893810430259544,0.11870427512783238,-1.5505172585284015
-0.19717906410325348,-0.17797271666392084,0.5058809193811208,2.8936898158117703,0.11878831935284019,-1.5506914670991476
-0.19720754979089605,-0.17793158637494724,0.5058786928227746,2.8935698591577994,0.11887147091357692,-1.5508632651884764
-0.19723583112697715,-0.17789101274163718,0.5058766896507776,2.8934504502985305,0.11895378461478015,-1.5510326817132483
-0.19726390426706392,-0.17785099177102612,0.5058749130074081,2.8933315310703676,0.11903526166086072,-1.5511997828310233
-0.1972917691332109,-0.177811516160401,0.5058733637377375,2.8932130767519735,0.1191158686753736,-1.5513646587256202
-0.19731942571024733,-0.17777257855188663,0.5058720426485506,2.893095063179385,0.11919557170552601,-1.5515273999812962
-0.19734687398300255,-0.1777341715876077,0.5058709505466312,2.8929774661886363,0.1192743367985251,-1.5516880971823073
-0.1973741139363059,-0.17769628790968875,0.5058700882387641,2.892860261615763,0.11935213000157824,-1.5518468409129103
-0.19740114555498667,-0.1776589201602546,0.5058694565317334,2.8927434252968007,0.11942891736189258,-1.5520037217573621
-0.19742796882387417,-0.17762206098142982,0.5058690562323238,2.8926269330677843,0.11950466492667548,-1.5521588302999185
-0.1974545837277977,-0.1775857030153391,0.5058688881473192,2.8925107607647482,0.11957933874313413,-1.5523122571248373
-0.19748099025158658,-0.17754983890410714,0.5058689530835045,2.8923948842237284,0.11965290485847571,-1.5524640928163738
-0.1975071883800701,-0.17751446128985857,0.5058692518476637,2.89227927928076,0.11972532931990762,-1.5526144279587857
-0.19753317809807755,-0.17747956281471802,0.5058697852465814,2.892163921771879,0.11979657817463701,-1.5527633531363294
-0.1975589593904383,-0.1774451361208103,0.505870554087042,2.8920487875331182,0.11986661746987107,-1.5529109589332604
-0.1975845322419816,-0.17741117385025992,0.5058715591758297,2.8919338524005154,0.11993541325281722,-1.5530573359338369
-0.19760989663753675,-0.17737766864519167,0.505872801319729,2.891819092210105,0.12000293157068254,-1.5532025747223142
-0.19763505256193314,-0.17734461314773012,0.5058742813255244,2.8917044827979215,0.1200691384706744,-1.55334676588295
-0.19766,-0.177312,0.505876,2.89159,0.120134,-1.55349
-0.19768473827065666,-0.17727982317661461,0.5058779584694125,2.8914756113453586,0.1201974995172741,-1.5536323483652812
-0.1977092640291825,-0.1772480819821418,0.5058801591379068,2.8913612511349434,0.12025968962674173,-1.5537738051008483
-0.19773357326494695,-0.17721677705363797,0.5058826047291001,2.891246845362682,0.12032064024405532,-1.5539143450363164
-0.19775766196731925,-0.17718590902815975,0.5058852979666092,2.891132320022502,0.12038042128486734,-1.5540539430013005
-0.19778152612566893,-0.17715547854276348,0.5058882415740514,2.8910176011083317,0.12043910266483038,-1.5541925738254163
-0.19780516172936527,-0.1771254862345057,0.5058914382750438,2.8909026146140997,0.12049675429959682,-1.5543302123382776
-0.19782856476777771,-0.17709593274044286,0.5058948907932034,2.8907872865337336,0.12055344610481923,-1.5544668333695002
-0.19785173123027563,-0.1770668186976314,0.5058986018521472,2.8906715428611607,0.1206092479961501,-1.5546024117486994
-0.19787465710622837,-0.17703814474312796,0.5059025741754923,2.89055530959031,0.12066422988924184,-1.5547369223054888
-0.1978973383850053,-0.17700991151398882,0.5059068104868562,2.890438512715109,0.12071846169974705,-1.5548703398694845
-0.19791977105597586,-0.17698211964727056,0.5059113135098553,2.8903210782294857,0.12077201334331818,-1.5550026392703014
-0.19794195110850937,-0.1769547697800297,0.5059160859681069,2.890202932127369,0.12082495473560767,-1.5551337953375541
-0.19796387453197525,-0.1769278625493226,0.5059211305852285,2.8900840004026853,0.12087735579226809,-1.5552637829008578
-0.19798553731574287,-0.17690139859220586,0.5059264500848365,2.889964209049364,0.12092928642895186,-1.5553925767898273
-0.1980069354491816,-0.17687537854573585,0.5059320471905485,2.8898434840613323,0.12098081656131156,-1.5555201518340778
-0.1980280649216608,-0.1768498030469691,0.5059379246259815,2.8897217514325186,0.12103201610499963,-1.5556464828632244
-0.19804892175842842,-0.17682467264671886,0.5059440849777099,2.8895989384701495,0.12108295402736312,-1.5557715448445832
-0.19806950413744492,-0.17679998272120306,0.5059505226097644,2.8894750512793483,0.12113364239742719,-1.555895321007571
-0.19808981357337507,-0.17677572062601726,0.5059572191412312,2.8893502181019826,0.1211840050918175,-1.5560178073878577
-0.1981098518679121,-0.1767518730268108,0.5059641550948577,2.8892245776863046,0.12123395840071678,-1.5561390011227265
-0.1981296208227492,-0.17672842658923316,0.5059713109933913,2.889098268780567,0.1212834186143079,-1.5562588993494613
-0.19814912223957948,-0.1767053679789337,0.5059786673595792,2.8889714301330223,0.12133230202277356,-1.5563774992053447
-0.19816835792009616,-0.17668268386156183,0.5059862047161688,2.8888442004919237,0.12138052491629664,-1.5564947978276613
-0.19818732966599242,-0.176660360902767,0.5059939035859075,2.8887167186055236,0.12142800358505985,-1.556610792353694
-0.19820603927896138,-0.17663838576819868,0.5060017444915423,2.8885891232220753,0.12147465431924598,-1.5567254799207264
-0.19822448856069627,-0.17661674512350617,0.5060097079558208,2.888461553089831,0.12152039340903784,-1.5568388576660415
-0.19824267931289027,-0.17659542563433903,0.5060177745014901,2.888334146957044,0.12156513714461822,-1.5569509227269236
-0.1982606133372365,-0.17657441396634654,0.5060259246512976,2.8882070435719664,0.12160880181616983,-1.5570616722406554
-0.19827829243542816,-0.17655369678517827,0.5060341389279907,2.888080381682852,0.12165130371387553,-1.557171103344521
-0.19829571840915847,-0.17653326075648348,0.5060423978543166,2.887954300037952,0.12169255912791806,-1.557279213175803
-0.19831289306012054,-0.1765130925459117,0.5060506819530224,2.8878289373855206,0.12173248434848023,-1.557385998871786
-0.19832981819000756,-0.1764931788191123,0.5060589717468559,2.88770443247381,0.12177099566574483,-1.5574914575697527
-0.1983464956005127,-0.1764735062417347,0.5060672477585639,2.8875809240510724,0.1218080093698946,-1.5575955864069864
-0.19836292671852251,-0.17645406211640102,0.5060754915375926,2.8874585426613546,0.12184345339957822,-1.5576983831905968
-0.1983791086137958,-0.1764348411505405,0.5060836965687588,2.8873373234747945,0.1218773911068599,-1.5577998535144146
-0.19839503554504126,-0.17641584282887746,0.506091864037119,2.8872172401299805,0.12190997320729774,-1.557900007995963
-0.19841070172411696,-0.1763970667157577,0.506099995256067,2.8870982652399735,0.1219413518725082,-1.5579988573364933
-0.1984261013628807,-0.1763785123755271,0.5061080915389963,2.886980371417833,0.12197167927410757,-1.558096412237256
-0.19844122867319045,-0.17636017937253146,0.5061161541993006,2.8868635312766213,0.12200110758371231,-1.558192683399503
-0.1984560778669041,-0.17634206727111662,0.5061241845503736,2.8867477174293987,0.12202978897293877,-1.5582876815244855
-0.19847064315587964,-0.1763241756356285,0.5061321839056091,2.8866329024892265,0.12205787561340327,-1.5583814173134538
-0.19848491875197496,-0.17630650403041287,0.5061401535784008,2.8865190590691663,0.12208551967672227,-1.55847390146766
-0.19849889886704797,-0.17628905201981562,0.5061480948821424,2.886406159782277,0.12211287333451208,-1.558565144688355
-0.19851257771295658,-0.17627181916818258,0.5061560091302274,2.8862941772416213,0.12214008875838911,-1.5586551576767895
-0.19852594950155877,-0.17625480503985957,0.5061638976360497,2.8861830840602605,0.12216731811996975,-1.5587439511342154
-0.19853900844471237,-0.1762380091991925,0.5061717617130032,2.886072852851254,0.12219471359087034,-1.5588315357618832
-0.19855174875427536,-0.17622143121052714,0.506179602674481,2.8859634562276644,0.1222224273427073,-1.5589179222610445
-0.19856416464210572,-0.17620507063820937,0.5061874218338773,2.885854866802551,0.12225061154709697,-1.5590031213329503
-0.19857625032006126,-0.17618892704658504,0.5061952205045859,2.885747057188976,0.12227941837565574,-1.5590871436788516
-0.198588,-0.176173,0.506203,2.88564,0.122309,-1.55917
-0.19859941025694933,-0.17615728948823697,0.5062107640012276,2.8855336610664244,0.12233946744570201,-1.5592516990370564
-0.19861048711861487,-0.17614179720282627,0.5062185256602325,2.8854279790900117,0.12237076715415755,-1.5593322416883226
-0.19862123897587178,-0.17612652526073505,0.5062263004966927,2.885322885990266,0.12240280442071841,-1.5594116268915106
-0.19863167421959513,-0.17611147577893063,0.5062341040302862,2.8852183136866905,0.12243548454073619,-1.5594898535843327
-0.1986418012406601,-0.1760966508743801,0.5062419517806905,2.8851141940987883,0.12246871280956272,-1.5595669207045
-0.19865162842994186,-0.1760820526640507,0.5062498592675839,2.8850104591460632,0.12250239452254963,-1.5596428271897245
-0.19866116417831547,-0.1760676832649096,0.506257842010644,2.884907040748018,0.12253643497504865,-1.5597175719777183
-0.19867041687665613,-0.17605354479392407,0.5062659155295491,2.884803870824157,0.1225707394624115,-1.5597911540061935
-0.19867939491583894,-0.17603963936806122,0.5062740953439766,2.8847008812939823,0.12260521327998988,-1.5598635722128618
-0.198688106686739,-0.17602596910428836,0.5062823969736047,2.8845980040769983,0.12263976172313545,-1.5599348255354348
-0.19869656058023155,-0.17601253611957257,0.5062908359381111,2.8844951710927083,0.12267429008720002,-1.560004912911625
-0.1987047649871916,-0.17599934253088112,0.5062994277571737,2.884392314260616,0.12270870366753521,-1.5600738332791437
-0.19871272829849437,-0.17598639045518122,0.5063081879504707,2.8842893655002237,0.12274290775949279,-1.5601415855757028
-0.19872045890501494,-0.17597368200944005,0.5063171320376797,2.8841862567310352,0.12277680765842444,-1.5602081687390144
-0.19872796519762848,-0.1759612193106248,0.5063262755384789,2.884082919872554,0.12281030865968184,-1.5602735817067908
-0.19873525556721017,-0.17594900447570266,0.5063356339725459,2.8839792868442835,0.12284331605861679,-1.5603378234167429
-0.19874233834938668,-0.17593703956699158,0.5063452228204489,2.8838752892760326,0.12287573611023292,-1.560400893013313
-0.1987492185648835,-0.17592532336785327,0.5063550552161694,2.883770841415914,0.12290753264865435,-1.5604628020447158
-0.19875589609632904,-0.1759138495792672,0.506365140656481,2.883665830570412,0.12293875875564186,-1.5605235812850167
-0.19876237038436484,-0.1759026114650188,0.5063754883252777,2.883560141728453,0.12296947519017219,-1.5605832631621164
-0.19876864086963242,-0.17589160228889333,0.5063861074064545,2.8834536598789615,0.12299974271122217,-1.5606418801039164
-0.1987747069927733,-0.1758808153146762,0.5063970070839062,2.883346270010864,0.12302962207776857,-1.5606994645383185
-0.1987805681944291,-0.17587024380615274,0.5064081965415276,2.8832378571130852,0.12305917404878813,-1.5607560488932235
-0.19878622391524123,-0.17585988102710837,0.5064196849632131,2.8831283061745507,0.12308845938325773,-1.5608116655965327
-0.19879167359585134,-0.17584972024132833,0.5064314815328576,2.883017502184186,0.1231175388401541,-1.5608663470761477
-0.19879691667690094,-0.17583975471259805,0.5064435954343558,2.8829053301309178,0.12314647317845401,-1.5609201257599696
-0.19880195259903155,-0.17582997770470288,0.5064560358516024,2.8827916750036695,0.1231753231571343,-1.5609730340758998
-0.1988067808028847,-0.17582038248142817,0.5064688119684922,2.882676421791368,0.12320414953517167,-1.5610251044518393
-0.19881140072910197,-0.17581096230655927,0.5064819329689199,2.882559455482938,0.12323301307154301,-1.56107636931569
-0.1988158118183249,-0.17580171044388146,0.5064954080367801,2.882440661067306,0.12326197452522505,-1.5611268610953526
-0.19882001351119497,-0.17579262015718025,0.5065092463559675,2.8823199235333963,0.12329109465519456,-1.5611766122187287
-0.19882400524835378,-0.17578368471024086,0.5065234571103769,2.882197127870135,0.12332043422042838,-1.56122565511372
-0.19882778647044283,-0.1757748973668487,0.5065380494839032,2.882072159066448,0.12335005397990324,-1.561274022208227
-0.19883135723785267,-0.1757662520535104,0.5065530318664088,2.8819449101910557,0.12338000852715225,-1.5613217392557215
-0.19883472481555592,-0.17575775040086755,0.506568403417132,2.881815368240309,0.12341028078242501,-1.5613687544194181
-0.19883790111664268,-0.17574939900997133,0.5065841573400706,2.8816835808090278,0.1234408074251431,-1.5614149658043042
-0.19884089813167163,-0.1757412045647132,0.506600286739967,2.881549596502007,0.12347152436404772,-1.5614602706810623
-0.1988437278512015,-0.1757331737489845,0.5066167847215655,2.881413463924041,0.12350236750787999,-1.5615045663203757
-0.19884640226579098,-0.1757253132466766,0.5066336443896083,2.881275231679925,0.12353327276538101,-1.561547749992927
-0.19884893336599874,-0.17571762974168093,0.5066508588488394,2.8811349483744535,0.123564176045292,-1.5615897189693992
-0.19885133314238357,-0.17571012991788884,0.5066684212040017,2.880992662612421,0.12359501325635404,-1.5616303705204748
-0.1988536135855041,-0.17570282045919172,0.5066863245598383,2.8808484229986213,0.12362572030730834,-1.5616696019168377
-0.1988557866859191,-0.17569570804948095,0.5067045620210927,2.880702278137851,0.12365623310689601,-1.5617073104291694
-0.19885786443418726,-0.17568879937264795,0.506723126692508,2.880554276634903,0.12368648756385815,-1.5617433933281537
-0.19885985882086726,-0.17568210111258403,0.5067420116788274,2.8804044670945728,0.123716419586936,-1.5617777478844732
-0.19886178183651784,-0.17567561995318068,0.5067612100847942,2.8802528981216544,0.12374596508487062,-1.561810271368811
-0.1988636454716977,-0.1756693625783292,0.5067807150151517,2.8800996183209437,0.12377505996640319,-1.5618408610518495
-0.1988654617169655,-0.175663335671921,0.506800519574643,2.8799446762972347,0.12380364014027485,-1.561869414204272
-0.19886724256288008,-0.1756575459178475,0.5068206168680113,2.8797881206553217,0.12383164151522671,-1.5618958280967612
-0.198869,-0.175652,0.506841,2.87963,0.123859,-1.56192
-0.19887074389597817,-0.17564670166706292,0.5068616604587504,2.8794703567205806,0.12388568744222204,-1.5619418706677854
-0.1988724756268441,-0.17564164292689238,0.5068825832659967,2.8793092083444436,0.12391181944506523,-1.56196155478637
-0.19887419444572138,-0.17563681285213747,0.5069037518268712,2.879146566183483,0.12393754755058825,-1.5619792105251222
-0.19887589960573368,-0.17563220051544737,0.5069251495465062,2.8789824415495957,0.12396302330084967,-1.561994996053408
-0.1988775903600046,-0.1756277949894711,0.5069467598300345,2.8788168457546774,0.12398839823790817,-1.562009069540595
-0.19887926596165773,-0.1756235853468578,0.5069685660825879,2.8786497901106247,0.12401382390382236,-1.5620215891560507
-0.19888092566381677,-0.17561956066025658,0.506990551709299,2.878481285929332,0.12403945184065089,-1.5620327130691418
-0.19888256871960533,-0.17561571000231657,0.5070127001153001,2.8783113445226958,0.1240654335904524,-1.5620425994492357
-0.19888419438214705,-0.17561202244568683,0.5070349947057238,2.8781399772026117,0.12409192069528555,-1.5620514064656994
-0.19888580190456553,-0.17560848706301654,0.5070574188857021,2.8779671952809758,0.12411906469720889,-1.5620592922879002
-0.1988873905399844,-0.17560509292695473,0.5070799560603675,2.8777930100696834,0.12414701713828116,-1.5620664150852055
-0.19888895954152727,-0.17560182911015054,0.5071025896348524,2.8776174328806308,0.12417592956056094,-1.5620729330269822
-0.19889050816231782,-0.17559868468525308,0.5071253030142893,2.8774404750257143,0.12420595350610686,-1.5620790042825976
-0.1988920356554797,-0.17559564872491146,0.50714807960381,2.8772621478168285,0.1242372405169776,-1.5620847870214187
-0.19889354127413647,-0.17559271030177478,0.5071709028085475,2.8770824625658697,0.12426994213523172,-1.562090439412813
-0.19889502427141176,-0.17558985848849218,0.5071937560336339,2.876901430584734,0.12430420990292797,-1.5620961196261474
-0.19889648393746517,-0.175587082413718,0.507216622710952,2.876719063736155,0.12434019408852592,-1.5621019845431505
-0.19889792178461305,-0.17558437456642642,0.5072394878774202,2.8765354069331353,0.12437796854454661,-1.5621081137872093
-0.19889934276951451,-0.17558173264408702,0.5072623390577611,2.876350556316594,0.12441748867880617,-1.5621144672312854
-0.1989007521451164,-0.17557915479221192,0.5072851639907018,2.8761646124341533,0.12445869971032894,-1.562120994447226
-0.19890215516436546,-0.17557663915631336,0.5073079504149697,2.875977675833436,0.12450154685813915,-1.5621276450068806
-0.19890355708020852,-0.1755741838819035,0.5073306860692924,2.8757898470620633,0.1245459753412612,-1.562134368482097
-0.19890496314559222,-0.17557178711449448,0.5073533586923971,2.875601226667658,0.12459193037871935,-1.5621411144447237
-0.1989063786134635,-0.17556944699959853,0.507375956023011,2.8754119151978412,0.12463935718953797,-1.562147832466609
-0.198907808736769,-0.17556716168272787,0.5073984657998616,2.875222013200236,0.12468820099274132,-1.5621544721196015
-0.19890925876845558,-0.17556492930939463,0.5074208757616762,2.875031621222463,0.12473840700735368,-1.5621609829755494
-0.19891073396147,-0.175562748025111,0.507443173647182,2.8748408398121468,0.12478992045239945,-1.5621673146063009
-0.198912239568759,-0.1755606159753892,0.5074653471951066,2.8746497695169073,0.12484268654690288,-1.562173416583705
-0.19891378084326938,-0.17555853130574137,0.5074873841441772,2.8744585108843665,0.12489665050988825,-1.5621792384796096
-0.1989153630379479,-0.17555649216167973,0.5075092722331211,2.8742671644621485,0.12495175756037996,-1.5621847298658635
-0.19891699140574137,-0.17555449668871648,0.5075309992006657,2.8740758307978727,0.12500795291740224,-1.5621898403143148
-0.19891867119959653,-0.17555254303236373,0.5075525527855382,2.8738846104391635,0.12506518179997947,-1.5621945193968119
-0.19892040767246016,-0.17555062933813373,0.5075739207264662,2.873693603933642,0.12512338942713594,-1.5621987166852032
-0.19892220622513795,-0.17554875276505913,0.5075950907691512,2.873502914603744,0.12518252072450428,-1.5622023908718998
-0.19892407397729509,-0.17554689900434833,0.5076160507403721,2.8733126780291265,0.1252425172070398,-1.5622056066758516
-0.19892601915753855,-0.17554504634861345,0.5076367885192151,2.8731230506005523,0.1253033181892605,-1.5622084972202275
-0.1989280500129576,-0.17554317296715663,0.5076572919856388,2.8729341890556377,0.1253648629490104,-1.5622111967682668
-0.1989301747906414,-0.17554125702928,0.5076775490196015,2.872746250131998,0.12542709076413378,-1.562213839583209
-0.1989324017376794,-0.17553927670428573,0.5076975475010612,2.8725593905672504,0.12548994091247462,-1.562216559928293
-0.19893473910116075,-0.17553721016147594,0.5077172753099762,2.8723737670990093,0.1255533526718772,-1.5622194920667578
-0.19893719512817473,-0.17553503557015282,0.5077367203263051,2.872189536464892,0.12561726532018555,-1.562222770261843
-0.19893977806581067,-0.17553273109961856,0.5077558704300059,2.8720068554025135,0.12568161813524373,-1.562226528776788
-0.1989424961611578,-0.17553027491917525,0.5077747135010372,2.87182588064949,0.12574635039489596,-1.5622309018748317
-0.1989453576613054,-0.17552764519812505,0.507793237419357,2.8716467689434375,0.12581140137698638,-1.5622360238192134
-0.1989483708133427,-0.17552482010577014,0.5078114300649237,2.8714696770219716,0.12587671035935893,-1.5622420288731724
-0.19895154386435904,-0.17552177781141265,0.5078292793176954,2.8712947616227087,0.12594221661985797,-1.562249051299948
-0.1989548850614437,-0.17551849648435475,0.5078467730576307,2.8711221794832635,0.1260078594363274,-1.5622572253627793
-0.19895840265168588,-0.17551495429389857,0.5078638991646877,2.8709520873412537,0.12607357808661152,-1.5622666853249056
-0.1989621048821749,-0.17551112940934624,0.5078806455188247,2.8707846419342937,0.12613931184855437,-1.562277565449566
-0.198966,-0.175507,0.507897,2.87062,0.126205,-1.56229
-0.198970095416185,-0.17550254783249145,0.5079129544237522,2.8704582789033717,0.12627060202275187,-1.5623041039981058
-0.19897439519749144,-0.1754977690627703,0.5079285163479405,2.87029943851894,0.1263361582144499,-1.562319915500419
-0.19897890257461553,-0.17549266344411568,0.5079436972660043,2.870143399348619,0.12640172907669328,-1.5623374533221341
-0.19898362077825346,-0.17548723072980696,0.5079585086713834,2.869990081894323,0.12646737511108133,-1.562356736278446
-0.1989885530391013,-0.1754814706731232,0.507972962057517,2.8698394066579667,0.1265331568192131,-1.5623777831845493
-0.19899370258785518,-0.17547538302734364,0.5079870689178447,2.869691294141464,0.12659913470268797,-1.5624006128556385
-0.19899907265521127,-0.17546896754574753,0.5080008407458063,2.8695456648467297,0.12666536926310504,-1.5624252441069084
-0.19900466647186568,-0.175462223981614,0.5080142890348408,2.8694024392756776,0.1267319210020635,-1.5624516957535537
-0.19901048726851459,-0.17545515208822232,0.5080274252783882,2.869261537930222,0.1267988504211627,-1.562479986610769
-0.1990165382758541,-0.17544775161885168,0.5080402609698877,2.8691228813122778,0.12686621802200176,-1.5625101354937494
-0.19902282272458038,-0.17544002232678124,0.508052807602779,2.868986389923758,0.12693408430617986,-1.5625421612176886
-0.19902934384538956,-0.17543196396529023,0.5080650766705015,2.8688519842665796,0.12700250977529623,-1.5625760825977821
-0.19903610486897771,-0.1754235762876579,0.5080770796664947,2.8687195848426543,0.12707155493095004,-1.5626119184492244
-0.19904310902604108,-0.1754148590471634,0.5080888280841982,2.8685891121538973,0.12714128027474064,-1.56264968758721
-0.1990503595472757,-0.17540581199708594,0.5081003334170513,2.8684604867022223,0.12721174630826715,-1.5626894088269334
-0.19905785966337783,-0.17539643489070475,0.508111607158494,2.868333628989545,0.1272830135331287,-1.56273110098359
-0.19906561254242275,-0.17538672746367123,0.5081226607700444,2.8682084599639075,0.12735514143041946,-1.5627747828228724
-0.1990736175952376,-0.17537668839397086,0.508133503797979,2.868084927341061,0.12742812825092223,-1.5628204701403958
-0.199081868408915,-0.17536631472020678,0.5081441428199469,2.867963020326704,0.12750187733843746,-1.562868174128152
-0.19909035806958122,-0.17535560333996003,0.5081545841582318,2.8678427316955637,0.1275762838727243,-1.562917905582124
-0.19909907966336232,-0.17534455115081166,0.5081648341351173,2.867724054222367,0.1276512430335417,-1.5629696752982933
-0.19910802627638452,-0.1753331550503427,0.5081748990728872,2.8676069806818405,0.12772665000064878,-1.5630234940726422
-0.19911719099477407,-0.1753214119361341,0.5081847852938252,2.867491503848712,0.12780239995380457,-1.5630793727011527
-0.199126566904657,-0.17530931870576702,0.5081944991202147,2.867377616497707,0.12787838807276802,-1.5631373219798068
-0.19913614709215957,-0.1752968722568224,0.5082040468743397,2.867265311403553,0.12795450953729828,-1.563197352704587
-0.1991459246434079,-0.17528406948688124,0.5082134348784836,2.867154581340976,0.1280306595271544,-1.5632594756714748
-0.19915589264452827,-0.1752709072935247,0.5082226694549304,2.8670454190847043,0.1281067332220953,-1.5633237016764527
-0.19916604418164682,-0.1752573825743337,0.5082317569259633,2.8669378174094637,0.1281826258018801,-1.5633900415155026
-0.19917637234088967,-0.17524349222688934,0.5082407036138664,2.8668317690899814,0.12825823244626783,-1.563458505984607
-0.19918687020838302,-0.1752292331487726,0.5082495158409229,2.866727266900984,0.12833344833501756,-1.5635291058797474
-0.19919753087025308,-0.17521460223756452,0.5082581999294172,2.8666243036171983,0.12840816864788832,-1.5636018519969062
-0.19920834741262597,-0.17519959639084615,0.5082667622016321,2.866522872013351,0.12848228856463906,-1.5636767551320652
-0.1992193129216279,-0.1751842125061985,0.508275208979852,2.86642296486417,0.12855570326502896,-1.5637538260812067
-0.19923042081497383,-0.17516844825941572,0.5082835461857251,2.86632457809423,0.1286283089986247,-1.5638330682054928
-0.1992416683650984,-0.17515231037301948,0.5082917750835191,2.8662277442451076,0.12870001445150722,-1.5639143984363033
-0.1992530553313522,-0.17513581140612983,0.508299893932739,2.8661325194822513,0.1287707363333153,-1.5639976779438671
-0.19926458151453433,-0.17511896401514337,0.5083079009428106,2.8660389603648384,0.12884039148741355,-1.5640827669690613
-0.19927624671544397,-0.17510178085645683,0.5083157943231599,2.865947123452047,0.1289088967571666,-1.5641695257527632
-0.19928805073488032,-0.17508427458646686,0.5083235722832125,2.865857065303056,0.12897616898593903,-1.5642578145358499
-0.19929999337364246,-0.17506645786157018,0.5083312330323942,2.865768842477044,0.1290421250170955,-1.564347493559198
-0.19931207443252963,-0.17504834333816338,0.5083387747801311,2.865682511533189,0.12910668169400064,-1.5644384230636847
-0.19932429371234098,-0.17502994367264316,0.5083461957358488,2.8655981290306696,0.12916975586001905,-1.5645304632901866
-0.19933665101387557,-0.17501127152140628,0.5083534941089733,2.865515751528665,0.12923126435851537,-1.5646234744795815
-0.19934914613793267,-0.17499233954084928,0.5083606681089302,2.865435435586351,0.12929112403285428,-1.5647173168727455
-0.19936177888531137,-0.17497316038736896,0.5083677159451454,2.865357237762909,0.1293492517264003,-1.5648118507105557
-0.19937454905681093,-0.17495374671736189,0.5083746358270449,2.8652812146175153,0.12940556428251818,-1.56490693623389
-0.19938745645323036,-0.1749341111872248,0.5083814259640541,2.8652074227093496,0.12945997854457245,-1.5650024336836246
-0.1994005008753689,-0.17491426645335434,0.5083880845655993,2.865135918597589,0.1295124113559277,-1.565098203300636
-0.19941368212402577,-0.17489422517214714,0.508394609841106,2.8650667588414134,0.12956277955994874,-1.5651941053258023
-0.199427,-0.17487399999999997,0.508401,2.865,0.12961100000000006,-1.56529
-0.19944045303040384,-0.1748536011233821,0.5084072552021386,2.8649356721440915,0.12965701602268254,-1.5653857779907117
-0.19945403464760142,-0.17483302884905308,0.5084133834091034,2.8648736993906834,0.12970087698754248,-1.5654814516718414
-0.19946773701026999,-0.1748122810138453,0.5084193945329075,2.8648139793683356,0.12974265875736218,-1.5655770638438997
-0.19948155227708672,-0.17479135545459104,0.5084252984855641,2.864756409705608,0.12978243719492424,-1.5656726573073965
-0.19949547260672879,-0.17477025000812252,0.5084311051790861,2.86470088803106,0.12982028816301103,-1.565768274862841
-0.1995094901578734,-0.17474896251127203,0.5084368245254866,2.864647311973251,0.12985628752440495,-1.5658639593107442
-0.19952359708919767,-0.17472749080087185,0.5084424664367787,2.86459557916074,0.12989051114188857,-1.565959753451615
-0.1995377855593789,-0.17470583271375428,0.5084480408249753,2.8645455872220875,0.1299230348782443,-1.5660557000859645
-0.19955204772709417,-0.1746839860867516,0.5084535576020898,2.8644972337858534,0.1299539345962545,-1.566151842014302
-0.19956637575102076,-0.17466194875669602,0.5084590266801349,2.864450416480597,0.12998328615870175,-1.5662482220371374
-0.19958076178983586,-0.1746397185604199,0.5084644579711238,2.864405032934878,0.13001116542836844,-1.566344882954981
-0.1995951980022166,-0.1746172933347555,0.5084698613870696,2.864360980777255,0.13003764826803704,-1.5664418675683427
-0.1996096765468402,-0.17459467091653505,0.5084752468399852,2.8643181576362893,0.13006281054049001,-1.5665392186777325
-0.1996241895823838,-0.1745718491425909,0.508480624241884,2.86427646114054,0.13008672810850974,-1.56663697908366
-0.19963872926752468,-0.1745488258497552,0.5084860035047786,2.8642357889185655,0.13010947683487875,-1.5667351915866357
-0.19965328776093996,-0.1745255988748604,0.5084913945406823,2.8641960385989265,0.13013113258237943,-1.566833898987169
-0.19966785729655268,-0.1745021661393772,0.5084968071267347,2.8641571086206636,0.13015177100166303,-1.5669331438674776
-0.19968243462303195,-0.17447853064308821,0.5085022429476715,2.864118946051717,0.13017145501550018,-1.567032955712213
-0.19969702348690374,-0.17445470325715953,0.5085076911450018,2.864081573334816,0.13019022781844722,-1.5671333437048003
-0.19971162823666014,-0.17443069552986523,0.5085131397812473,2.864045019396543,0.1302081309080097,-1.5672343152823227
-0.19972625322079324,-0.17440651900947962,0.5085185769189304,2.864009313163482,0.13022520578169322,-1.567335877881864
-0.19974090278779508,-0.1743821852442769,0.5085239906205726,2.8639744835622163,0.1302414939370033,-1.5674380389405063
-0.19975558128615778,-0.17435770578253132,0.508529368948696,2.8639405595193286,0.13025703687144552,-1.567540805895333
-0.19977029306437338,-0.174333092172517,0.5085346999658228,2.8639075699614014,0.13027187608252544,-1.5676441861834276
-0.19978504247093404,-0.17430835596250824,0.5085399717344747,2.8638755438150194,0.13028605306774865,-1.5677481872418733
-0.1997998338543318,-0.17428350870077927,0.5085451723171737,2.8638445100067638,0.1302996093246207,-1.5678528165077534
-0.1998146715630587,-0.1742585619356043,0.5085502897764418,2.86381449746322,0.13031258635064716,-1.5679580814181502
-0.19982955994560694,-0.17423352721525748,0.508555312174801,2.86378553511097,0.13032502564333356,-1.5680639894101471
-0.19984450335046847,-0.17420841608801307,0.5085602275747733,2.8637576518765955,0.13033696870018552,-1.5681705479208279
-0.19985950612613546,-0.17418324010214536,0.5085650240388804,2.863730876686682,0.1303484570187086,-1.5682777643872752
-0.19987457262109998,-0.17415801080592846,0.5085696896296443,2.8637052384678108,0.1303595320964083,-1.5683856462465724
-0.19988970718385404,-0.17413273974763666,0.5085742124095872,2.8636807661465657,0.13037023543079024,-1.568494200935802
-0.1999049141628898,-0.1741074384755441,0.5085785804412308,2.863657488649531,0.13038060851935998,-1.5686034358920482
-0.19992019754022344,-0.17408211835332246,0.5085827827091406,2.863635428336302,0.13039069256301516,-1.568713355882471
-0.1999355570375883,-0.17405678859863766,0.5085868189166354,2.863614531225258,0.13040052531458643,-1.568823934636386
-0.19995098962814847,-0.1740314570446358,0.5085906956823586,2.863594694082381,0.13041014230234507,-1.5689351258586897
-0.19996649223925836,-0.1740061315013878,0.5085944197402097,2.8635758128527784,0.13041957901748635,-1.5690468829205404
-0.19998206179827244,-0.17398081977896454,0.5085979978240877,2.8635577834815575,0.1304288709512056,-1.5691591591930953
-0.1999976952325452,-0.17395552968743677,0.5086014366678916,2.863540501913828,0.130438053594698,-1.569271908047512
-0.20001338946943115,-0.17393026903687542,0.5086047430055206,2.8635238640946965,0.13044716243915896,-1.5693850828549476
-0.20002914143628478,-0.17390504563735126,0.5086079235708739,2.8635077659692696,0.1304562329757837,-1.56949863698656
-0.20004494806046047,-0.1738798672989353,0.5086109850978506,2.863492103482658,0.13046530069576756,-1.5696125238135066
-0.20006080626931277,-0.17385474183169816,0.5086139343203498,2.863476772579967,0.13047440109030578,-1.5697266967069448
-0.20007671299019622,-0.17382967704571084,0.5086167779722706,2.863461669206306,0.13048356965059366,-1.5698411090380318
-0.20009266515046514,-0.17380468075104416,0.5086195227875121,2.8634466893067825,0.1304928418678265,-1.5699557141779252
-0.20010865967747413,-0.173779760757769,0.5086221754999735,2.8634317288265043,0.13050225323319958,-1.5700704654977824
-0.20012469349857767,-0.17375492487595612,0.5086247428435537,2.863416683710579,0.13051183923790816,-1.5701853163687611
-0.2001407635411301,-0.17373018091567646,0.5086272315521522,2.863401449904114,0.13052163537314757,-1.5703002201620186
-0.20015686673248606,-0.17370553668700078,0.508629648359668,2.863385923352219,0.1305316771301131,-1.5704151302487126
-0.200173,-0.173681,0.508632,2.86337,0.130542,-1.57053
-0.20018916059481556,-0.1736565767116402,0.5086342917450446,2.863353595043879,0.13055265460575657,-1.5706447966448935
-0.20020534706323356,-0.17363226486646854,0.5086365230186861,2.8633367006855277,0.13056375209734308,-1.5707595428438255
-0.20022155827534405,-0.1736080605559273,0.5086386917828064,2.8633193283779317,0.13057541875647288,-1.5708742751150824
-0.2002377931012369,-0.17358395987145903,0.5086407959992867,2.863301489574077,0.1305877808648592,-1.5709890299769518
-0.20025405041100222,-0.173559958904506,0.5086428336300087,2.8632831957269476,0.1306009647042153,-1.5711038439477205
-0.20027032907473,-0.17353605374651065,0.5086448026368539,2.8632644582895304,0.13061509655625453,-1.5712187535456754
-0.20028662796251023,-0.17351224048891534,0.5086467009817041,2.8632452887148103,0.1306303027026902,-1.5713337952891038
-0.20030294594443296,-0.17348851522316244,0.5086485266264404,2.8632256984557727,0.13064670942523543,-1.5714490056962929
-0.2003192818905881,-0.1734648740406944,0.5086502775329447,2.863205698965403,0.13066444300560365,-1.5715644212855289
-0.20033563467106574,-0.1734413130329536,0.5086519516630983,2.863185301696687,0.13068362972550812,-1.5716800785750995
-0.20035200315595586,-0.17341782829138233,0.5086535469787831,2.863164518102609,0.13070439586666208,-1.5717960140832916
-0.20036838621534844,-0.1733944159074231,0.5086550614418803,2.863143359636156,0.13072686771077885,-1.5719122643283923
-0.20038478271933355,-0.17337107197251825,0.5086564930142717,2.863121837750312,0.1307511715395717,-1.5720288658286885
-0.20040119153800112,-0.17334779257811014,0.5086578396578387,2.8630999638980628,0.1307774336347539,-1.5721458551024674
-0.20041761154144122,-0.17332457381564118,0.5086590993344628,2.8630777495323945,0.13080578027803877,-1.5722632686680156
-0.2004340415997438,-0.17330141177655375,0.5086602700060259,2.8630552061062917,0.13083633775113962,-1.5723811430436208
-0.20045048058883963,-0.17327830252871446,0.5086613495757467,2.8630323457615674,0.13086923046710444,-1.5724995146282943
-0.20046692773510216,-0.17325524072544066,0.5086623324271013,2.8630092219696506,0.1309044707190696,-1.5726184126645322
-0.2004833828080912,-0.1732322188274985,0.5086632074879637,2.8629859522628753,0.13094189701430836,-1.572737855302231
-0.2004998456240923,-0.1732092291070476,0.5086639632169082,2.8629626596841935,0.13098133291077213,-1.5728578597370853
-0.20051631599939085,-0.17318626383624758,0.5086645880725097,2.862939467276554,0.13102260196641263,-1.5729784431647893
-0.20053279375027247,-0.173163315287258,0.5086650705133426,2.862916498082908,0.13106552773918131,-1.5730996227810374
-0.20054927869302255,-0.17314037573223845,0.5086653989979818,2.862893875146207,0.13110993378702984,-1.573221415781524
-0.2005657706439267,-0.17311743744334857,0.5086655619850019,2.8628717215094,0.1311556436679098,-1.5733438393619439
-0.20058226941927032,-0.17309449269274796,0.5086655479329776,2.8628501602154373,0.1312024809397727,-1.5734669107179908
-0.20059877483533897,-0.1730715337525962,0.5086653453004836,2.86282931430727,0.13125026916057012,-1.5735906470453598
-0.20061528670841816,-0.1730485528950529,0.5086649425460944,2.8628093068278497,0.13129883188825367,-1.5737150655397454
-0.20063180485479334,-0.17302554239227766,0.5086643281283849,2.862790260820125,0.13134799268077493,-1.5738401833968414
-0.20064832909075003,-0.17300249451643007,0.5086634905059296,2.862772299327047,0.1313975750960855,-1.5739660178123425
-0.20066485923257374,-0.17297940153966979,0.5086624181373033,2.8627555453915665,0.13144740269213684,-1.574092585981943
-0.20068139509654997,-0.17295625573415635,0.5086610994810803,2.8627401220566338,0.13149729902688068,-1.5742199051013377
-0.20069793649896422,-0.17293304937204934,0.5086595229958357,2.8627261523651986,0.13154708765826853,-1.5743479923662207
-0.20071448325610197,-0.17290977472550842,0.5086576771401441,2.8627137593602128,0.1315965921442519,-1.5744768649722862
-0.2007310353494084,-0.17288642469581708,0.5086555512749625,2.8627030568980705,0.1316456482205864,-1.5746065398260067
-0.20074759468030925,-0.17286299949782458,0.5086531452514446,2.862694052041467,0.13169423318999765,-1.57473703047164
-0.20076416438892764,-0.17283950406480966,0.5086504656886119,2.862686682953934,0.13174241568874054,-1.5748683482842738
-0.2007807476360315,-0.17281594340869144,0.5086475193182844,2.862680886650684,0.1317902658752956,-1.5750005046028437
-0.20079734758238887,-0.1727923225413892,0.5086443128722821,2.8626766001469304,0.13183785390814318,-1.5751335107662852
-0.20081396738876772,-0.17276864647482215,0.5086408530824243,2.862673760457885,0.13188524994576367,-1.5752673781135333
-0.20083061021593607,-0.17274492022090948,0.5086371466805312,2.8626723045987608,0.13193252414663753,-1.5754021179835236
-0.2008472792246619,-0.17272114879157044,0.5086332003984223,2.8626721695847714,0.13197974666924514,-1.5755377417151912
-0.20086397757571317,-0.17269733719872415,0.5086290209679176,2.8626732924311282,0.13202698767206691,-1.575674260647471
-0.20088070842985797,-0.17267349045428987,0.5086246151208368,2.862675610153045,0.13207431731358324,-1.5758116861192992
-0.2008974749478642,-0.17264961357018685,0.5086199895889996,2.8626790597657337,0.13212180575227453,-1.5759500294696103
-0.20091428029049987,-0.1726257115583342,0.5086151511042257,2.8626835782844076,0.13216952314662128,-1.5760893020373397
-0.200931127618533,-0.17260178943065127,0.5086101063983351,2.8626891027242802,0.13221753965510372,-1.5762295151614232
-0.2009480200927316,-0.17257785219905716,0.5086048622031475,2.8626955701005623,0.13226592543620247,-1.5763706801807955
-0.20096496087386365,-0.1725539048754711,0.5085994252504825,2.862702917428468,0.13231475064839784,-1.5765128084343925
-0.2009819531226971,-0.17252995247181233,0.5085938022721601,2.8627110817232095,0.13236408545017017,-1.5766559112611487
-0.200999,-0.172506,0.508588,2.86272,0.132414,-1.5768
-0.2010161044391861,-0.17248205411932743,0.5085820245035431,2.862729608854216,0.1324645796779754,-1.5769450693548197
-0.20103326846425212,-0.1724581280785841,0.5085758792032143,2.8627398432018922,0.1325159707506154,-1.5770910474892341
-0.20105049387184062,-0.1724342367739336,0.5085695668571603,2.8627506375392273,0.1325683347060469,-1.5772378459318073
-0.2010677824585941,-0.1724103951015395,0.5085630902235269,2.8627619263624196,0.13262183303239652,-1.577385376211104
-0.20108513602115516,-0.17238661795756527,0.5085564520604604,2.8627736441676674,0.13267662721779117,-1.5775335498556888
-0.20110255635616617,-0.17236292023817457,0.5085496551261073,2.86278572545117,0.13273287875035758,-1.5776822783941258
-0.20112004526026978,-0.17233931683953094,0.5085427021786136,2.8627981047091255,0.1327907491182225,-1.5778314733549796
-0.20113760453010843,-0.1723158226577979,0.5085355959761255,2.862810716437733,0.13285039980951283,-1.5779810462668142
-0.2011552359623247,-0.17229245258913906,0.5085283392767895,2.8628234951331906,0.13291199231235526,-1.5781309086581947
-0.20117294135356104,-0.172269221529718,0.5085209348387515,2.8628363752916974,0.13297568811487656,-1.578280972057685
-0.20119072250046008,-0.17224614437569818,0.5085133854201579,2.862849291409452,0.13304164870520355,-1.5784311479938495
-0.20120858119966423,-0.17222323602324333,0.508505693779155,2.862862177982652,0.13311003557146298,-1.5785813479952528
-0.20122651924781607,-0.17220051136851677,0.5084978626738887,2.862874969507497,0.13318101020178175,-1.5787314835904596
-0.20124453844155812,-0.17217798530768227,0.5084898948625057,2.862887600480185,0.1332547340842865,-1.5788814663080337
-0.20126264057753288,-0.17215567273690338,0.508481793103152,2.862900005396915,0.13333136870710405,-1.57903120767654
-0.20128082745238288,-0.17213358855234354,0.5084735601539737,2.862912118753887,0.1334110755583612,-1.5791806192245426
-0.20129910086778782,-0.17211174754347047,0.5084651986624349,2.8629238764978138,0.13349401388490634,-1.5793296124212124
-0.20131746292765673,-0.17209015809799744,0.5084567046350545,2.8629353016064476,0.13358020845687854,-1.5794780951721068
-0.2013359162043543,-0.1720688186809181,0.5084480637848869,2.8629465519556447,0.13366947560551837,-1.5796259698591806
-0.20135446331054246,-0.17204772690365913,0.5084392609395277,2.862957797025396,0.13376161373183806,-1.5797731383892417
-0.20137310685888318,-0.17202688037764705,0.508430280926572,2.862969206295695,0.1338564212368503,-1.5799195026690964
-0.20139184946203834,-0.1720062767143083,0.5084211085736153,2.862980949246534,0.13395369652156738,-1.5800649646055525
-0.20141069373266984,-0.17198591352506956,0.5084117287082528,2.8629931953579075,0.13405323798700175,-1.5802094261054165
-0.2014296422834396,-0.17196578842135726,0.5084021261580798,2.8630061141098064,0.13415484403416597,-1.5803527890754956
-0.2014486977270096,-0.17194589901459803,0.5083922857506915,2.8630198749822244,0.1342583130640725,-1.5804949554225969
-0.20146786267604166,-0.17192624291621839,0.5083821923136833,2.863034647455155,0.1343634434777336,-1.580635827053527
-0.20148713974319782,-0.17190681773764485,0.5083718306746504,2.86305060100859,0.134470033676162,-1.580775305875094
-0.2015065315411399,-0.17188762109030395,0.5083611856611884,2.8630679051225223,0.13457788206036994,-1.580913293794104
-0.20152604068252994,-0.17186865058562226,0.5083502421008922,2.863086729276945,0.13468678703137002,-1.5810496927173645
-0.20154566978002977,-0.17184990383502632,0.5083389848213573,2.8631072429518514,0.13479654699017468,-1.5811844045516823
-0.2015654214463013,-0.1718313784499427,0.508327398650179,2.863129615627234,0.13490696033779623,-1.5813173312038646
-0.2015852982940065,-0.1718130720417979,0.5083154684149526,2.863154016783086,0.1350178254752473,-1.5814483745807184
-0.2016053029358073,-0.17179498222201844,0.5083031789432735,2.8631806158993993,0.13512894080354032,-1.581577436589051
-0.2016254378905408,-0.17177710645618918,0.5082905160488047,2.863209573924011,0.13524011286249307,-1.58170442852517
-0.2016457045863309,-0.17175944051448394,0.5082774770082505,2.8632409526184417,0.1353512428055374,-1.5818293708383364
-0.2016661037476154,-0.17174197907326322,0.5082640664938246,2.8632747497530424,0.13546229282714578,-1.5819523543990701
-0.2016866360871042,-0.17172471679065732,0.5082502893010001,2.8633109620316417,0.13557322613914186,-1.5820734712515778
-0.20170730231750697,-0.1717076483247965,0.5082361502252492,2.8633495861580696,0.1356840059533488,-1.5821928134400671
-0.20172810315153364,-0.17169076833381106,0.5082216540620444,2.863390618836157,0.1357945954815901,-1.5823104730087458
-0.2017490393018939,-0.1716740714758312,0.5082068056068586,2.8634340567697336,0.1359049579356891,-1.582426542001821
-0.2017701114812976,-0.1716575524089872,0.5081916096551641,2.863479896662629,0.1360150565274692,-1.5825411124634996
-0.20179132040245448,-0.17164120579140935,0.5081760710024334,2.8635281352186737,0.1361248544687539,-1.5826542764379898
-0.20181266677807436,-0.17162502628122794,0.5081601944441395,2.8635787691416974,0.13623431497136645,-1.5827661259694985
-0.20183415132086704,-0.1716090085365732,0.5081439847757545,2.86363179513553,0.1363434012471302,-1.5828767531022332
-0.2018557747435423,-0.17159314721557542,0.5081274467927512,2.8636872099040023,0.13645207650786875,-1.582986249880401
-0.20187753775880996,-0.17157743697636485,0.5081105852906023,2.8637450101509434,0.13656030396540533,-1.5830947083482099
-0.2018994410793797,-0.17156187247707178,0.50809340506478,2.8638051925801835,0.13666804683156333,-1.5832022205498668
-0.20192148541796148,-0.1715464483758264,0.5080759109107571,2.863867753895553,0.1367752683181662,-1.5833088785295792
-0.20194367148726497,-0.17153115933075905,0.5080581076240065,2.8639326908008815,0.13688193163703724,-1.5834147743315543
-0.201966,-0.171516,0.50804,2.864,0.136988,-1.58352
-0.2019884691275079,-0.1715009662193332,0.5080215956867178,2.8640696483768804,0.13709345421952285,-1.5836246282644828
-0.20201106687565598,-0.17148605853515728,0.5080029137421671,2.8641414835360663,0.1371983455106546,-1.5837286545960063
-0.2020337787089433,-0.17147127867152473,0.5079839760768622,2.8642153232622465,0.13730274268908946,-1.5838320551509344
-0.2020565900918686,-0.17145662835248793,0.5079648046013177,2.8642909853401064,0.13740671457052125,-1.5839348060856304
-0.20207948648893093,-0.1714421093020992,0.507945421226048,2.864368287554335,0.13751032997064394,-1.5840368835564578
-0.20210245336462915,-0.1714277232444109,0.5079258478615675,2.8644470476896178,0.13761365770515163,-1.58413826371978
-0.20212547618346216,-0.17141347190347558,0.5079061064183905,2.864527083530642,0.13771676658973817,-1.5842389227319602
-0.2021485404099289,-0.17139935700334546,0.5078862188070317,2.8646082128620955,0.13781972544009768,-1.5843388367493623
-0.20217163150852832,-0.17138538026807307,0.5078662069380051,2.8646902534686642,0.1379226030719241,-1.5844379819283496
-0.2021947349437592,-0.17137154342171074,0.5078460927218255,2.864773023135037,0.13802546830091134,-1.5845363344252852
-0.20221783618012057,-0.1713578481883108,0.507825898069007,2.8648563396458995,0.13812838994275353,-1.5846338703965328
-0.20224092068211133,-0.17134429629192574,0.5078056448900643,2.8649400207859386,0.13823143681314454,-1.5847305659984554
-0.2022639739142304,-0.17133088945660788,0.5077853550955115,2.8650238843398426,0.1383346777277783,-1.584826397387417
-0.20228698134097664,-0.17131762940640963,0.5077650505958635,2.865107748092298,0.138438181502349,-1.5849213407197809
-0.202309928426849,-0.17130451786538342,0.5077447533016342,2.8651914298279912,0.1385420169525504,-1.5850153721519102
-0.2023328006363464,-0.17129155655758155,0.5077244851233382,2.8652747473316107,0.13864625289407667,-1.585108467840169
-0.2023555834861949,-0.17127874714681948,0.507704267897638,2.8653575187521185,0.13875095881376806,-1.5852006050686607
-0.20237826562674846,-0.1712660876826933,0.507684119030068,2.865439584095046,0.138856244467245,-1.5852918287859248
-0.2024008405654847,-0.17125357061275906,0.5076640490579151,2.8655208172436075,0.13896228202673777,-1.5853822888203752
-0.2024233022276981,-0.1712411879026769,0.5076440679276489,2.865601094995223,0.13906924903364687,-1.5854721440223516
-0.20244564453868324,-0.17122893151810706,0.5076241855857393,2.8656802941473147,0.13917732302937286,-1.5855615532421927
-0.20246786142373469,-0.17121679342470966,0.5076044119786562,2.865758291497304,0.13928668155531657,-1.5856506753302368
-0.20248994680814697,-0.17120476558814493,0.5075847570528691,2.8658349638426133,0.13939750215287855,-1.5857396691368233
-0.20251189461721464,-0.17119283997407297,0.5075652307548476,2.8659101879806634,0.13950996236345964,-1.585828693512291
-0.20253369877623228,-0.17118100854815402,0.5075458430310621,2.865983840708876,0.1396242397284604,-1.5859179073069787
-0.2025553532104944,-0.17116926327604826,0.507526603827982,2.866055798824673,0.13974051178928137,-1.5860074693712254
-0.2025768518452956,-0.1711575961234158,0.507507523092077,2.866125939125476,0.1398589560873235,-1.5860975385553702
-0.20259818860593048,-0.17114599905591688,0.5074886107698169,2.866194138408707,0.13997975016398728,-1.5861882737097515
-0.20261935741769346,-0.17113446403921162,0.5074698768076716,2.866260273471787,0.1401030715606733,-1.5862798336847088
-0.20264035220587923,-0.17112298303896026,0.5074513311521107,2.8663242211121385,0.14022909781878248,-1.586372377330581
-0.2026611668957822,-0.1711115480208229,0.5074329837496041,2.8663858581271815,0.1403580064797152,-1.5864660634977061
-0.2026817954126971,-0.17110015095045977,0.5074148445466214,2.8664450613143395,0.14048997508487243,-1.586561051036424
-0.20270223168191837,-0.171088783793531,0.5073969234896325,2.8665017074710337,0.14062518117565465,-1.5866574987970736
-0.20272247018247036,-0.1710774388783461,0.5073792290351881,2.8665556942533614,0.1407637752817737,-1.5867555499851507
-0.20274251183048633,-0.17106611274901148,0.5073617523195281,2.86660716179954,0.14090559392205992,-1.58685516593486
-0.20276236169507286,-0.17105480466950304,0.5073444733044993,2.8666564066878606,0.1410502710276776,-1.5869561906440872
-0.20278202491455283,-0.17104351394912765,0.5073273717657079,2.866703728103949,0.14119743715333,-1.5870584661551135
-0.20280150662724913,-0.17103223989719224,0.5073104274787604,2.8667494252334325,0.14134672285372069,-1.58716183451022
-0.2028208119714846,-0.17102098182300368,0.5072936202192636,2.866793797261937,0.1414977586835527,-1.5872661377516877
-0.2028399460855821,-0.17100973903586889,0.5072769297628239,2.866837143375088,0.1416501751975297,-1.5873712179217967
-0.20285891410786452,-0.17099851084509482,0.5072603358850476,2.8668797627585136,0.1418036029503549,-1.587476917062829
-0.2028777211766547,-0.17098729655998834,0.5072438183615416,2.866921954597839,0.1419576724967315,-1.587583077217065
-0.20289637243027556,-0.17097609548985643,0.5072273569679121,2.8669640180786904,0.14211201439136303,-1.5876895404267855
-0.20291487300704988,-0.1709649069440059,0.507210931479766,2.8670062523866946,0.14226625918895283,-1.5877961487342718
-0.2029332280453006,-0.17095373023174373,0.5071945216727094,2.8670489567074777,0.14242003744420398,-1.5879027441818045
-0.20295144268335055,-0.1709425646623768,0.507178107322349,2.8670924302266667,0.14257297971182012,-1.5880091688116647
-0.2029695220595226,-0.17093140954521208,0.5071616682042914,2.8671369721298863,0.14272471654650434,-1.5881152646661334
-0.20298747131213962,-0.17092026418955641,0.507145184094143,2.8671828816027647,0.14287487850296027,-1.5882208737874919
-0.20300529557952446,-0.17090912790471677,0.5071286347675105,2.8672304578309276,0.14302309613589106,-1.58832583821802
-0.203023,-0.170898,0.507112,2.86728,0.143169,-1.58843
-0.20304059011440434,-0.17088688126734727,0.5070952602911347,2.867331792348018,0.1433122565788377,-1.588533209132088
-0.20305807307363616,-0.17087577842923649,0.5070783990361024,2.8673860593226457,0.14345267607134293,-1.5886353474384458
-0.20307545643110955,-0.17086469969077991,0.5070614003540072,2.8674430104239566,0.14359010460530156,-1.5887363046996101
-0.20309274774023844,-0.1708536532570897,0.5070442483639531,2.8675028551520234,0.14372438830849982,-1.5888359706961188
-0.20310995455443684,-0.170842647333278,0.5070269271850446,2.867565803006919,0.14385537330872344,-1.5889342352085092
-0.2031270844271187,-0.17083169012445704,0.5070094209363856,2.8676320634887174,0.1439829057337586,-1.5890309880173183
-0.20314414491169802,-0.1708207898357389,0.5069917137370803,2.8677018460974906,0.14410683171139116,-1.5891261189030839
-0.20316114356158876,-0.17080995467223586,0.506973789706233,2.867775360333312,0.14422699736940703,-1.5892195176463428
-0.20317808793020495,-0.1707991928390601,0.5069556329629475,2.867852815696254,0.14434324883559235,-1.589311074027633
-0.20319498557096052,-0.1707885125413237,0.5069372276263283,2.8679344216863907,0.14445543223773302,-1.5894006778274914
-0.2032118440372695,-0.17077792198413894,0.5069185578154795,2.868020387803795,0.1445633937036149,-1.5894882188264552
-0.20322867088254587,-0.1707674293726179,0.5068996076495048,2.8681109235485387,0.14466697936102418,-1.5895735868050624
-0.2032454736602035,-0.17075704291187285,0.506880361247509,2.8682062384206954,0.14476603533774665,-1.5896566715438494
-0.20326225992365657,-0.17074677080701595,0.5068608027285961,2.868306541920339,0.14486040776156842,-1.5897373628233544
-0.20327903722631893,-0.17073662126315933,0.50684091621187,2.8684120435475418,0.14494994276027542,-1.5898155504241145
-0.20329581312160452,-0.17072660248541524,0.5068206858164349,2.8685229528023766,0.14503448646165357,-1.5898911241266669
-0.20331259511407937,-0.17071672262191512,0.5068000958523882,2.8686394765520404,0.14511388795115784,-1.5899639748884318
-0.20332938777742302,-0.1707069864019506,0.5067791420894093,2.8687616636911404,0.14518817377437895,-1.5900340642798048
-0.2033461911424415,-0.17069739325561134,0.506757838059531,2.8688893182567696,0.14525764554011822,-1.5901014633212915
-0.20336300484915615,-0.1706879421571418,0.50673619882273,2.8690222232230105,0.14532262851852845,-1.5901662524484625
-0.20337982853758801,-0.17067863208078624,0.5067142394389834,2.869160161563943,0.1453834479797623,-1.5902285120968869
-0.20339666184775843,-0.1706694620007891,0.5066919749682678,2.86930291625365,0.14544042919397263,-1.5902883227021347
-0.20341350441968853,-0.17066043089139477,0.5066694204705602,2.8694502702662126,0.1454938974313122,-1.5903457646997754
-0.2034303558933995,-0.1706515377268476,0.5066465910058374,2.869602006575713,0.1455441779619337,-1.5904009185253782
-0.2034472159089126,-0.17064278148139198,0.5066235016340764,2.8697579081562323,0.14559159605598995,-1.590453864614514
-0.20346408410624903,-0.17063416112927224,0.5066001674152539,2.869917757981852,0.1456364769836337,-1.5905046834027516
-0.20348096012543,-0.17062567564473277,0.506576603409347,2.8700813390266537,0.14567914601501764,-1.5905534553256608
-0.20349784360647663,-0.17061732400201798,0.5065528246763323,2.870248434264719,0.14571992842029466,-1.5906002608188115
-0.20351473418941024,-0.17060910517537226,0.506528846276187,2.8704188266701296,0.14575914946961738,-1.590645180317773
-0.203531631514252,-0.17060101813903994,0.5065046832688876,2.8705922992169675,0.14579713443313874,-1.5906882942581155
-0.2035485352210231,-0.17059306186726536,0.5064803507144112,2.870768634879313,0.14583420858101134,-1.590729683075408
-0.20356544494974474,-0.170585235334293,0.5064558636727347,2.8709476166312493,0.14587069718338797,-1.590769427205221
-0.20358236034043814,-0.17057753751436716,0.5064312372038349,2.8711290274468566,0.14590692551042142,-1.5908076070831236
-0.20359928132500008,-0.1705699667818145,0.5064064854814176,2.8713126596211813,0.14594320371727434,-1.590844303446988
-0.20361621122838058,-0.170562514536918,0.506381612376288,2.871498413805473,0.14597966624734932,-1.5908796005489452
-0.2036331555645965,-0.1705551676805778,0.5063566151122181,2.8716862605582136,0.14601633418162313,-1.5909135849083917
-0.2036501198841489,-0.17054791303870415,0.5063314908021964,2.8718761716030032,0.14605322671169865,-1.5909463430825113
-0.2036671097375391,-0.17054073743720732,0.5063062365592111,2.872068118663442,0.146090363029179,-1.5909779616284876
-0.20368413067526825,-0.17053362770199776,0.5062808494962507,2.8722620734631303,0.1461277623256671,-1.5910085271035053
-0.20370118824783745,-0.17052657065898572,0.5062553267263038,2.87245800772567,0.14616544379276586,-1.591038126064748
-0.20371828800574807,-0.17051955313408154,0.5062296653623582,2.872655893174661,0.1462034266220784,-1.5910668450693992
-0.20373543549950116,-0.17051256195319547,0.5062038625174026,2.8728557015337035,0.1462417300052076,-1.591094770674643
-0.20375263627959797,-0.17050558394223791,0.5061779153044255,2.8730574045263992,0.14628037313375644,-1.5911219894376634
-0.20376989589653968,-0.1704986059271192,0.5061518208364149,2.873260973876348,0.146319375199328,-1.5911485879156446
-0.2037872199008275,-0.17049161473374966,0.5061255762263595,2.8734663813071513,0.14635875539352514,-1.59117465266577
-0.2038046138429626,-0.17048459718803952,0.5060991785872472,2.873673598542409,0.14639853290795093,-1.5912002702452237
-0.20382208327344625,-0.17047754011589916,0.5060726250320668,2.8738825973057223,0.14643872693420834,-1.5912255272111897
-0.20383963374277958,-0.1704704303432389,0.5060459126738066,2.8740933493206913,0.14647935666390033,-1.5912505101208516
-0.20385727080146376,-0.17046325469596907,0.5060190386254548,2.8743058263109167,0.1465204412886299,-1.5912753055313937
-0.20387500000000003,-0.170456,0.505992,2.87452,0.14656200000000003,-1.5913
-0.2038928266434683,-0.17044865472660933,0.5059647940222772,2.8747358478461935,0.14660402239291903,-1.5913246679869393
-0.20391075505526396,-0.17044121392854406,0.5059374183645092,2.8749533702463608,0.14664637967551694,-1.5913493355648205
-0.2039287893133609,-0.17043367430391854,0.5059098708107659,2.8751725733320175,0.14668891345922896,-1.5913740167093395
-0.20394693349573312,-0.17042603255084704,0.5058821491451168,2.87539346323468,0.14673146535549048,-1.5913987253961903
-0.2039651916803547,-0.17041828536744405,0.5058542511516315,2.8756160460858635,0.14677387697573677,-1.5914234756010677
-0.20398356794519965,-0.17041042945182375,0.5058261746143801,2.8758403280170834,0.1468159899314031,-1.591448281299666
-0.20400206636824195,-0.17040246150210056,0.5057979173174318,2.8760663151598567,0.14685764583392485,-1.5914731564676807
-0.20402069102745563,-0.1703943782163888,0.5057694770448566,2.876294013645698,0.14689868629473732,-1.5914981150808056
-0.20403944600081475,-0.17038617629280284,0.5057408515807242,2.8765234296061237,0.14693895292527578,-1.5915231711147362
-0.20405833536629328,-0.17037785242945697,0.5057120387091041,2.876754569172649,0.14697828733697557,-1.5915483385451665
-0.20407736320186526,-0.1703694033244655,0.5056830362140662,2.8769874384767906,0.147016531141272,-1.5915736313477915
-0.2040965335855047,-0.17036082567594288,0.5056538418796799,2.8772220436500646,0.14705352594960036,-1.591599063498306
-0.20411585059518558,-0.17035211618200333,0.5056244534900153,2.877458390823985,0.14708911337339603,-1.5916246489724044
-0.204135318308882,-0.17034327154076126,0.5055948688291416,2.8776964861300685,0.1471231350240942,-1.5916504017457813
-0.20415494080456795,-0.170334288450331,0.5055650856811289,2.8779363356998315,0.14715543251313024,-1.5916763357941317
-0.20417472216021743,-0.17032516360882685,0.5055351018300466,2.878177945664789,0.14718584745193944,-1.59170246509315
-0.2041946664216787,-0.17031589375359474,0.5055049151621787,2.878421320941759,0.14721422395802647,-1.591728804092879
-0.20421477570725508,-0.1703064779758762,0.5054745296966466,2.8786663935656387,0.1472405565130515,-1.5917553957042287
-0.2042350491475554,-0.1702969190154508,0.5054439589584719,2.878912982604355,0.14726507266311628,-1.591782326952454
-0.20425548561618226,-0.17028721992595086,0.5054132172903871,2.8791608974082434,0.14728802000287658,-1.591809688657592
-0.20427608398673852,-0.1702773837610087,0.5053823190351255,2.87940994732764,0.14730964612698816,-1.5918375716396809
-0.20429684313282687,-0.17026741357425668,0.5053512785354196,2.879659941712882,0.14733019863010682,-1.5918660667187576
-0.20431776192804998,-0.17025731241932707,0.5053201101340024,2.8799106899143045,0.14734992510688832,-1.591895264714859
-0.20433883924601068,-0.17024708334985222,0.5052888281736069,2.880162001282243,0.14736907315198844,-1.5919252564480233
-0.2043600739603117,-0.17023672941946447,0.505257446996966,2.880413685167036,0.147387890360063,-1.5919561327382876
-0.20438146494455567,-0.17022625368179614,0.5052259809468121,2.880665550919018,0.14740662432576773,-1.591987984405689
-0.20440301107234546,-0.1702156591904796,0.5051944443658788,2.8809174078885245,0.1474255226437584,-1.5920209022702652
-0.20442471121728373,-0.1702049489991471,0.5051628515968986,2.8811690654258943,0.14744483290869087,-1.5920549771520538
-0.20444656425297322,-0.170194126161431,0.5051312169826044,2.8814203328814614,0.1474648027152208,-1.5920902998710913
-0.2044685690530167,-0.17018319373096363,0.5050995548657291,2.881671019605562,0.14748567965800405,-1.5921269612474158
-0.20449072449101682,-0.17017215476137734,0.5050678795890057,2.881920934948534,0.14750771133169638,-1.5921650521010648
-0.20451302944057642,-0.17016101230630445,0.5050362054951669,2.882169888260712,0.1475311453309536,-1.5922046632520752
-0.20453548277529823,-0.17014976941937726,0.5050045469269457,2.882417688892432,0.14755622925043144,-1.5922458855204844
-0.20455808338152626,-0.17013842965130088,0.504972917739088,2.882664155845233,0.14758319551596027,-1.5922888013314718
-0.20458083029372273,-0.17012700233125166,0.5049413261134928,2.8829092203158497,0.14761210021577534,-1.5923333955199879
-0.2046037226419102,-0.17011550051645188,0.5049097765721567,2.8831528858850235,0.14764288567192138,-1.5923795899595456
-0.20462675955770357,-0.17010393732625784,0.5048782735760788,2.8833951573398933,0.14767549231033997,-1.5924273054743014
-0.2046499401727179,-0.1700923258800259,0.504846821586258,2.883636039467599,0.14770986055697266,-1.5924764628884103
-0.2046732636185682,-0.17008067929711243,0.5048154250636928,2.8838755370552795,0.14774593083776105,-1.5925269830260285
-0.20469672902686956,-0.1700690106968738,0.5047840884693822,2.884113654890075,0.1477836435786467,-1.592578786711312
-0.20472033552923705,-0.1700573331986663,0.5047528162643246,2.8843503977591243,0.14782293920557124,-1.5926317947684157
-0.2047440822572857,-0.17004565992184634,0.5047216129095191,2.8845857704495663,0.14786375814447617,-1.5926859280214964
-0.20476796834263042,-0.1700340039857703,0.5046904828659644,2.8848197777485414,0.14790604082130307,-1.5927411072947097
-0.2047919929168864,-0.17002237850979443,0.5046594305946591,2.885052424443189,0.1479497276619936,-1.5927972534122112
-0.20481615511166865,-0.17001079661327517,0.5046284605566024,2.8852837153206483,0.14799475909248927,-1.592854287198157
-0.20484045405859216,-0.16999927141556886,0.5045975772127926,2.8855136551680585,0.14804107553873164,-1.5929121294767026
-0.20486488888927204,-0.16998781603603183,0.5045667850242287,2.8857422487725595,0.14808861742666235,-1.592970701072004
-0.20488945873532324,-0.16997644359402042,0.5045360884519096,2.8859695009212905,0.1481373251822229,-1.5930299228082168
-0.20491416272836088,-0.16996516720889104,0.5045054919568337,2.886195416401391,0.14818713923135493,-1.593089715509497
-0.204939,-0.169954,0.504475,2.88642,0.148238,-1.59315
-0.20496396778524262,-0.169942952716968,0.5044446182784529,2.8866432540499187,0.14828983404537238,-1.5932107069070796
-0.20498905573263881,-0.1699320266304729,0.5044143574334187,2.886865171066592,0.14834251244977728,-1.5932718060708773
-0.20501425159412573,-0.16992122064145707,0.5043842293421696,2.8870857411111257,0.14839589242679269,-1.593333277134733
-0.2050395431216404,-0.16991053365086273,0.5043542458819775,2.887304954244626,0.14844983118999636,-1.5933950997419855
-0.20506491806712004,-0.1698999645596321,0.5043244189301145,2.8875228005281985,0.14850418595296638,-1.5934572535359746
-0.20509036418250165,-0.16988951226870752,0.5042947603638526,2.8877392700229487,0.1485588139292805,-1.5935197181600398
-0.20511586921972233,-0.16987917567903119,0.5042652820604637,2.887954352789985,0.14861357233251685,-1.59358247325752
-0.2051414209307193,-0.16986895369154534,0.5042359958972201,2.8881680388904107,0.1486683183762532,-1.593645498471755
-0.20516700706742955,-0.1698588452071923,0.5042069137513936,2.8883803183853334,0.1487229092740674,-1.5937087734460837
-0.2051926153817902,-0.1698488491269143,0.5041780475002563,2.888591181335859,0.14877720223953755,-1.5937722778238463
-0.2052182336257384,-0.16983896435165363,0.5041494090210803,2.8888006178030934,0.14883105448624148,-1.5938359912483817
-0.20524384955121117,-0.1698291897823525,0.5041210101911375,2.889008617848142,0.1488843232277571,-1.593899893363029
-0.20526945091014573,-0.16981952431995317,0.5040928628876999,2.8892151715321117,0.14893686567766234,-1.5939639638111283
-0.20529502545447909,-0.169809966865398,0.5040649789880398,2.8894202689161084,0.14898853904953507,-1.594028182236018
-0.20532056093614834,-0.16980051631962914,0.504037370369429,2.889623900061238,0.14903920055695327,-1.5940925282810385
-0.2053460451070907,-0.16979117158358886,0.5040100489091394,2.8898260550286063,0.1490887074134949,-1.5941569815895287
-0.2053714657346301,-0.1697819316391573,0.5039830264423238,2.890026723516525,0.14913691847946717,-1.5942215210818595
-0.2053968115093129,-0.16977280032448583,0.5039563122769647,2.890225873455651,0.1491837914189438,-1.594286082300309
-0.20542207255267936,-0.16976378900494618,0.503929911803931,2.8904234390367747,0.149229437041836,-1.59435053355111
-0.20544723910936588,-0.169754909693413,0.5039038300771361,2.8906193515483323,0.1492739793318905,-1.5944147373567479
-0.20547230142400916,-0.1697461744027609,0.5038780721504931,2.89081354227876,0.14931754227285413,-1.59447855623971
-0.2054972497412456,-0.16973759514586442,0.5038526430779149,2.8910059425164945,0.14936024984847351,-1.594541852722483
-0.20552207430571195,-0.16972918393559824,0.5038275479133147,2.8911964835499724,0.1494022260424955,-1.5946044893275537
-0.2055467653620446,-0.16972095278483695,0.5038027917106059,2.8913850966676296,0.1494435948386669,-1.5946663285774083
-0.20557131315488014,-0.16971291370645514,0.5037783795237012,2.891571713157903,0.14948448022073435,-1.594727232994534
-0.20559570792885518,-0.16970507871332743,0.5037543164065139,2.8917562643092283,0.14952500617244463,-1.5947870651014167
-0.20561993992860617,-0.1696974598183284,0.5037306074129572,2.891938681410043,0.14956529667754456,-1.594845687420544
-0.20564399939876973,-0.16969006903433267,0.5037072575969441,2.8921188957487827,0.1496054757197808,-1.5949029624744016
-0.20566787658398242,-0.16968291837421487,0.5036842720123877,2.892296838613884,0.1496456672829002,-1.5949587527854765
-0.20569156172888073,-0.1696760198508496,0.5036616557132014,2.892472441293783,0.14968599535064944,-1.5950129208762558
-0.20571504507810123,-0.1696693854771114,0.5036394137532979,2.8926456350769176,0.14972658390677532,-1.5950653292692252
-0.20573831687628052,-0.16966302726587495,0.5036175511865906,2.8928163512517213,0.14976755693502458,-1.5951158404868722
-0.20576136736805503,-0.16965695723001487,0.5035960730669925,2.892984521106634,0.14980903841914395,-1.5951643170516832
-0.2057841876356358,-0.1696511861345383,0.5035749835100051,2.8931500831467174,0.14985114503679078,-1.595210634036477
-0.20580677849803522,-0.1696457102379936,0.5035542757220933,2.893313059770334,0.14989390853233223,-1.5952548124116843
-0.20582914705607308,-0.16964051643992364,0.503533935871634,2.8934735275005536,0.1499373058544646,-1.595296967275228
-0.20585130051526623,-0.16963559148388765,0.5035139500097027,2.8936315637625243,0.14998131303862297,-1.5953372152938217
-0.20587324608113125,-0.16963092211344494,0.5034943041873751,2.893787245981395,0.15002590612024233,-1.5953756731341795
-0.20589499095918498,-0.16962649507215485,0.5034749844557264,2.8939406515823136,0.15007106113475788,-1.595412457463016
-0.20591654235494394,-0.16962229710357668,0.5034559768658323,2.8940918579904285,0.15011675411760458,-1.5954476849470447
-0.20593790747392496,-0.16961831495126975,0.5034372674687683,2.8942409426308875,0.15016296110421748,-1.5954814722529798
-0.2059590935216447,-0.16961453535879337,0.5034188423156097,2.8943879829288406,0.1502096581300317,-1.5955139360475352
-0.20598010770361988,-0.16961094506970686,0.5034006874574323,2.8945330563094336,0.1502568212304823,-1.5955451929974254
-0.20600095722536713,-0.16960753082756952,0.5033827889453112,2.8946762401978168,0.15030442644100428,-1.5955753597693636
-0.2060216492924032,-0.16960427937594072,0.5033651328303224,2.8948176120191373,0.1503524497970328,-1.5956045530300649
-0.20604219111024474,-0.1696011774583797,0.5033477051635408,2.8949572491985447,0.15040086733400285,-1.5956328894462426
-0.20606258988440854,-0.16959821181844578,0.5033304919960423,2.895095229161186,0.15044965508734953,-1.5956604856846108
-0.20608285282041117,-0.1695953691996983,0.5033134793789024,2.8952316293322102,0.15049878909250794,-1.5956874584118839
-0.20610298712376945,-0.16959263634569663,0.5032966533631964,2.8953665271367655,0.15054824538491304,-1.5957139242947755
-0.206123,-0.16959,0.50328,2.8955,0.150598,-1.59574
-0.20614289902791622,-0.1695874481750559,0.5032635046741734,2.8956321349180327,0.15064802806371683,-1.5957657862049286
-0.20616269327951808,-0.16958497395886427,0.5032471501057166,2.895763057170864,0.15069830106406348,-1.5957913196295608
-0.20618239220010226,-0.1695825717083133,0.5032309183484147,2.8958929016094626,0.15074878957955304,-1.5958166210045546
-0.20620200523496537,-0.16958023578029116,0.5032147914560525,2.8960218030848006,0.1507994641886984,-1.5958417110605665
-0.20622154182940416,-0.16957796053168592,0.5031987514824148,2.8961498964478483,0.15085029547001264,-1.5958666105282542
-0.20624101142871526,-0.16957574031938577,0.5031827804812866,2.896277316549574,0.1509012540020087,-1.5958913401382744
-0.20626042347819526,-0.16957356950027883,0.5031668605064529,2.89640419824095,0.1509523103631995,-1.5959159206212847
-0.20627978742314093,-0.1695714424312532,0.5031509736116984,2.8965306763729464,0.15100343513209816,-1.5959403727079422
-0.20629911270884882,-0.16956935346919705,0.5031351018508081,2.896656885796533,0.15105459888721756,-1.595964717128904
-0.20631840878061566,-0.16956729697099854,0.5031192272775669,2.89678296136268,0.15110577220707072,-1.5959889746148277
-0.20633768508373815,-0.16956526729354576,0.5031033319457596,2.896909037922359,0.15115692567017067,-1.5960131658963694
-0.20635695106351284,-0.16956325879372688,0.5030873979091715,2.8970352503265384,0.1512080298550303,-1.5960373117041875
-0.2063762161652365,-0.16956126582843,0.5030714072215869,2.89716173342619,0.1512590553401627,-1.5960614327689384
-0.20639548983420566,-0.16955928275454332,0.503055341936791,2.8972886220722835,0.15130997270408084,-1.59608554982128
-0.2064147815157171,-0.16955730392895493,0.5030391841085687,2.8974160511157896,0.1513607525252976,-1.5961096835918687
-0.20643410065506745,-0.16955532370855297,0.5030229157907051,2.897544155407678,0.15141136538232614,-1.5961338548113624
-0.20645345669755338,-0.1695533364502256,0.5030065190369849,2.8976730697989206,0.1514617818536793,-1.5961580842104177
-0.2064728590884715,-0.16955133651086096,0.5029899759011927,2.897802929140486,0.1515119725178701,-1.596182392519692
-0.20649231727311848,-0.16954931824734712,0.5029732684371139,2.8979338682833453,0.15156190795341162,-1.5962068004698429
-0.20651184069679102,-0.1695472760165723,0.5029563786985332,2.8980660220784684,0.1516115587388167,-1.596231328791527
-0.20653143880478575,-0.16954520417542457,0.5029392887392354,2.8981995253768265,0.15166089545259848,-1.5962559982154019
-0.20655112104239937,-0.16954309708079215,0.5029219806130056,2.8983345130293885,0.15170988867326984,-1.5962808294721245
-0.2065708968549285,-0.16954094908956308,0.5029044363736287,2.8984711198871262,0.15175850897934376,-1.5963058432923523
-0.20659077568766981,-0.16953875455862558,0.5028866380748892,2.8986094808010097,0.1518067269493333,-1.5963310604067422
-0.20661076698592,-0.16953650784486773,0.5028685677705726,2.8987497306220087,0.15185451316175144,-1.5963565015459518
-0.20663088019497564,-0.1695342033051777,0.5028502075144634,2.8988920042010937,0.15190183819511108,-1.5963821874406376
-0.20665112476013348,-0.1695318352964436,0.5028315393603466,2.899036436389236,0.1519486726279253,-1.5964081388214573
-0.20667151012669013,-0.1695293981755536,0.5028125453620073,2.899183162037404,0.15199498703870704,-1.5964343764190676
-0.20669204573994227,-0.16952688629939583,0.5027932075732299,2.8993323159965696,0.15204075200596934,-1.5964609209641265
-0.20671274104518655,-0.1695242940248584,0.5027735080477996,2.899484033117703,0.1520859381082251,-1.5964877931872907
-0.20673360548771963,-0.16952161570882948,0.5027534288395016,2.8996384482517734,0.15213051592398735,-1.5965150138192175
-0.2067546485128382,-0.1695188457081972,0.5027329520021204,2.8997956962497526,0.15217445603176913,-1.5965426035905639
-0.20677587956583887,-0.16951597837984966,0.5027120595894411,2.89995591196261,0.15221772901008335,-1.5965705832319876
