x,y,z,qw,qx,qy,qz
-0.324558,-0.458872,0.541914,0.2836731498880014,0.5854984678844306,-0.7568742161579176,0.06214908730578016
-0.32458782,-0.45906016,0.54175566,0.2827452848027324,0.5860297406083402,-0.756798732540985,0.06228904774277835
-0.32461764,-0.45924832,0.54159732,0.28181682732066643,0.5865597088313946,-0.7567229610239933,0.06242871193307584
-0.32464746,-0.45943648,0.54143898,0.28088777934546594,0.5870883716664014,-0.756646902266463,0.06256807939382243
-0.32467728,-0.45962464,0.54128064,0.27995814278212944,0.5876157282289832,-0.7565705569287609,0.06270714964345857
-0.3247071,-0.4598128,0.5411223,0.2790279195369877,0.5881417776375809,-0.7564939256720985,0.06284592220171592
-0.32473692,-0.46000096,0.54096396,0.2780971115176994,0.5886665190134551,-0.7564170091585296,0.06298439658961957
-0.32476674,-0.46018912,0.54080562,0.2771657206332471,0.589189951480689,-0.756339808050948,0.06312257232948934
-0.32479656,-0.46037728,0.54064728,0.2762337487939331,0.5897120741661886,-0.7562623230130843,0.0632604489449405
-0.3248263799999999,-0.46056544,0.54048894,0.2753011979113744,0.590232886199687,-0.7561845547095051,0.06339802596088608
-0.3248562,-0.4607536,0.5403306,0.2743680698984995,0.590752386713745,-0.7561065038056093,0.06353530290353808
-0.32488602,-0.46094176,0.54017226,0.27343436666954324,0.591270574843753,-0.7560281709676261,0.06367227930040872
-0.32491584,-0.4611299199999999,0.5400139199999999,0.27250009014004384,0.5917874497279343,-0.7559495568626133,0.0638089546803117
-0.3249456599999999,-0.4613180799999999,0.53985558,0.2715652422268369,0.5923030105073454,-0.7558706621584539,0.06394532857336384
-0.32497548,-0.4615062399999999,0.53969724,0.2706298248480524,0.5928172563258791,-0.7557914875238539,0.06408140051098672
-0.3250053,-0.4616943999999999,0.5395388999999999,0.26969383992311025,0.5933301863302665,-0.7557120336283409,0.06421717002590785
-0.32503512,-0.46188256,0.5393805599999999,0.2687572893727157,0.5938417996700779,-0.7556323011422609,0.06435263665216152
-0.32506056,-0.4620546,0.53924224,0.2678072798770959,0.5943108785158132,-0.7555992287261238,0.0643711586898978
-0.32507724,-0.4621943999999999,0.53914396,0.2668309314412397,0.5946961753888365,-0.7556597663608273,0.06415629748972895
-0.32509392,-0.4623342,0.53904568,0.26585404319339623,0.5950801086151942,-0.7557200438680514,0.06394143683342689
-0.3251105999999999,-0.462474,0.5389474,0.2648766171344266,0.5954626773945819,-0.7557800612367338,0.06372657657914273
-0.3251272799999999,-0.4626137999999999,0.53884912,0.2638986552663424,0.5958438809295854,-0.7558398184561368,0.06351171658505615
-0.32514396,-0.4627536,0.53875084,0.2629201595923011,0.5962237184256836,-0.7558993155158449,0.06329685670937713
-0.32516064,-0.4628933999999999,0.53865256,0.26194113211660186,0.59660218909125,-0.755958552405766,0.0630819968103457
-0.32517732,-0.4630332,0.5385542799999999,0.2609615748446816,0.5969792921375536,-0.7560175291161307,0.0628671367462325
-0.325194,-0.463173,0.5384559999999999,0.25998148978311003,0.5973550267787624,-0.7560762456374932,0.06265227637533988
-0.32521068,-0.4633127999999999,0.53835772,0.2590008789395867,0.5977293922319424,-0.7561347019607296,0.06243741555600128
-0.3252273599999999,-0.4634526,0.53825944,0.2580197443229356,0.5981023877170615,-0.7561928980770399,0.062222554146581954
-0.3252440399999999,-0.4635923999999999,0.53816116,0.25703808794310146,0.5984740124569904,-0.7562508339779455,0.062007692005480355
-0.32526072,-0.4637322,0.53806288,0.2560559118111456,0.5988442656775036,-0.7563085096552911,0.06179282899112726
-0.3252774,-0.4638719999999999,0.5379646,0.25507321793924187,0.5992131466072821,-0.7563659251012438,0.06157796496198696
-0.32529408,-0.4640118,0.53786632,0.2540900083406719,0.5995806544779138,-0.7564230803082929,0.06136309977655745
-0.32531076,-0.4641516,0.53776804,0.2531062850298209,0.5999467885238966,-0.7564799752692501,0.061148233293371254
-0.3253274399999999,-0.4642913999999999,0.53766976,0.25212205002217425,0.6003115479826387,-0.7565366099772495,0.06093336537099524
-0.3253351599999999,-0.4643839199999999,0.5376103600000001,0.2514376565553881,0.6005271244482443,-0.7566014738572469,0.06083163177902996
-0.3253383999999999,-0.4644528,0.5375704,0.2509032172363135,0.6006682049854972,-0.7566705224068456,0.060786541442322206
-0.32534164,-0.46452168,0.53753044,0.2503686142361617,0.6008088500257791,-0.7567395508601339,0.060741541799396476
-0.32534488,-0.46459056,0.53749048,0.2498338479123009,0.6009490594484919,-0.7568085591120283,0.06069663285621238
-0.3253481199999999,-0.46465944,0.53745052,0.24929891862219866,0.6010888331333344,-0.7568775470574337,0.06065181461861904
-0.32535136,-0.46472832,0.53741056,0.24876382672342132,0.6012281709602999,-0.7569465145912435,0.06060708709235481
-0.3253546,-0.4647971999999999,0.5373706,0.24822857257363426,0.6013670728096788,-0.7570154616083398,0.06056245028304759
-0.32535784,-0.46486608,0.53733064,0.24769315653060126,0.601505538562057,-0.7570843880035928,0.060517904196214625
-0.3253610799999999,-0.46493496,0.53729068,0.24715757895218438,0.601643568098316,-0.7571532936718619,0.06047344883726233
-0.32536432,-0.46500384,0.53725072,0.24662184019634364,0.6017811612996342,-0.7572221785079951,0.0604290842114867
-0.32536756,-0.46507272,0.53721076,0.24608594062113698,0.6019183180474857,-0.757291042406829,0.06038481032407286
-0.3253707999999999,-0.4651416,0.5371708,0.24554988058471974,0.6020550382236413,-0.7573598852631902,0.060340627180095335
-0.32537404,-0.46521048,0.53713084,0.24501366044534467,0.6021913217101676,-0.7574287069718932,0.060296534784517866
-0.32537728,-0.46527936,0.5370908799999999,0.24447728056136153,0.602327168389428,-0.7574975074277432,0.06025253314219345
-0.32538052,-0.46534824,0.53705092,0.24394074129121673,0.6024625781440827,-0.7575662865255335,0.06020862225786444
-0.3253837599999999,-0.46541712,0.5370109599999999,0.24340404299345342,0.6025975508570877,-0.7576350441600475,0.06016480213616229
-0.325387,-0.465486,0.536971,0.24286718602671092,0.6027320864116965,-0.7577037802260582,0.060121072781607804
-0.32539744,-0.46552452,0.5369062,0.24264936244547575,0.6027799020102851,-0.7577027032066883,0.06053338079566423
-0.32540788,-0.46556304,0.5368414,0.24243155385155676,0.60282764112869,-0.7577013919630918,0.06094569226395012
-0.32541832,-0.46560156,0.5367765999999999,0.24221376026965852,0.6028753037966861,-0.7576998464953029,0.06135800704944834
-0.32542876,-0.46564008,0.5367118,0.24199598172445705,0.6029228900440534,-0.7576980668034374,0.06177032501514418
-0.3254392,-0.4656786,0.536647,0.24177821824060003,0.6029703999005778,-0.7576960528876925,0.062182646024025234
-0.32544964,-0.46571712,0.5365822,0.24156046984270696,0.6030178333960522,-0.7576938047483476,0.06259496993908163
-0.32546008,-0.46575564,0.5365174,0.2413427365553688,0.6030651905602753,-0.7576913223857638,0.06300729662330597
-0.32547052,-0.46579416,0.5364526,0.24112501840314843,0.6031124714230518,-0.7576886058003837,0.06341962593969348
-0.32548096,-0.46583268,0.5363878,0.24090731541058003,0.6031596760141925,-0.757685654992732,0.06383195775124192
-0.3254914,-0.4658712,0.536323,0.24068962760216983,0.6032068043635148,-0.7576824699634147,0.06424429192095182
-0.32550184,-0.4659097199999999,0.5362582,0.24047195500239543,0.6032538565008412,-0.75767905071312,0.06465662831182631
-0.32551228,-0.46594824,0.5361934,0.24025429763570622,0.603300832456001,-0.7576753972426177,0.06506896678687125
-0.32552272,-0.46598676,0.5361286,0.24003665552652337,0.6033477322588291,-0.7576715095527594,0.06548130720909548
-0.32553316,-0.46602528,0.5360638,0.23981902869923943,0.6033945559391669,-0.7576673876444784,0.06589364944151055
-0.3255436,-0.4660638,0.535999,0.23960141717821887,0.6034413035268609,-0.7576630315187894,0.06630599334713097
-0.32555404,-0.46610232,0.5359342,0.23938382098779754,0.6034879750517644,-0.7576584411767894,0.06671833878897418
-0.3255654799999999,-0.46612974,0.53585184,0.2392155541797807,0.6034819681840834,-0.7576702937415244,0.06723956199111866
-0.32557892,-0.46613496,0.53573436,0.23914613971931353,0.6033707662603223,-0.7577148323891433,0.06797848966603108
-0.3255923599999999,-0.46614018,0.53561688,0.23907705390459133,0.6032596172950798,-0.7577584860259176,0.06871734346585716
-0.3256058,-0.4661454,0.5354994,0.23900829659485828,0.6031485218738266,-0.7578012548113781,0.06945612231145121
-0.32561924,-0.46615062,0.53538192,0.2389398676484513,0.6030374805818094,-0.7578431389064022,0.07019482512390847
-0.32563268,-0.46615584,0.53526444,0.23887176692279927,0.6029264940040495,-0.7578841384732123,0.07093345082456652
-0.32564612,-0.4661610599999999,0.53514696,0.2388039942744245,0.6028155627253422,-0.7579242536753767,0.0716719983350066
-0.32565956,-0.46616628,0.53502948,0.23873654955894202,0.6027046873302538,-0.7579634846778073,0.07241046657705649
-0.325673,-0.4661714999999999,0.534912,0.2386694326310605,0.6025938684031232,-0.7580018316467617,0.07314885447279128
-0.3256864399999999,-0.46617672,0.53479452,0.23860264334458225,0.602483106528057,-0.7580392947498408,0.07388716094453562
-0.32569988,-0.46618194,0.53467704,0.23853618155240405,0.6023724022889313,-0.7580758741559903,0.07462538491486445
-0.32571332,-0.46618716,0.53455956,0.23847004710651692,0.6022617562693878,-0.7581115700354983,0.07536352530660619
-0.32572676,-0.46619238,0.53444208,0.23840423985800654,0.6021511690528355,-0.758146382559997,0.07610158104284354
-0.3257402,-0.4661976,0.5343246,0.23833875965705414,0.6020406412224457,-0.7581803119024602,0.0768395510469149
-0.32575364,-0.46620282,0.53420712,0.23827360635293598,0.6019301733611538,-0.7582133582372054,0.0775774342424169
-0.32576708,-0.46620804,0.53408964,0.23820877979402438,0.6018197660516565,-0.7582455217398915,0.0783152295532057
-0.32578052,-0.46621326,0.53397216,0.23814427982778755,0.6017094198764107,-0.7582768025875187,0.07905293590339894
-0.32579568,-0.46619872,0.53382296,0.23803628249257525,0.6015336774065692,-0.758368263207448,0.07983445698796753
-0.3258117,-0.4661743,0.5336579,0.23790695771196882,0.6013252268814233,-0.7584891449699563,0.0806378816127055
-0.32582772,-0.46614988,0.53349284,0.2377782688182583,0.6011167902622918,-0.758608871443627,0.08144126416982182
-0.32584374,-0.46612546,0.53332778,0.23765021559619348,0.6009083688545864,-0.7587274428673006,0.08224460290894525
-0.32585976,-0.4661010399999999,0.53316272,0.2375227978281496,0.600699963963214,-0.758844859482575,0.08304789608023039
-0.32587578,-0.46607662,0.53299766,0.23739601529412735,0.6004915768925715,-0.7589611215338021,0.08385114193436256
-0.3258918,-0.4660521999999999,0.5328326,0.23726986777175518,0.6002832089465424,-0.7590762292680896,0.08465433872256148
-0.32590782,-0.46602778,0.53266754,0.23714435503628922,0.6000748614284923,-0.7591901829352978,0.08545748469658603
-0.32592384,-0.46600336,0.53250248,0.23701947686061497,0.5998665356412649,-0.7593029827880394,0.08626057810873869
-0.32593986,-0.46597894,0.5323374200000001,0.23689523301524745,0.5996582328871779,-0.7594146290816787,0.08706361721187042
-0.32595588,-0.46595452,0.53217236,0.23677162326833315,0.599449954468019,-0.7595251220743301,0.08786660025938398
-0.3259719,-0.4659301,0.5320073000000001,0.23664864738565022,0.5992417016850415,-0.7596344620268577,0.08866952550523972
-0.32598792,-0.46590568,0.53184224,0.23652630513061007,0.5990334758389607,-0.7597426492028736,0.0894723912039589
-0.32600394,-0.46588126,0.5316771800000001,0.23640459626425797,0.5988252782299489,-0.7598496838687374,0.09027519561062858
-0.32601996,-0.46585684,0.53151212,0.2362835205452744,0.5986171101576326,-0.7599555662935548,0.09107793698090624
-0.32603598,-0.46583242,0.5313470600000001,0.23616307772997588,0.5984089729210873,-0.760060296749177,0.09188061357102353
-0.326052,-0.465808,0.531182,0.2360432675723156,0.598200867818834,-0.7601638755101989,0.0926832236377919
-0.3260694,-0.4657747,0.53101598,0.23583236492978826,0.5980354086343136,-0.760278535927772,0.0933450238563177
-0.3260868,-0.4657414,0.5308499600000001,0.2356219266380683,0.5978698708017229,-0.760392420143372,0.09400687561769773
-0.3261042,-0.4657081,0.5306839400000001,0.23541195265636966,0.597704255124274,-0.7605055282120619,0.09466877791407632
-0.3261216,-0.4656748,0.53051792,0.23520244294267084,0.5975385624049968,-0.7606178601902731,0.09533072973778929
-0.326139,-0.4656415,0.5303519,0.2349933974537165,0.597372793446738,-0.7607294161358076,0.09599273008136483
-0.3261564,-0.4656082,0.53018588,0.2347848161450167,0.5972069490521585,-0.7608401961078362,0.09665477793752626
-0.3261738,-0.4655749,0.53001986,0.23457669897084849,0.5970410300237322,-0.7609502001668987,0.09731687229919311
-0.3261912,-0.4655416,0.52985384,0.23436904588425483,0.5968750371637439,-0.7610594283749038,0.09797901215948392
-0.3262086,-0.4655083,0.52968782,0.23416185683704646,0.5967089712742871,-0.7611678807951274,0.09864119651171707
-0.326226,-0.465475,0.5295218,0.23395513177980098,0.5965428331572635,-0.7612755574922141,0.09930342434941407
-0.3262434,-0.4654417,0.5293557799999999,0.2337488706618643,0.5963766236143793,-0.7613824585321757,0.09996569466629965
-0.3262608,-0.4654084,0.52918976,0.23354307343135,0.5962103434471452,-0.7614885839823902,0.1006280064563058
-0.3262782,-0.4653751,0.52902374,0.23333774003514068,0.5960439934568735,-0.7615939339116032,0.10129035871357142
-0.3262956,-0.4653418,0.52885772,0.2331328704188875,0.5958775744446766,-0.761698508389926,0.10195275043244623
-0.326313,-0.4653085,0.5286917,0.2329284645270115,0.595711087211465,-0.7618023074888362,0.1026151806074912
-0.3263304,-0.4652752,0.52852568,0.23272452230270266,0.5955445325579461,-0.7619053312811755,0.10327764823348137
-0.32634828,-0.46525304,0.5283813199999999,0.23251835676670649,0.5954331868621439,-0.761978634565669,0.10384167860324849
-0.32636712,-0.46525316,0.5282802799999999,0.2323070096367793,0.5954323186081646,-0.7619936586167546,0.10420878781741552
-0.32638596,-0.46525328,0.5281792399999999,0.2320957191127968,0.5954313729174325,-0.7620084872306361,0.10457591837346031
-0.3264048,-0.4652534,0.5280781999999999,0.23188448522250246,0.5954303498484567,-0.7620231203959822,0.10494307015906244
-0.32642364,-0.46525352,0.52797716,0.23167330799359365,0.5954292494597551,-0.7620375581015298,0.10531024306189665
-0.32644248,-0.46525364,0.52787612,0.23146218745372016,0.595428071809854,-0.7620518003360841,0.10567743696963533
-0.32646132,-0.46525376,0.52777508,0.23125112363048522,0.5954268169572888,-0.7620658470885178,0.10604465176994637
-0.32648016,-0.46525388,0.52767404,0.2310401165514455,0.5954254849606025,-0.762079698347772,0.10641188735049428
-0.326499,-0.465254,0.527573,0.23082916624411004,0.5954240758783479,-0.762093354102856,0.10677914359894067
-0.32651784,-0.46525412,0.52747196,0.2306182727359421,0.5954225897690851,-0.7621068143428468,0.1071464204029425
-0.32653668,-0.46525424,0.52737092,0.2304074360543571,0.5954210266913833,-0.7621200790568893,0.10751371765015452
-0.32655552,-0.46525436,0.52726988,0.23019665622672414,0.5954193867038198,-0.7621331482341971,0.10788103522822731
-0.32657436,-0.4652544799999999,0.52716884,0.22998593328036554,0.5954176698649801,-0.7621460218640513,0.10824837302480819
-0.3265932,-0.4652545999999999,0.5270678,0.2297752672425562,0.5954158762334586,-0.7621586999358012,0.10861573092754166
-0.32661204,-0.4652547199999999,0.52696676,0.22956465814052468,0.5954140058678574,-0.7621711824388641,0.1089831088240685
-0.32663088,-0.46525484,0.52686572,0.22935410600145253,0.5954120588267874,-0.7621834693627255,0.1093505066020264
-0.32664972,-0.46525496,0.52676468,0.22914361085247453,0.5954100351688675,-0.7621955606969391,0.10971792414904982
-0.32666332,-0.4653002799999999,0.52673324,0.22895914543323148,0.5955783348626454,-0.7621068591696789,0.10980570099612424
-0.3266743,-0.4653681999999999,0.5267366,0.2287877089007413,0.5958317782007112,-0.7619677350799211,0.1097535741527517
-0.32668528,-0.4654361199999999,0.52673996,0.22861631203855348,0.5960851692272829,-0.7618285014137697,0.10970135519136565
-0.32669626,-0.4655040399999999,0.52674332,0.2284449548911781,0.5963385078916116,-0.7616891581946597,0.1096490441321071
-0.32670724,-0.46557196,0.5267466799999999,0.22827363750311574,0.5965917941429586,-0.7615497054460494,0.10959664099513845
-0.32671822,-0.46563988,0.5267500399999999,0.22810235991885713,0.5968450279305969,-0.7614101431914213,0.109544145800643
-0.3267292,-0.4657078,0.5267533999999999,0.2279311221828835,0.5970982092038101,-0.7612704714542816,0.10949155856882536
-0.32674018,-0.46577572,0.5267567599999999,0.22775992433966633,0.5973513379118927,-0.7611306902581603,0.10943887931991089
-0.32675116,-0.46584364,0.5267601199999999,0.2275887664336675,0.5976044140041503,-0.7609907996266111,0.1093861080741464
-0.32676214,-0.46591156,0.52676348,0.2274176485093391,0.5978574374298996,-0.7608507995832119,0.10933324485179943
-0.32677312,-0.46597948,0.52676684,0.22724657061112352,0.5981104081384683,-0.7607106901515642,0.10928028967315878
-0.3267840999999999,-0.4660474,0.5267702,0.2270755327834536,0.598363326079195,-0.7605704713552933,0.10922724255853433
-0.32679508,-0.46611532,0.52677356,0.22690453507075228,0.5986161912014292,-0.7604301432180482,0.10917410352825693
-0.32680606,-0.46618324,0.52677692,0.22673357751743278,0.5988690034545316,-0.7602897057635021,0.10912087260267847
-0.32681704,-0.46625116,0.52678028,0.22656266016789878,0.5991217627878742,-0.7601491590153515,0.10906754980217204
-0.32682802,-0.46631908,0.52678364,0.22639178306654392,0.5993744691508398,-0.760008502997317,0.1090141351471316
-0.326839,-0.466387,0.526787,0.22622094625775238,0.5996271224928222,-0.7598677377331431,0.10896062865797222
-0.32682832,-0.46650574,0.5268782,0.22600906932506842,0.600091742707646,-0.7596408280814638,0.10842330574477448
-0.3268176399999999,-0.46662448,0.5269694,0.22579789822646984,0.6005563643486473,-0.7594129642925257,0.10788564344380047
-0.32680696,-0.46674322,0.5270606,0.2255874334335601,0.6010209860553575,-0.7591841461255745,0.10734764305510999
-0.32679628,-0.46686196,0.5271518,0.22537767541587458,0.6014856064667887,-0.758954373342012,0.10680930587945094
-0.3267856,-0.4669807,0.527243,0.22516862464088072,0.6019502242214367,-0.7587236457053961,0.10627063321825485
-0.3267749199999999,-0.46709944,0.5273342,0.22496028157397582,0.6024148379572852,-0.7584919629814422,0.1057316263736349
-0.32676424,-0.46721818,0.5274254,0.22475264667848718,0.602879446311808,-0.7582593249380237,0.10519228664838101
-0.32675356,-0.46733692,0.5275166,0.22454572041566995,0.6033440479219737,-0.7580257313451738,0.10465261534595835
-0.3267428799999999,-0.46745566,0.5276078,0.2243395032447073,0.6038086414242476,-0.7577911819750851,0.10411261377050218
-0.3267322,-0.4675744,0.527699,0.2241339956227082,0.6042732254545965,-0.7575556766021111,0.10357228322681614
-0.32672152,-0.46769314,0.5277902,0.22392919800470748,0.6047377986484912,-0.7573192150027674,0.10303162502036745
-0.32671084,-0.46781188,0.5278814,0.22372511084366395,0.60520235964091,-0.7570817969557322,0.102490640457285
-0.3267001599999999,-0.46793062,0.5279726,0.22352173459046032,0.6056669070663422,-0.7568434222418472,0.1019493308443546
-0.32668948,-0.46804936,0.5280638,0.22331906969390136,0.6061314395587915,-0.7566040906441184,0.10140769748901729
-0.3266788,-0.4681681,0.5281549999999999,0.22311711660071365,0.6065959557517795,-0.7563638019477175,0.1008657416993641
-0.32666812,-0.46828684,0.5282462,0.22291587575554384,0.6070604542783486,-0.7561225559399816,0.10032346478413431
-0.3266488999999999,-0.46841488,0.5283551,0.22267786152916355,0.6075724076516555,-0.7558740142278316,0.09962336101674665
-0.3266126,-0.46856152,0.5284994,0.22236622641615736,0.6081793863594028,-0.7556107682859359,0.09860761738971477
-0.3265763,-0.46870816,0.5286436999999999,0.2220562629846003,0.6087864873025942,-0.7553449585165576,0.09759109893172893
-0.32654,-0.4688548,0.5287879999999999,0.22174797284857367,0.609393705308297,-0.7550765838388956,0.09657381118272185
-0.3265037,-0.46900144,0.5289323,0.22144135760911499,0.6100010352003848,-0.7548056431860068,0.09555575968642176
-0.3264673999999999,-0.46914808,0.5290766,0.22113641885420798,0.6106084717995722,-0.7545321355048141,0.09453694999031886
-0.3264311,-0.46929472,0.5292209,0.22083315815877497,0.6112160099234468,-0.7542560597561144,0.09351738764563092
-0.3263948,-0.46944136,0.5293652,0.22053157708466695,0.6118236443865038,-0.7539774149145879,0.09249707820726935
-0.3263585,-0.469588,0.5295095,0.22023167718065517,0.6124313700001801,-0.7536961999688061,0.09147602723380582
-0.3263222,-0.46973464,0.5296538,0.21993345998242234,0.6130391815728858,-0.7534124139212395,0.09045424028743751
-0.3262859,-0.46988128,0.5297980999999999,0.21963692701255438,0.613647073910041,-0.7531260557882664,0.08943172293395399
-0.3262496,-0.47002792,0.5299423999999999,0.21934207978053138,0.6142550418141068,-0.7528371246001807,0.08840848074270227
-0.3262133,-0.47017456,0.5300866999999999,0.21904891978271937,0.6148630800846205,-0.7525456194011996,0.08738451928655366
-0.326177,-0.4703212,0.530231,0.21875744850236198,0.6154711835182286,-0.7522515392494719,0.08635984414186895
-0.3261407,-0.47046784,0.5303753,0.21846766740957213,0.6160793469087206,-0.7519548832170849,0.08533446088846483
-0.3261044,-0.47061448,0.5305196,0.21817957796132403,0.6166875650470635,-0.7516556503900739,0.08430837510957973
-0.3260681,-0.47076112,0.5306639,0.21789318160144452,0.6172958327214345,-0.7513538398684274,0.08328159239183924
-0.3260168,-0.4709276,0.5308111999999999,0.21746557538348696,0.6179938641497098,-0.7510424874112098,0.08202127467688963
-0.325958,-0.471104,0.53096,0.21696891431815504,0.6187368270478877,-0.7507235744633072,0.0806433123039271
-0.3258992,-0.4712804,0.5311087999999999,0.216474793806408,0.6194798584326551,-0.7504002812395573,0.07926403067169886
-0.3258404,-0.4714568,0.5312576,0.21598321693905123,0.6202229479286895,-0.7500726060927363,0.07788344145295384
-0.3257816,-0.4716332,0.5314064,0.21549418677363663,0.6209660851542438,-0.7497405474123747,0.07650155632910037
-0.3257228,-0.4718096,0.5315552,0.21500770633443686,0.6217092597212555,-0.7494041036247795,0.07511838699009449
-0.325664,-0.471986,0.531704,0.21452377861242106,0.6224524612354582,-0.7490632731930578,0.0737339451343274
-0.3256052,-0.4721624,0.5318528,0.2140424065652302,0.6231956792964891,-0.7487180546171366,0.07234824246851274
-0.3255464,-0.4723388,0.5320016,0.21356359311715317,0.6239389034980016,-0.7483684464337855,0.07096129070757395
-0.3254876,-0.4725152,0.5321504,0.21308734115910294,0.6246821234277736,-0.7480144472166375,0.06957310157453207
-0.3254287999999999,-0.4726916,0.5322992,0.21261365354859355,0.6254253286678182,-0.7476560555762097,0.068183686800392
-0.32537,-0.472868,0.532448,0.21214253310971704,0.6261685087944936,-0.7472932701599238,0.06679305812403037
-0.3253111999999999,-0.4730444,0.5325968,0.2116739826331207,0.6269116533786139,-0.7469260896521259,0.06540122729208235
-0.3252524,-0.4732208,0.5327456,0.21120800487598493,0.6276547519855589,-0.7465545127741061,0.06400820605882868
-0.3251935999999999,-0.4733972,0.5328944,0.2107446025620014,0.6283977941753851,-0.7461785382841185,0.06261400618608257
-0.3251348,-0.4735736,0.5330432,0.210283778381351,0.6291407695029357,-0.7457981649773987,0.061218639443077066
-0.325076,-0.47375,0.533192,0.2098255349906834,0.6298836675179512,-0.7454133916861841,0.059822117606350866
-0.3250052599999999,-0.47395364,0.53330978,0.2090063297367653,0.6307028783715014,-0.7450920671494312,0.058034858618397245
-0.32493452,-0.47415728,0.53342756,0.20819012033254986,0.6315217546618255,-0.7447641046461819,0.056245671969838595
-0.32486378,-0.47436092,0.53354534,0.20737691155905666,0.6323402805951471,-0.7444295030813733,0.054454577687256436
-0.32479304,-0.47456456,0.53366312,0.20656670813772027,0.6331584403706085,-0.7440882614335247,0.052661595811740125
-0.3247222999999999,-0.4747682,0.5337809,0.20575951473034465,0.6339762181805095,-0.7437403787547705,0.050866746398630674
-0.32465156,-0.47497184,0.5338986800000001,0.20495533593905826,0.6347935982105462,-0.7433858541708934,0.04907004951726383
-0.32458082,-0.47517548,0.53401646,0.20415417630627064,0.6356105646400486,-0.7430246868813566,0.047271525250713084
-0.32451008,-0.47537912,0.53413424,0.20335604031462878,0.6364271016422213,-0.7426568761593338,0.04547119369553285
-0.3244393399999999,-0.47558276,0.53425202,0.20256093238697626,0.6372431933843805,-0.7422824213517403,0.043669074961500715
-0.3243686,-0.4757864,0.5343698,0.20176885688631063,0.6380588240281954,-0.7419013218792607,0.04186518917136085
-0.32429786,-0.47599004,0.5344875800000001,0.2009798181157443,0.6388739777299242,-0.7415135772363776,0.040059556460566054
-0.32422712,-0.47619368,0.53460536,0.2001938203184649,0.6396886386406577,-0.7411191869913986,0.03825219697702034
-0.3241563799999999,-0.47639732,0.53472314,0.1994108676776965,0.6405027909065545,-0.7407181507864825,0.03644313088082089
-0.32408564,-0.47660096,0.53484092,0.19863096431666247,0.6413164186690832,-0.7403104683376645,0.03463237834400054
-0.3240149,-0.4768046,0.5349587,0.19785411429854866,0.6421295060652615,-0.7398961394348795,0.03281995955026944
-0.32394416,-0.47700824,0.5350764800000001,0.19708032162646766,0.6429420372278957,-0.7394751639419871,0.031005894694757133
-0.3238717399999999,-0.4772217,0.53518358,0.19620658622354548,0.6437526400756335,-0.7390799066903239,0.02909304804891656
-0.32379596,-0.4774548,0.53526932,0.19512974280042056,0.6445596174812218,-0.7387415951029513,0.02698404439386011
-0.3237201799999999,-0.4776879,0.53535506,0.1940557220238869,0.645365501901239,-0.7383949312743401,0.024873101413224255
-0.3236444,-0.477921,0.5354408,0.19298452942059388,0.6461702754436736,-0.7380399160816159,0.02276024621132701
-0.32356862,-0.4781541,0.53552654,0.19191617044399187,0.6469739202146595,-0.7376765505084134,0.02064550590797634
-0.32349284,-0.4783872,0.53561228,0.19085065047428307,0.6477764183188037,-0.7373048356448945,0.018528907638079822
-0.32341706,-0.4786203,0.53569802,0.18978797481837373,0.6485777518595147,-0.736924772687767,0.016410478551254243
-0.32334128,-0.4788534,0.53578376,0.18872814870982885,0.6493779029393301,-0.7365363629403013,0.014290245811433316
-0.3232655,-0.4790864999999999,0.5358695,0.1876711773088265,0.6501768536602452,-0.7361396078123463,0.01216823659647795
-0.3231897199999999,-0.4793196,0.5359552399999999,0.18661706570211523,0.6509745861240415,-0.7357345088203412,0.010044478097783555
-0.32311394,-0.4795527,0.53604098,0.18556581890297164,0.6517710824326138,-0.7353210675873286,0.007918997519889226
-0.3230381599999999,-0.4797858,0.53612672,0.1845174418511592,0.6525663246883008,-0.734899285842965,0.005791822080086398
-0.32296238,-0.4800188999999999,0.53621246,0.18347193941288978,0.6533602949942119,-0.7344691654235297,0.0036629790080260627
-0.3228865999999999,-0.480252,0.5362982,0.18242931638078444,0.6541529754545561,-0.7340307082719318,0.0015324955453281108
-0.32281082,-0.4804851,0.53638394,0.181389577473838,0.6549443481749717,-0.7335839164377166,-0.0005996010548118685
-0.32273504,-0.4807182,0.53646968,0.18035272733738217,0.6557343952628538,-0.7331287920770694,-0.0027332835280134415
-0.32265926,-0.4809512999999999,0.53655542,0.17931877054305284,0.6565230988276834,-0.732665337452818,-0.004868524599104834
-0.3225805599999999,-0.48120836,0.53663144,0.17822542203264558,0.6573128797361826,-0.7322066626434032,-0.006991441541037521
-0.3225003999999999,-0.4814774,0.5367025999999999,0.17710363947520397,0.6581022913913125,-0.7317463366343716,-0.0091089940343521
-0.3224202399999999,-0.48174644,0.53677376,0.17598453421271007,0.6588900553816623,-0.7312778326404243,-0.01122809537762863
-0.32234008,-0.48201548,0.53684492,0.17486811111216433,0.6596761546345213,-0.7308011538117751,-0.013348719416235319
-0.32225992,-0.48228452,0.5369160799999999,0.17375437497242924,0.6604605720826741,-0.7303163034003234,-0.015470839985409143
-0.32217976,-0.48255356,0.53698724,0.17264333052420053,0.6612432906647056,-0.729823284759643,-0.01759443091062113
-0.3220996,-0.4828226,0.5370583999999999,0.17153498242997775,0.662024293325304,-0.7293221013449687,-0.019719466007940445
-0.32201944,-0.48309164,0.53712956,0.17042933528403764,0.6628035630155659,-0.7288127567131832,-0.021845919084400506
-0.32193928,-0.48336068,0.53720072,0.16932639361240817,0.6635810826932995,-0.7282952545228013,-0.02397376393836355
-0.32185912,-0.48362972,0.5372718799999999,0.1682261618728436,0.6643568353233291,-0.7277695985339522,-0.026102974359885886
-0.3217789599999999,-0.48389876,0.53734304,0.16712864445480113,0.665130803877799,-0.7272357926083624,-0.02823352413108346
-0.3216987999999999,-0.4841678,0.5374142,0.16603384567941837,0.6659029713364772,-0.7266938407093355,-0.03036538702649695
-0.3216186399999999,-0.48443684,0.5374853599999999,0.1649417697994925,0.6666733206870596,-0.7261437469017306,-0.03249853681345702
-0.3215384799999999,-0.48470588,0.53755652,0.16385242099945982,0.667441834925474,-0.7255855153519406,-0.03463294725244988
-0.3214583199999999,-0.48497492,0.5376276799999999,0.1627658033953782,0.6682084970561836,-0.725019150327867,-0.03676859209748286
-0.3213781599999999,-0.48524396,0.53769884,0.1616819210349082,0.6689732900924908,-0.7244446561988963,-0.038905445096449366
-0.321298,-0.485513,0.53777,0.16060077789729776,0.6697361970568416,-0.7238620374358709,-0.041043479991494644
-0.3212081799999999,-0.48581324,0.5378455999999999,0.15957977134807474,0.6705290249356844,-0.7232398064206639,-0.043003554549563026
-0.32111836,-0.48611348,0.5379212,0.1585615435229173,0.6713199959662725,-0.7226104488441658,-0.04496486575880468
-0.32102854,-0.48641372,0.5379967999999999,0.15754609799911842,0.6721090942787793,-0.7219739692496764,-0.04692739198888629
-0.3209387199999999,-0.48671396,0.5380724,0.1565334382943336,0.6728963040134252,-0.7213303722615054,-0.048891111604299466
-0.3208489,-0.4870141999999999,0.538148,0.1555235678665713,0.6736816093207273,-0.720679662584943,-0.05085600296463993
-0.32075908,-0.4873144399999999,0.5382236,0.15451649011418175,0.6744649943617499,-0.7200218450062289,-0.05282204442488497
-0.32066926,-0.4876146799999999,0.5382992,0.15351220837584975,0.6752464433083534,-0.7193569243925216,-0.05478921433567284
-0.32057944,-0.48791492,0.5383748,0.15251072593058498,0.6760259403434445,-0.7186849056918653,-0.05675749104358016
-0.32048962,-0.48821516,0.5384504,0.15151204599771662,0.6768034696612263,-0.7180057939331569,-0.05872685289140151
-0.3203998,-0.4885154,0.538526,0.15051617173688586,0.677579015467447,-0.7173195942261108,-0.060697278218426395
-0.32030998,-0.48881564,0.5386016,0.1495231062480421,0.6783525619796505,-0.7166263117612237,-0.06266874536071895
-0.32022016,-0.48911588,0.5386772,0.14853285257143764,0.6791240934274242,-0.7159259518097376,-0.06464123265139526
-0.32013034,-0.48941612,0.5387528,0.14754541368762505,0.6798935940526504,-0.7152185197236027,-0.06661471842090216
-0.32004052,-0.4897163599999999,0.5388284,0.14656079251745496,0.6806610481097531,-0.7145040209354375,-0.06858918099729552
-0.3199507,-0.4900165999999999,0.538904,0.14557899192207457,0.6814264398659491,-0.7137824609584902,-0.07056459870651863
-0.31986088,-0.49031684,0.5389796,0.1446000147029266,0.6821897536014959,-0.7130538453865972,-0.07254094987267948
-0.3197694,-0.49062188,0.53904758,0.14359964231007935,0.682968048895265,-0.7123130010487987,-0.07445787704109236
-0.3196746,-0.49093652,0.53910032,0.14255356230913369,0.683778189097966,-0.711555344709814,-0.0762552385202486
-0.3195797999999999,-0.4912511599999999,0.53915306,0.14151017379448447,0.6845859108037003,-0.710791535165511,-0.07805379541559132
-0.319485,-0.4915658,0.5392058,0.14046948036747461,0.6853911995893411,-0.7100215787577978,-0.07985353034813258
-0.3193902,-0.49188044,0.53925854,0.1394314855802099,0.6861940410479244,-0.7092454818922828,-0.0816544259339259
-0.3192954,-0.49219508,0.53931128,0.1383961929355504,0.6869944207888463,-0.7084632510382279,-0.08345646478427018
-0.3192006,-0.49250972,0.5393640199999999,0.1373636058871035,0.6877923244380616,-0.7076748927285007,-0.08525962950591472
-0.3191058,-0.49282436,0.5394167599999999,0.13633372783921746,0.6885877376382791,-0.7068804135595238,-0.08706390270126341
-0.319011,-0.493139,0.5394695,0.1353065621469757,0.6893806460491607,-0.7060798201912271,-0.08886926696857936
-0.3189162,-0.49345364,0.53952224,0.1342821121161915,0.6901710353475171,-0.7052731193469959,-0.0906757049021896
-0.3188214,-0.49376828,0.53957498,0.13326038100340365,0.6909588912275051,-0.7044603178136201,-0.09248319909268929
-0.3187265999999999,-0.49408292,0.53962772,0.13224137201587285,0.6917441994008244,-0.703641422441242,-0.09429173212714634
-0.3186317999999999,-0.49439756,0.53968046,0.13122508831157864,0.6925269455969141,-0.7028164401433046,-0.09610128658930603
-0.3185369999999999,-0.4947122,0.5397332,0.13021153299921628,0.6933071155631488,-0.7019853778964967,-0.09791184505979454
-0.3184421999999999,-0.49502684,0.53978594,0.12920070913819692,0.6940846950650356,-0.7011482427406995,-0.09972339011632508
-0.3183473999999999,-0.49534148,0.53983868,0.12819261973864424,0.6948596698864091,-0.7003050417789315,-0.10153590433390011
-0.3182526,-0.49565612,0.53989142,0.12718726776139586,0.6956320258296288,-0.6994557821772927,-0.10334937028501727
-0.31815432,-0.49595532,0.53992276,0.1261074373842184,0.6963754039417785,-0.6986469196090508,-0.10512227519462614
-0.3180542999999999,-0.4962468,0.5399434,0.12499134331810452,0.6971028006690423,-0.6978556445839643,-0.10687538873479252
-0.31795428,-0.49653828,0.53996404,0.12387751909899074,0.697827343846875,-0.6970588215949193,-0.10862945124687559
-0.31785426,-0.49682976,0.53998468,0.1227659684678728,0.6985490215422941,-0.6962564579057212,-0.11038444778603204
-0.3177542399999999,-0.49712124,0.54000532,0.12165669512751652,0.69926782184167,-0.6954485608320011,-0.11214036340299248
-0.31765422,-0.49741272,0.54002596,0.12054970274245017,0.6999837328508731,-0.6946351377411577,-0.11389718314421722
-0.3175542,-0.4977042,0.5400465999999999,0.11944499493895591,0.7006967426954226,-0.6938161960523017,-0.11565489205205176
-0.31745418,-0.49799568,0.54006724,0.11834257530506334,0.7014068395206349,-0.6929917432361985,-0.11741347516488168
-0.31735416,-0.49828716,0.54008788,0.11724244739054161,0.7021140114917727,-0.6921617868152102,-0.11917291751728791
-0.31725414,-0.49857864,0.54010852,0.11614461470689429,0.7028182467941914,-0.6913263343632371,-0.12093320414020259
-0.31715412,-0.49887012,0.54012916,0.11504908072735269,0.7035195336334877,-0.6904853935056584,-0.12269432006106398
-0.3170541,-0.4991616,0.5401498,0.11395584888687103,0.704217860235648,-0.6896389719192738,-0.12445625030397198
-0.3169540799999999,-0.49945308,0.54017044,0.11286492258212072,0.7049132148471943,-0.6887870773322424,-0.12621897988984282
-0.31685406,-0.49974456,0.5401910799999999,0.1117763051714871,0.705605585735333,-0.6879297175240227,-0.12798249383656501
-0.31675404,-0.50003604,0.54021172,0.11068999997506469,0.7062949611881013,-0.6870669003253115,-0.12974677715915423
-0.31665402,-0.50032752,0.54023236,0.10960601027465422,0.7069813295145139,-0.6861986336179822,-0.13151181486990865
-0.316554,-0.500619,0.540253,0.10852433931375899,0.7076646790447109,-0.6853249253350224,-0.13327759197856356
-0.3164664,-0.5008536,0.54023866,0.10745813623716324,0.7082143569455399,-0.6846195404658301,-0.13483789669453644
-0.3163788,-0.5010882,0.54022432,0.10639338396397684,0.7087614942383933,-0.6839100738719208,-0.1363986913066162
-0.3162912,-0.5013228000000001,0.54020998,0.10533008538981835,0.7093060841083417,-0.6831965309309689,-0.13795996623134257
-0.3162036,-0.5015574,0.54019564,0.10426824339163007,0.7098481197536946,-0.6824789170482936,-0.13952171188297766
-0.316116,-0.501792,0.5401813,0.10320786082767362,0.710387594386063,-0.6817572376568258,-0.14108391867357728
-0.3160284,-0.5020266,0.54016696,0.10214894053752263,0.7109245012304226,-0.6810314982170751,-0.14264657701305977
-0.3159408,-0.5022612000000001,0.54015262,0.10109148534205858,0.7114588335251774,-0.6803017042170955,-0.14420967730927725
-0.3158532,-0.5024958,0.54013828,0.10003549804346416,0.7119905845222224,-0.6795678611724519,-0.1457732099680845
-0.3157656,-0.5027304,0.54012394,0.09898098142521922,0.7125197474870063,-0.6788299746261859,-0.1473371653934101
-0.315678,-0.502965,0.5401096,0.09792793825209446,0.7130463156985944,-0.678088050148781,-0.14890153398732542
-0.3155904,-0.5031996,0.54009526,0.09687637127014784,0.7135702824497316,-0.6773420933381287,-0.15046630615011564
-0.3155027999999999,-0.5034342,0.54008092,0.09582628320671846,0.7140916410469048,-0.6765921098194937,-0.1520314722803488
-0.3154152,-0.5036688,0.54006658,0.09477767677042362,0.7146103848104054,-0.675838105245478,-0.1535970227749469
-0.3153276,-0.5039034,0.54005224,0.09373055465115307,0.7151265070743921,-0.6750800852959873,-0.15516294802925473
-0.3152399999999999,-0.504138,0.5400379,0.09268491952006531,0.715640001186953,-0.6743180556781941,-0.1567292384371106
-0.3151524,-0.5043726000000001,0.54002356,0.09164077402958418,0.7161508605101681,-0.6735520221265034,-0.15829588439091657
-0.3150741199999999,-0.50457666,0.54000538,0.09066755530858159,0.7165815091131298,-0.6728982529809834,-0.15968179716753972
-0.31501448,-0.50471964,0.53997952,0.08983394899589324,0.7168552405327964,-0.6724746091035876,-0.1607057119067246
-0.3149548399999999,-0.50486262,0.53995366,0.08900071195978916,0.7171276256082144,-0.6720493640286584,-0.16172969476521903
-0.3148952,-0.5050056,0.5399278,0.08816784550344339,0.7173986630119139,-0.6716225192446359,-0.16275374334093795
-0.3148355599999999,-0.5051485800000001,0.53990194,0.08733535092794577,0.7176683514193793,-0.6711940762440678,-0.16377785523127109
-0.31477592,-0.50529156,0.53987608,0.08650322953230027,0.7179366895090541,-0.670764036523607,-0.1648020280330899
-0.3147162799999999,-0.50543454,0.53985022,0.08567148261342186,0.7182036759623454,-0.6703324015840071,-0.165826259342753
-0.31465664,-0.50557752,0.53982436,0.08484011146613575,0.7184693094636294,-0.6698991729301175,-0.1668505467561132
-0.3145969999999999,-0.5057205,0.5397985,0.08400911738317376,0.7187335887002552,-0.6694643520708801,-0.16787488786852292
-0.31453736,-0.50586348,0.53977264,0.08317850165517392,0.7189965123625511,-0.6690279405193245,-0.16889928027484175
-0.3144777199999999,-0.50600646,0.53974678,0.08234826557067688,0.7192580791438274,-0.6685899397925635,-0.1699237215694413
-0.31441808,-0.5061494400000001,0.53972092,0.08151841041612465,0.7195182877403832,-0.6681503514117904,-0.17094820934621235
-0.3143584399999999,-0.5062924200000001,0.53969506,0.08068893747585891,0.7197771368515097,-0.6677091769022718,-0.17197274119857134
-0.3142988,-0.5064354,0.5396692000000001,0.07985984803211782,0.7200346251794953,-0.6672664177933466,-0.17299731471946564
-0.3142391599999999,-0.50657838,0.53964334,0.07903114336503514,0.7202907514296306,-0.6668220756184196,-0.17402192750138126
-0.31417952,-0.50672136,0.53961748,0.07820282475263753,0.7205455143102135,-0.6663761519149577,-0.17504657713634791
-0.3141198799999999,-0.50686434,0.53959162,0.07737489347084242,0.720798912532553,-0.6659286482244858,-0.17607126121594563
-0.31407708,-0.50695888,0.53957804,0.07677482977926717,0.7209407662202866,-0.6656824459620438,-0.1766831012068245
-0.3140427,-0.5070292000000001,0.5395706,0.07628857588971413,0.7210269823300816,-0.6655372306820085,-0.17708850475628965
-0.31400832,-0.50709952,0.53956316,0.0758023287627971,0.7211128137473188,-0.665391787497612,-0.1774939039355834
-0.31397394,-0.50716984,0.5395557200000001,0.07531608865241335,0.72119826040879,-0.6652461165076331,-0.17789929860724507
-0.31393956,-0.50724016,0.53954828,0.07482985581244844,0.7212833222514922,-0.665100217810933,-0.17830468863377627
-0.31390518,-0.50731048,0.53954084,0.07434363049677672,0.7213679992126293,-0.6649540915064547,-0.17871007387764115
-0.3138708,-0.5073808,0.5395334,0.07385741295926156,0.7214522912296113,-0.6648077376932241,-0.17911545420126732
-0.31383642,-0.50745112,0.5395259600000001,0.07337120345375409,0.7215361982400545,-0.6646611564703483,-0.17952082946704445
-0.31380204,-0.50752144,0.53951852,0.07288500223409425,0.7216197201817812,-0.6645143479370165,-0.17992619953732553
-0.31376766,-0.5075917600000001,0.53951108,0.0723988095541096,0.7217028569928204,-0.6643673121925,-0.1803315642744262
-0.31373328,-0.50766208,0.5395036400000001,0.07191262566761636,0.7217856086114073,-0.6642200493361518,-0.18073692354062543
-0.3136989,-0.5077324,0.5394962,0.071426450828418,0.7218679749759834,-0.6640725594674063,-0.1811422771981648
-0.31366452,-0.50780272,0.53948876,0.07094028529030591,0.721949956025197,-0.6639248426857801,-0.1815476251092489
-0.31363014,-0.50787304,0.53948132,0.07045412930705931,0.7220315516979022,-0.6637768990908711,-0.18195296713604595
-0.31359576,-0.50794336,0.5394738800000001,0.0699679831324444,0.7221127619331609,-0.6636287287823589,-0.18235830314068668
-0.31356138,-0.50801368,0.53946644,0.06948184702021529,0.7221935866702398,-0.6634803318600043,-0.18276363298526555
-0.313527,-0.508084,0.539459,0.06899572122411274,0.7222740258486136,-0.6633317084236497,-0.18316895653183995
-0.31351656,-0.5081220399999999,0.53946488,0.06876196111227378,0.7223188968176499,-0.6633168654304197,-0.18313366713875923
-0.31350612,-0.50816008,0.53947076,0.06852819127718363,0.722363686402645,-0.6633020200482386,-0.183098393676692
-0.31349568,-0.50819812,0.5394766400000001,0.06829441174720938,0.7224083946009914,-0.6632871722855382,-0.18306313614590897
-0.31348524,-0.5082361599999999,0.53948252,0.06806062255071896,0.7224530214100915,-0.6632723221507503,-0.18302789454667723
-0.3134748,-0.5082742,0.5394884,0.06782682371608131,0.7224975668273581,-0.6632574696523066,-0.18299266887925994
-0.31346436,-0.50831224,0.53949428,0.06759301527166561,0.722542030850213,-0.6632426147986394,-0.182957459143916
-0.31345392,-0.50835028,0.53950016,0.0673591972458425,0.7225864134760891,-0.6632277575981806,-0.182922265340901
-0.31344348,-0.50838832,0.53950604,0.06712536966698304,0.7226307147024283,-0.6632128980593625,-0.18288708747046645
-0.31343304,-0.50842636,0.53951192,0.06689153256345934,0.7226749345266832,-0.6631980361906172,-0.18285192553286003
-0.3134226,-0.5084644,0.5395177999999999,0.06665768596364399,0.7227190729463155,-0.6631831720003771,-0.1828167795283253
-0.31341216,-0.50850244,0.53952368,0.06642382989591059,0.7227631299587979,-0.6631683054970753,-0.18278164945710246
-0.31340172,-0.50854048,0.53952956,0.06618996438863356,0.7228071055616118,-0.6631534366891434,-0.18274653531942736
-0.31339128,-0.50857852,0.53953544,0.065956089470188,0.7228509997522494,-0.6631385655850146,-0.18271143711553234
-0.31338084,-0.50861656,0.53954132,0.06572220516895003,0.722894812528213,-0.6631236921931216,-0.18267635484564576
-0.3133704,-0.5086546,0.5395472,0.06548831151329595,0.7229385438870142,-0.6631088165218972,-0.18264128850999206
-0.31335996,-0.50869264,0.5395530799999999,0.06525440853160348,0.7229821938261748,-0.6630939385797743,-0.18260623810879173
-0.31335358,-0.50872674,0.5395602399999999,0.0650313811619896,0.723023901654362,-0.6630846444951805,-0.1825544065076702
-0.31335532,-0.50875296,0.5395699599999999,0.06483011372108291,0.7230618217530144,-0.6630865141116477,-0.18246899210930928
-0.31335706,-0.50877918,0.53957968,0.06462883609859005,0.7230996830337997,-0.663088372052462,-0.1823835869528171
-0.3133588,-0.5088054,0.5395894,0.0644275483120265,0.7231374854942841,-0.6630902183225721,-0.18229819103992556
-0.31336054,-0.50883162,0.53959912,0.06422625037890767,0.7231752291320389,-0.6630920529269275,-0.1822128043723642
-0.31336228,-0.50885784,0.53960884,0.06402494231675024,0.7232129139446413,-0.6630938758704775,-0.18212742695186093
-0.31336402,-0.50888406,0.53961856,0.06382362414307102,0.7232505399296726,-0.6630956871581722,-0.1820420587801415
-0.31336576,-0.50891028,0.53962828,0.06362229587538748,0.7232881070847202,-0.6630974867949616,-0.18195669985892948
-0.3133675,-0.5089365,0.539638,0.06342095753121811,0.7233256154073772,-0.6630992747857959,-0.18187135018994682
-0.31336924,-0.50896272,0.5396477199999999,0.06321960912808139,0.7233630648952405,-0.6631010511356259,-0.18178600977491294
-0.31337098,-0.5089889400000001,0.5396574399999999,0.06301825068349662,0.7234004555459137,-0.6631028158494026,-0.18170067861554554
-0.31337272,-0.50901516,0.5396671599999999,0.06281688221498379,0.7234377873570051,-0.6631045689320771,-0.18161535671356016
-0.31337446,-0.50904138,0.5396768799999999,0.06261550374006314,0.7234750603261282,-0.6631063103886012,-0.1815300440706703
-0.3133762,-0.5090676000000001,0.5396865999999999,0.06241411527625576,0.7235122744509016,-0.6631080402239268,-0.1814447406885875
-0.31337794,-0.50909382,0.5396963199999999,0.06221271684108323,0.7235494297289498,-0.6631097584430055,-0.18135944656902123
-0.31337968,-0.50912004,0.53970604,0.06201130845206764,0.7235865261579019,-0.6631114650507902,-0.18127416171367894
-0.31338142,-0.5091462600000001,0.53971576,0.06180989012673181,0.7236235637353927,-0.6631131600522335,-0.18118888612426598
-0.313384,-0.50917416,0.5397156,0.061501008506557785,0.7236659167903394,-0.6630836991203255,-0.18123265376189635
-0.3133869999999999,-0.5092029,0.5397105,0.06113838993694679,0.723710783655333,-0.6630386550471563,-0.18134095182875742
-0.31339,-0.50923164,0.5397054,0.06077576112668826,0.7237554542567441,-0.6629936001368492,-0.18144926417780083
-0.313393,-0.5092603800000001,0.5397002999999999,0.0604131221779931,0.7237999285857969,-0.6629485344044335,-0.18155759080500108
-0.313396,-0.50928912,0.5396951999999999,0.060050473193075125,0.7238442066337681,-0.6629034578649386,-0.18166593170632214
-0.313399,-0.50931786,0.5396901,0.05968781427415282,0.7238882883919899,-0.6628583705333939,-0.1817742868777188
-0.313402,-0.5093466,0.539685,0.05932514552344757,0.7239321738518484,-0.6628132724248279,-0.18188265631513512
-0.313405,-0.5093753400000001,0.5396799,0.05896246704318517,0.7239758630047839,-0.6627681635542688,-0.18199104001450592
-0.3134079999999999,-0.50940408,0.5396747999999999,0.058599778935594496,0.7240193558422909,-0.6627230439367449,-0.18209943797175554
-0.313411,-0.50943282,0.5396696999999999,0.058237081302908666,0.724062652355918,-0.6626779135872826,-0.1822078501827989
-0.3134139999999999,-0.50946156,0.5396645999999999,0.057874374247363844,0.7241057525372687,-0.66263277252091,-0.18231627664354041
-0.313417,-0.5094903000000001,0.5396595,0.05751165787120005,0.7241486563780001,-0.6625876207526529,-0.18242471734987475
-0.31342,-0.50951904,0.5396544,0.05714893227666104,0.7241913638698239,-0.6625424582975382,-0.18253317229768712
-0.313423,-0.50954778,0.5396493,0.056786197565993624,0.7242338750045058,-0.6624972851705909,-0.18264164148285195
-0.313426,-0.50957652,0.5396441999999999,0.056423453841448826,0.7242761897738661,-0.662452101386837,-0.1827501249012346
-0.313429,-0.5096052600000001,0.5396390999999999,0.05606070120528027,0.7243183081697789,-0.6624069069613007,-0.18285862254868962
-0.313432,-0.509634,0.539634,0.055697939759746004,0.7243602301841736,-0.6623617019090066,-0.1829671344210625
-0.31342738,-0.5096844,0.53960778,0.055140113810518115,0.7244529356742704,-0.6622107807863029,-0.18331501207563372
-0.3134227599999999,-0.5097348,0.5395815599999999,0.05458230949748191,0.724545135842436,-0.662059697367003,-0.18366293784892915
-0.31341814,-0.5097852,0.5395553399999999,0.05402452721600999,0.7246368306232691,-0.6619084517946046,-0.18401091164988032
-0.31341352,-0.5098356,0.53952912,0.05346676736146805,0.7247280199517243,-0.661757044212651,-0.18435893338730058
-0.3134089,-0.5098860000000001,0.5395029,0.05290903032921593,0.7248187037631126,-0.6616054747647316,-0.18470700296988618
-0.31340428,-0.5099364000000001,0.5394766799999999,0.05235131651460606,0.7249088819931007,-0.6614537435944804,-0.1850551203062153
-0.3133996599999999,-0.5099868,0.53945046,0.0517936263129838,0.7249985545777117,-0.6613018508455772,-0.18540328530474848
-0.31339504,-0.5100372,0.53942424,0.05123596011968756,0.7250877214533247,-0.6611497966617463,-0.18575149787382927
-0.31339042,-0.5100876,0.53939802,0.05067831833004727,0.725176382556675,-0.6609975811867577,-0.18609975792168298
-0.3133858,-0.510138,0.5393718,0.05012070133938559,0.7252645378248543,-0.6608452045644254,-0.18644806535641806
-0.31338118,-0.5101884,0.53934558,0.049563109543016376,0.7253521871953106,-0.6606926669386084,-0.18679642008602493
-0.3133765599999999,-0.5102388,0.53931936,0.04900554333624485,0.7254393306058483,-0.6605399684532105,-0.18714482201837662
-0.31337194,-0.5102892,0.5392931400000001,0.048448003114367796,0.7255259679946274,-0.6603871092521791,-0.18749327106122915
-0.31336732,-0.5103396,0.53926692,0.04789048927267228,0.725612099300165,-0.6602340894795063,-0.18784176712222048
-0.3133627,-0.51039,0.5392407,0.04733300220643637,0.7256977244613345,-0.6600809092792285,-0.18819031010887186
-0.31335808,-0.5104404,0.53921448,0.04677554231092797,0.7257828434173652,-0.6599275687954255,-0.18853889992858663
-0.31334984,-0.51048416,0.5391882,0.04622419482988689,0.725843035572422,-0.6598062214568091,-0.18886757702217813
-0.31333436,-0.51051464,0.5391618,0.04568499941494873,0.7258539404738064,-0.6597490641540111,-0.18915631175038994
-0.31331888,-0.51054512,0.5391354,0.04514576391161822,0.7258644292425298,-0.6596918120643102,-0.1894449879425681
-0.3133034,-0.5105756,0.5391090000000001,0.044606488642219805,0.72587450186863,-0.6596344651664666,-0.18973360554348104
-0.31328792,-0.51060608,0.5390826000000001,0.044067173929097564,0.7258841583423913,-0.6595770234392494,-0.19002216449793646
-0.31327244,-0.51063656,0.5390562,0.043527820094615144,0.7258933986543447,-0.6595194868614358,-0.19031066475078087
-0.31325696,-0.51066704,0.5390298,0.04298842746115557,0.7259022227952683,-0.6594618554118112,-0.19059910624689994
-0.31324148,-0.51069752,0.5390034,0.042448996351120774,0.7259106307561873,-0.6594041290691702,-0.1908874889312182
-0.313226,-0.510728,0.538977,0.04190952708693217,0.7259186225283732,-0.6593463078123157,-0.1911758127486997
-0.31321052,-0.51075848,0.5389506000000001,0.041370019991029405,0.7259261981033449,-0.659288391620059,-0.19146407764434714
-0.31319504,-0.5107889600000001,0.5389242000000001,0.04083047538587087,0.7259333574728684,-0.6592303804712202,-0.19175228356320245
-0.31317956,-0.51081944,0.5388978000000001,0.04029089359393341,0.7259401006289559,-0.659172274344628,-0.19204043045034663
-0.31316408,-0.5108499200000001,0.5388714,0.03975127493771187,0.725946427563867,-0.6591140732191196,-0.19232851825089986
-0.3131486,-0.5108804,0.538845,0.03921161973971926,0.7259523382701083,-0.6590557770735415,-0.19261654691002145
-0.31313312,-0.5109108800000001,0.5388186,0.038671928322486324,0.7259578327404331,-0.6589973858867479,-0.19290451637290978
-0.31311764,-0.51094136,0.5387922,0.03813220100856142,0.7259629109678423,-0.658938899637603,-0.19319242658480254
-0.31310216,-0.5109718400000001,0.5387658000000001,0.037592438120510316,0.7259675729455829,-0.658880318304979,-0.19348027749097652
-0.3130798,-0.51096812,0.5387476400000001,0.03717500685886889,0.7258717843804982,-0.6589888369267418,-0.19355072800497225
-0.313054,-0.5109473,0.5387336,0.03681876551399614,0.7257257554539919,-0.6591809099038292,-0.19351236238317684
-0.3130282,-0.5109264800000001,0.53871956,0.036462539067906086,0.7255795419219547,-0.6593729499960411,-0.1934738338963855
-0.3130024,-0.51090566,0.53870552,0.036106327637374605,0.7254331437893885,-0.6595649570923723,-0.1934351425468606
-0.3129766,-0.51088484,0.53869148,0.035750131339178606,0.7252865610613716,-0.6597569310818161,-0.19339628833693945
-0.3129508,-0.51086402,0.5386774400000001,0.03539395029009759,0.7251397937430589,-0.6599488718533647,-0.19335727126903557
-0.312925,-0.5108432,0.5386634,0.03503778460691227,0.7249928418396817,-0.6601407792960087,-0.1933180913456376
-0.3128992,-0.51082238,0.53864936,0.03468163440640498,0.7248457053565476,-0.6603326532987377,-0.1932787485693096
-0.3128733999999999,-0.51080156,0.53863532,0.03432549980536029,0.7246983842990407,-0.6605244937505403,-0.19323924294269185
-0.3128476,-0.51078074,0.53862128,0.03396938092056376,0.7245508786726214,-0.6607163005404035,-0.1931995744684994
-0.3128218,-0.51075992,0.53860724,0.033613277868802985,0.7244031884828266,-0.6609080735573133,-0.19315974314952364
-0.3127959999999999,-0.5107391,0.5385932,0.03325719076686655,0.7242553137352697,-0.6610998126902552,-0.19311974898863077
-0.3127702,-0.51071828,0.53857916,0.03290111973154507,0.7241072544356407,-0.6612915178282128,-0.19307959198876326
-0.3127444,-0.5106974599999999,0.53856512,0.03254506487962995,0.7239590105897057,-0.6614831888601697,-0.1930392721529386
-0.3127185999999999,-0.51067664,0.53855108,0.03218902632791451,0.7238105822033072,-0.6616748256751079,-0.19299878948425025
-0.3126928,-0.51065582,0.53853704,0.03183300419319274,0.7236619692823643,-0.6618664281620092,-0.19295814398586691
-0.312667,-0.510635,0.538523,0.031476998592260594,0.7235131718328727,-0.6620579962098542,-0.1929173356610333
-0.31263124,-0.5105710999999999,0.53852156,0.03136646403386888,0.7232631261291639,-0.6624688668499443,-0.19246193330222944
-0.31259548,-0.5105071999999999,0.5385201199999999,0.03125628160237956,0.7230128628157865,-0.6628793207935195,-0.19200638303878276
-0.31255972,-0.5104432999999999,0.5385186799999999,0.031146451435572,0.7227623822981377,-0.6632893578678154,-0.19155068529502425
-0.31252396,-0.5103793999999999,0.53851724,0.031036973670782952,0.7225116849817687,-0.663698977900517,-0.1910948404954302
-0.3124882,-0.5103154999999999,0.5385158,0.030927848444906203,0.7222607712723836,-0.6641081807197582,-0.19063884906462125
-0.31245244,-0.5102515999999999,0.53851436,0.030819075894391534,0.7220096415758401,-0.6645169661541228,-0.1901827114273615
-0.31241668,-0.5101876999999999,0.53851292,0.030710656155245944,0.7217582962981476,-0.6649253340326438,-0.18972642800855893
-0.31238092,-0.5101237999999999,0.5385114799999999,0.03060258936303209,0.7215067358454674,-0.6653332841848038,-0.18926999923326382
-0.3123451599999999,-0.5100599,0.5385100399999999,0.030494875652869402,0.7212549606241127,-0.6657408164405353,-0.18881342552666955
-0.3123093999999999,-0.509996,0.5385086,0.030387515159433276,0.7210029710405469,-0.6661479306302209,-0.18835670731411108
-0.3122736399999999,-0.5099321,0.53850716,0.030280508016954713,0.7207507675013846,-0.6665546265846933,-0.18789984502106474
-0.3122378799999999,-0.5098682,0.53850572,0.03017385435922096,0.7204983504133897,-0.6669609041352356,-0.18744283907314824
-0.3122021199999999,-0.5098043,0.53850428,0.03006755431957424,0.7202457201834758,-0.6673667631135809,-0.18698568989611916
-0.31216636,-0.5097404,0.5385028399999999,0.029961608030912842,0.7199928772187055,-0.6677722033519132,-0.18652839791587572
-0.3121306,-0.5096765,0.5385013999999999,0.02985601562569011,0.7197398219262902,-0.6681772246828673,-0.18607096355845543
-0.31209484,-0.5096126,0.53849996,0.02975077723591489,0.7194865547135888,-0.6685818269395286,-0.1856133872500349
-0.31205666,-0.50954388,0.53850068,0.02970293089037826,0.7192356308728144,-0.6690071255561237,-0.18506028513605766
-0.31201364,-0.50946552,0.53850572,0.029769639660119918,0.7189895519733037,-0.6694739029904861,-0.18431626602776996
-0.31197062,-0.50938716,0.53851076,0.02983689046597096,0.7187431822031287,-0.6699397611930197,-0.18357209585468467
-0.3119275999999999,-0.5093088,0.5385158,0.02990468351864646,0.718496522499187,-0.6704046997499064,-0.18282777582594667
-0.31188458,-0.50923044,0.53852084,0.029973019027388553,0.7182495737988451,-0.6708687182490055,-0.18208330715114293
-0.31184156,-0.50915208,0.53852588,0.030041897199965736,0.7180023370399358,-0.671331816279854,-0.1813386910403001
-0.31179854,-0.50907372,0.53853092,0.030111318242672644,0.7177548131607553,-0.6717939934336676,-0.18059392870388258
-0.31175552,-0.50899536,0.53853596,0.030181282360328646,0.7175070031000623,-0.6722552493033412,-0.17984902135278952
-0.3117125,-0.508917,0.538541,0.030251789756277944,0.7172589077970746,-0.6727155834834488,-0.1791039701983526
-0.31166948,-0.50883864,0.53854604,0.030322840632388506,0.7170105281914677,-0.6731749955702466,-0.17835877645233394
-0.31162646,-0.5087602800000001,0.53855108,0.030394435189051758,0.7167618652233718,-0.6736334851616708,-0.17761344132692342
-0.31158344,-0.50868192,0.53855612,0.030466573625181653,0.7165129198333702,-0.6740910518573401,-0.17686796603473612
-0.31154042,-0.5086035600000001,0.53856116,0.03053925613821483,0.7162636929624966,-0.6745476952585557,-0.1761223517888108
-0.3114974,-0.5085252,0.5385662,0.030612482924108786,0.7160141855522328,-0.6750034149683023,-0.17537659980260628
-0.31145438,-0.5084468400000001,0.53857124,0.0306862541773424,0.7157643985445075,-0.6754582105912487,-0.17463071128999985
-0.31141136,-0.50836848,0.53857628,0.030760570090914638,0.7155143328816922,-0.6759120817337482,-0.17388468746528468
-0.31136834,-0.5082901200000001,0.53858132,0.030835430856344243,0.7152639895066009,-0.6763650280038397,-0.17313852954316722
-0.31132264,-0.5082202800000001,0.53859196,0.030950645749037706,0.7150725177739333,-0.6767580916253029,-0.1723712193837567
-0.3112756,-0.5081547000000001,0.5386054,0.031086154091094095,0.7149104161701445,-0.6771207458184818,-0.1715932500347213
-0.31122856,-0.5080891200000001,0.53861884,0.03122202021152551,0.7147481255022881,-0.6774824679155492,-0.17081512875601312
-0.31118152,-0.50802354,0.5386322800000001,0.03135824423943155,0.7145856463986108,-0.6778432575793518,-0.17003685669146024
-0.31113448,-0.50795796,0.53864572,0.0314948263029315,0.714422979487645,-0.6782031144741887,-0.1692584349852453
-0.31108744,-0.50789238,0.53865916,0.031631766529163136,0.7142601253982058,-0.6785620382658133,-0.16847986478190302
-0.3110404,-0.5078268,0.5386726000000001,0.0317690650442822,0.7140970847593905,-0.6789200286214341,-0.16770114722631838
-0.31099336,-0.50776122,0.5386860400000001,0.031906721973463004,0.7139338582005756,-0.6792770852097135,-0.16692228346372512
-0.31094632,-0.50769564,0.53869948,0.032044737440896615,0.7137704463514175,-0.6796332077007704,-0.16614327463970308
-0.31089928,-0.50763006,0.53871292,0.03218311156979205,0.7136068498418493,-0.6799883957661791,-0.1653641219001774
-0.31085224,-0.5075644800000001,0.5387263600000001,0.032321844482374545,0.7134430693020805,-0.6803426490789708,-0.16458482639141547
-0.3108052,-0.5074989000000001,0.5387398,0.03246093629988629,0.7132791053625943,-0.6806959673136335,-0.1638053892600261
-0.31075816,-0.5074333200000001,0.53875324,0.03260038714258508,0.7131149586541476,-0.6810483501461124,-0.16302581165295665
-0.31071112,-0.5073677400000001,0.53876668,0.03274019712974492,0.7129506298077684,-0.681399797253811,-0.16224609471749202
-0.31066408,-0.5073021600000001,0.5387801200000001,0.032880366379654746,0.7127861194547549,-0.6817503083155905,-0.16146623960125195
-0.31061704,-0.50723658,0.53879356,0.03302089500961884,0.7126214282266736,-0.6820998830117722,-0.16068624745218993
-0.31057,-0.507171,0.538807,0.033161783135956274,0.7124565567553586,-0.6824485210241353,-0.15990611941859084
-0.31051756,-0.5071374000000001,0.5388316000000001,0.033209283421834324,0.712399453859253,-0.6826332839042104,-0.15936110360373373
-0.31046512,-0.5071038,0.5388562,0.0332568710715055,0.7123423159056657,-0.6828176073989076,-0.15881599580242928
-0.31041268,-0.5070702,0.5388808,0.03330454611075552,0.7122851429999444,-0.6830014914230849,-0.15827079637048352
-0.31036024,-0.5070366000000001,0.5389054,0.03335230856525773,0.7122279352474654,-0.6831849358918917,-0.15772550566377003
-0.3103078,-0.507003,0.53893,0.03340015846057303,0.7121706927536343,-0.6833679407207687,-0.1571801240382305
-0.31025536,-0.5069694,0.5389546,0.0334480958221497,0.7121134156238847,-0.6835505058254477,-0.1566346518498738
-0.31020292,-0.5069358,0.5389792,0.03349612067532353,0.7120561039636796,-0.6837326311219529,-0.15608908945477634
-0.31015048,-0.5069022000000001,0.5390038,0.03354423304531775,0.7119987578785102,-0.6839143165265987,-0.1555434372090814
-0.31009804,-0.5068686,0.5390284,0.03359243295724294,0.711941377473896,-0.6840955619559917,-0.15499769546899894
-0.3100456,-0.506835,0.539053,0.033640720436097116,0.7118839628553847,-0.6842763673270303,-0.15445186459080562
-0.30999316,-0.5068014000000001,0.5390775999999999,0.033689095506765424,0.7118265141285525,-0.6844567325569043,-0.15390594493084414
-0.30994072,-0.5067678,0.5391022,0.03373755819402087,0.7117690313990034,-0.6846366575630951,-0.15335993684552365
-0.30988828,-0.5067342,0.5391268,0.033786108522523194,0.7117115147723694,-0.6848161422633756,-0.1528138406913188
-0.30983584,-0.5067006000000001,0.5391514,0.03383474651681962,0.7116539643543104,-0.6849951865758114,-0.15226765682476978
-0.3097834,-0.506667,0.539176,0.0338834722013446,0.7115963802505139,-0.6851737904187593,-0.15172138560248227
-0.30973096,-0.5066334,0.5392005999999999,0.033932285600419734,0.7115387625666949,-0.685351953710868,-0.15117502738112687
-0.30967608,-0.5066161,0.53922458,0.033906184936707925,0.7115222522125084,-0.6854647328780085,-0.1507466590341486
-0.30961632,-0.5066314000000001,0.53924732,0.033730087263106674,0.711587980356831,-0.6854474391414418,-0.15055442736548436
-0.30955656,-0.5066467,0.53927006,0.033553955614256545,0.7116536605338911,-0.6854300868737695,-0.1503622144009811
-0.3094968,-0.5066620000000001,0.5392927999999999,0.03337779000434328,0.7117192927294836,-0.6854126760837823,-0.1501700201596089
-0.30943704,-0.5066773,0.5393155399999999,0.03320159044755898,0.711784876929409,-0.6853952067802772,-0.14997784466033484
-0.30937728,-0.5066926,0.53933828,0.033025356958100334,0.711850413119471,-0.6853776789720579,-0.149785687922122
-0.30931752,-0.5067079,0.53936102,0.03284908955017019,0.7119159012854782,-0.685360092667934,-0.14959354996393054
-0.30925776,-0.5067232,0.53938376,0.03267278823797661,0.7119813414132441,-0.685342447876722,-0.14940143080471685
-0.309198,-0.5067385000000001,0.5394065,0.032496453035732835,0.7120467334885859,-0.6853247446072445,-0.1492093304634336
-0.30913824,-0.5067538,0.5394292399999999,0.03232008395765835,0.7121120774973262,-0.6853069828683306,-0.1490172489590308
-0.30907848,-0.5067691000000001,0.5394519799999999,0.032143681017977224,0.712177373425291,-0.685289162668816,-0.148825186310454
-0.3090187199999999,-0.5067844,0.53947472,0.031967244230919824,0.7122426212583115,-0.6852712840175423,-0.14863314253664606
-0.30895896,-0.5067997000000001,0.53949746,0.03179077361072129,0.7123078209822232,-0.6852533469233582,-0.14844111765654583
-0.3088992,-0.506815,0.5395202,0.03161426917162282,0.7123729725828661,-0.6852353513951183,-0.14824911168908916
-0.3088394399999999,-0.5068303000000001,0.5395429399999999,0.031437730927870555,0.7124380760460847,-0.6852172974416836,-0.1480571246532079
-0.30877968,-0.5068456,0.5395656799999999,0.031261158893716695,0.7125031313577277,-0.6851991850719217,-0.1478651565678309
-0.30871992,-0.5068609000000001,0.53958842,0.03108455308341824,0.7125681385036484,-0.6851810142947063,-0.14767320745188303
-0.3086545999999999,-0.5069084,0.5396034799999999,0.03073076200384653,0.7126888292285518,-0.6850668003172617,-0.147694725913175
-0.3085865,-0.5069720000000001,0.5396147,0.03028841981883431,0.7128370856823468,-0.6849045399166822,-0.14782311085312205
-0.3085183999999999,-0.5070356,0.53962592,0.029846114190376284,0.7129849915683538,-0.6847422265341979,-0.1479516626030224
-0.3084502999999999,-0.5070992000000001,0.53963714,0.029403845374454403,0.7131325468593375,-0.6845798603565018,-0.148080381149505
-0.3083822,-0.5071628,0.5396483599999999,0.02896161362704991,0.7132797515282715,-0.6844174415702984,-0.14820926647902882
-0.3083141,-0.5072264000000001,0.53965958,0.02851941920414433,0.7134266055483403,-0.6842549703623035,-0.14833831857788415
-0.3082459999999999,-0.50729,0.5396708,0.028077262361718605,0.7135731088929369,-0.6840924469192455,-0.14846753743219207
-0.3081778999999999,-0.5073536000000001,0.53968202,0.027635143355752616,0.7137192615356638,-0.6839298714278629,-0.14859692302790375
-0.3081098,-0.5074172,0.53969324,0.027193062442225878,0.7138650634503333,-0.6837672440749063,-0.1487264753508017
-0.3080417,-0.5074808000000001,0.5397044599999999,0.02675101987711679,0.714010514610967,-0.6836045650471365,-0.14885619438649889
-0.3079735999999999,-0.5075444,0.53971568,0.026309015916402702,0.7141556149917968,-0.6834418345313266,-0.14898608012043923
-0.3079055,-0.5076080000000001,0.5397269,0.025867050816059174,0.7143003645672626,-0.6832790527142588,-0.14911613253789685
-0.3078374,-0.5076716,0.53973812,0.025425124832060754,0.7144447633120159,-0.6831162197827277,-0.14924635162397715
-0.3077692999999999,-0.5077352,0.53974934,0.024983238220380156,0.7145888112009157,-0.6829533359235366,-0.1493767373636159
-0.3077011999999999,-0.5077988,0.5397605600000001,0.024541391236988397,0.7147325082090319,-0.6827904013235003,-0.1495072897415799
-0.3076331,-0.5078624,0.53977178,0.02409958413785404,0.7148758543116435,-0.6826274161694431,-0.1496380087424662
-0.307565,-0.507926,0.539783,0.023657817178943844,0.715018849484239,-0.6824643806481998,-0.14976889435070292
-0.30749528,-0.5080007599999999,0.5397836,0.023085460185589907,0.7151245103652752,-0.6823316858632872,-0.14995821641313706
-0.30742556,-0.50807552,0.5397842,0.022513137292505564,0.7152296491659615,-0.6821989316803163,-0.15014767802873066
-0.30735584,-0.50815028,0.5397848,0.02194084894411065,0.7153342658547259,-0.6820661182992913,-0.15033727917529074
-0.30728612,-0.50822504,0.5397854,0.021368595584824943,0.715438360400401,-0.6819332459202261,-0.15052701983040384
-0.3072164,-0.5082998,0.539786,0.020796377659069193,0.7155419327722242,-0.6818003147431444,-0.15071689997143753
-0.3071466799999999,-0.50837456,0.5397866,0.020224195611263318,0.7156449829398376,-0.6816673249680804,-0.15090691957553903
-0.3070769599999999,-0.50844932,0.5397872,0.019652049885827444,0.7157475108732878,-0.6815342767950773,-0.1510970786196365
-0.3070072399999999,-0.5085240799999999,0.5397878,0.01907994092718039,0.715849516543026,-0.6814011704241876,-0.15128737708043796
-0.3069375199999999,-0.50859884,0.5397884,0.018507869179739872,0.7159509999199078,-0.6812680060554729,-0.15147781493443185
-0.3068677999999999,-0.5086736,0.539789,0.01793583508792193,0.7160519609751942,-0.6811347838890035,-0.15166839215788686
-0.30679808,-0.50874836,0.5397896,0.017363839096141004,0.7161523996805498,-0.6810015041248585,-0.15185910872685215
-0.30672836,-0.50882312,0.5397902,0.01679188164880914,0.7162523160080445,-0.6808681669631249,-0.1520499646171574
-0.30665864,-0.5088978799999999,0.5397908,0.016219963190335362,0.7163517099301533,-0.6807347726038983,-0.152240959804412
-0.30658892,-0.50897264,0.5397913999999999,0.015648084165126128,0.7164505814197548,-0.6806013212472816,-0.15243209426400628
-0.3065192,-0.5090473999999999,0.5397919999999999,0.015076245017584158,0.7165489304501331,-0.6804678130933858,-0.1526233679711106
-0.30644948,-0.50912216,0.5397926,0.014504446192108528,0.7166467569949767,-0.6803342483423288,-0.15281478090067557
-0.3063820399999999,-0.5091884799999999,0.53979334,0.013952253606538928,0.7167037867394161,-0.6802579337251827,-0.1529384199494203
-0.30631916,-0.50923792,0.5397943599999999,0.013439202447481216,0.7166798513886286,-0.6802962159427757,-0.15292624701171842
-0.30625628,-0.50928736,0.5397953799999999,0.012926146704902913,0.7166555525209878,-0.6803345019225425,-0.15291402573343926
-0.3061934,-0.5093367999999999,0.5397964,0.012413086640732193,0.7166308901318389,-0.6803727916130257,-0.1529017561102437
-0.3061305199999999,-0.50938624,0.53979742,0.011900022516901115,0.7166058642167163,-0.6804110849627638,-0.15288943813784195
-0.30606764,-0.50943568,0.53979844,0.01138695459534457,0.7165804747713447,-0.6804493819202928,-0.15287707181199298
-0.30600476,-0.50948512,0.53979946,0.01087388313800125,0.7165547217916383,-0.6804876824341448,-0.15286465712850533
-0.30594188,-0.50953456,0.53980048,0.010360808406812805,0.7165286052737005,-0.680525986452849,-0.1528521940832367
-0.3058789999999999,-0.509584,0.5398015,0.009847730663724005,0.7165021252138254,-0.6805642939249311,-0.1528396826720939
-0.3058161199999999,-0.50963344,0.53980252,0.009334650170682593,0.7164752816084963,-0.6806026047989134,-0.15282712289103315
-0.30575324,-0.50968288,0.53980354,0.008821567189638613,0.7164480744543857,-0.6806409190233159,-0.15281451473605936
-0.30569036,-0.50973232,0.53980456,0.008308481982545107,0.7164205037483572,-0.6806792365466547,-0.15280185820322714
-0.30562748,-0.50978176,0.53980558,0.007795394811357478,0.7163925694874628,-0.6807175573174432,-0.15278915328864018
-0.3055645999999999,-0.5098312,0.5398066,0.007282305938033695,0.7163642716689447,-0.6807558812841913,-0.1527763999884515
-0.30550172,-0.50988064,0.53980762,0.006769215624533351,0.7163356102902351,-0.6807942083954069,-0.15276359829886282
-0.30543884,-0.50993008,0.5398086400000001,0.0062561241328185635,0.7163065853489556,-0.6808325385995941,-0.1527507482161256
-0.30537596,-0.50997952,0.53980966,0.0057430317248532425,0.7162771968429179,-0.6808708718452546,-0.15273784973654048
-0.3053199199999999,-0.51000628,0.53982772,0.0053412235306600775,0.7161711329114011,-0.6810208994063012,-0.15258084508688566
-0.3052673,-0.5100217,0.5398543,0.004995139301245219,0.7160266919830106,-0.6812266828342993,-0.15235167063673766
-0.30521468,-0.51003712,0.53988088,0.004649153119773292,0.7158820585371992,-0.681432357817288,-0.15212233681936002
-0.30516206,-0.51005254,0.53990746,0.004303265102621287,0.7157372326303678,-0.6816379242465244,-0.1518928436924153
-0.30510944,-0.51006796,0.53993404,0.003957475366135263,0.7155922143189919,-0.6818433820132973,-0.15166319131363787
-0.30505682,-0.51008338,0.53996062,0.003611784026629747,0.715447003659619,-0.6820487310089265,-0.15143337974083312
-0.3050042,-0.5100988,0.5399872,0.003266191200387597,0.7153016007088694,-0.682253971124764,-0.151203409031878
-0.30495158,-0.51011422,0.54001378,0.002920697003660211,0.7151560055234374,-0.6824591022521932,-0.15097327924472057
-0.30489896,-0.5101296399999999,0.54004036,0.002575301552667414,0.7150102181600896,-0.6826641242826298,-0.1507429904373803
-0.30484634,-0.5101450599999999,0.54006694,0.002230004963597376,0.7148642386756662,-0.6828690371075202,-0.15051254266794786
-0.30479372,-0.51016048,0.54009352,0.001884807352606488,0.7147180671270796,-0.6830738406183434,-0.15028193599458523
-0.3047411,-0.5101759,0.5401201,0.0015397088358194977,0.7145717035713159,-0.6832785347066107,-0.15005117047552563
-0.30468848,-0.51019132,0.54014668,0.0011947095293294713,0.7144251480654337,-0.6834831192638644,-0.14982024616907355
-0.30463586,-0.51020674,0.54017326,0.0008498095491973612,0.7142784006665648,-0.683687594181679,-0.1495891631336043
-0.30458324,-0.51022216,0.54019984,0.0005050090114524092,0.7141314614319135,-0.6838919593516617,-0.14935792142756482
-0.30453062,-0.51023758,0.54022642,0.00016030803209196587,0.7139843304187578,-0.6840962146654509,-0.14912652110947303
-0.304478,-0.510253,0.540253,-0.00018429327291857867,0.7138370076844478,-0.6843003600147176,-0.14889496223791804
-0.30443354,-0.51023758,0.54033136,-0.0003843967291878164,0.7136143358354643,-0.6845821928834087,-0.14866624740070322
-0.30438908,-0.51022216,0.54040972,-0.0005843513659882366,0.7133915238516397,-0.6848638770059803,-0.14843740162928631
-0.30434462,-0.51020674,0.54048808,-0.0007841571070276304,0.7131685718310217,-0.6851454123050895,-0.14820842502172843
-0.30430016,-0.51019132,0.54056644,-0.000983813876079015,0.7129454798717023,-0.6854267987034582,-0.1479793176761339
-0.3042557,-0.5101759,0.5406448,-0.0011833215969793975,0.7127222480718177,-0.685708036123873,-0.14775007969065157
-0.30421124,-0.51016048,0.54072316,-0.0013826801936311084,0.7124988765295474,-0.6859891244891846,-0.1475207111634733
-0.30416678,-0.5101450599999999,0.54080152,-0.0015818895900005375,0.7122753653431151,-0.6862700637223089,-0.14729121219283536
-0.30412232,-0.5101296399999999,0.54087988,-0.0017809497101193977,0.7120517146107882,-0.6865508537462267,-0.1470615828770171
-0.30407786,-0.51011422,0.54095824,-0.001979860478083517,0.7118279244308778,-0.6868314944839832,-0.14683182331434197
-0.3040334,-0.5100988,0.5410366,-0.0021786218180540745,0.7116039949017389,-0.6871119858586878,-0.14660193360317664
-0.30398894,-0.51008338,0.54111496,-0.0023772336542565026,0.7113799261217699,-0.687392327793516,-0.1463719138419318
-0.30394448,-0.51006796,0.54119332,-0.002575695910981529,0.711155718189413,-0.6876725202117067,-0.146141764129061
-0.30390002,-0.51005254,0.54127168,-0.002774008512584261,0.7109313712031539,-0.6879525630365649,-0.14591148456306186
-0.3038555599999999,-0.51003712,0.54135004,-0.0029721713834850866,0.7107068852615221,-0.6882324561914598,-0.14568107524247487
-0.3038111,-0.5100217,0.5414284,-0.0031701844481688557,0.7104822604630899,-0.688512199599825,-0.14545053626588456
-0.30376664,-0.51000628,0.54150676,-0.0033680476311858526,0.7102574969064741,-0.6887917931851602,-0.145219867731918
-0.30372408,-0.50998448,0.5416058,-0.003533678059389353,0.7100160744760005,-0.6890759745927958,-0.14504822764877795
-0.30368532,-0.5099499200000001,0.5417462,-0.003635064920474801,0.7097414828126826,-0.6893695059272011,-0.14499482120256993
-0.30364656,-0.50991536,0.5418866,-0.0037364097994705137,0.709466767282991,-0.6896629239159975,-0.14494135620474224
-0.3036078,-0.5098808,0.542027,-0.00383771266533639,0.7091919279352168,-0.6899562285059526,-0.14488783268056088
-0.30356904,-0.50984624,0.5421674,-0.003938973487046263,0.708916964817674,-0.6902494196438567,-0.14483425065530722
-0.30353028,-0.50981168,0.5423078,-0.004040192233587064,0.7086418779786992,-0.6905424972765202,-0.14478061015427907
-0.30349152,-0.50977712,0.5424482,-0.004141368873960452,0.7083666674666531,-0.690835461350775,-0.1447269112027888
-0.30345276,-0.50974256,0.5425886,-0.004242503377180781,0.708091333329919,-0.691128311813474,-0.14467315382616552
-0.3034139999999999,-0.509708,0.542729,-0.0043435957122767155,0.7078158756169041,-0.6914210486114918,-0.14461933804975347
-0.30337524,-0.50967344,0.5428694000000001,-0.004444645848290574,0.7075402943760378,-0.6917136716917234,-0.14456546389891262
-0.3033364799999999,-0.50963888,0.5430098,-0.004545653754278373,0.7072645896557735,-0.6920061810010854,-0.14451153139901862
-0.30329772,-0.50960432,0.5431502,-0.004646619399309854,0.7069887615045877,-0.6922985764865156,-0.14445754057546284
-0.3032589599999999,-0.50956976,0.5432906000000001,-0.004747542752468595,0.7067128099709792,-0.6925908580949729,-0.14440349145365217
-0.3032202,-0.5095352,0.543431,-0.004848423782852065,0.706436735103471,-0.692883025773438,-0.14434938405900907
-0.3031814399999999,-0.50950064,0.5435714,-0.004949262459571044,0.706160536950609,-0.6931750794689118,-0.14429521841697207
-0.30314268,-0.5094660799999999,0.5437118000000001,-0.0050500587517505885,0.7058842155609618,-0.6934670191284171,-0.14424099455299494
-0.3031039199999999,-0.50943152,0.5438522,-0.0051508126285293165,0.7056077709831214,-0.6937588446989977,-0.144186712492547
-0.30306896,-0.50939672,0.54402748,-0.005229115693361569,0.7053181353641296,-0.6940321047016924,-0.1442859033962498
-0.3030358999999999,-0.5093618,0.5442202,-0.005296333446303189,0.705021864662722,-0.694295976381698,-0.14446181633811897
-0.30300284,-0.50932688,0.5444129200000001,-0.0053637023127623,0.7047254973271292,-0.6945596757347622,-0.14463768857995707
-0.3029697799999999,-0.50929196,0.54460564,-0.005431222266093466,0.7044290334700557,-0.694823202728996,-0.1448135200130152
-0.30293672,-0.5092570399999999,0.54479836,-0.0054988932795758255,0.704132473204214,-0.6950865573325877,-0.14498931052856245
-0.3029036599999999,-0.50922212,0.5449910800000001,-0.005566715326413146,0.7038358166423238,-0.6953497395138015,-0.14516506001788554
-0.3028706,-0.5091872,0.5451838,-0.005634688379733868,0.7035390638971121,-0.6956127492409775,-0.14534076837228915
-0.3028375399999999,-0.50915228,0.54537652,-0.005702812412591074,0.7032422150813135,-0.6958755864825324,-0.14551643548309584
-0.30280448,-0.50911736,0.5455692400000001,-0.005771087397962518,0.7029452703076694,-0.6961382512069589,-0.14569206124164613
-0.3027714199999999,-0.50908244,0.54576196,-0.005839513308750641,0.7026482296889289,-0.696400743382826,-0.14586764553929865
-0.30273836,-0.50904752,0.54595468,-0.00590809011778258,0.7023510933378478,-0.6966630629787787,-0.14604318826742993
-0.3027052999999999,-0.5090126,0.5461474000000001,-0.0059768177978101605,0.7020538613671894,-0.6969252099635385,-0.14621868931743476
-0.30267224,-0.50897768,0.54634012,-0.0060456963215099885,0.7017565338897238,-0.6971871843059031,-0.14639414858072608
-0.3026391799999999,-0.50894276,0.54653284,-0.006114725661483314,0.7014591110182281,-0.6974489859747459,-0.14656956594873505
-0.30260612,-0.50890784,0.54672556,-0.006183905790256183,0.7011615928654865,-0.6977106149390169,-0.14674494131291105
-0.3025730599999999,-0.5088729200000001,0.54691828,-0.006253236680279342,0.70086397954429,-0.6979720711677425,-0.14692027456472193
-0.30254,-0.508838,0.547111,-0.006322718303928401,0.7005662711674364,-0.6982333546300249,-0.1470955655956538
-0.30251594,-0.5088212,0.54733402,-0.006405658596154121,0.7002900521024763,-0.6984398358713862,-0.14742661270005375
-0.30249188,-0.5088044,0.54755704,-0.006488861911199462,0.7000137804001461,-0.6986460467626968,-0.14775758276260886
-0.30246782,-0.5087876,0.54778006,-0.006572328186550444,0.6997374562950037,-0.6988519873116953,-0.14808847554924878
-0.30244376,-0.5087708,0.54800308,-0.00665605735948796,0.6994610800215791,-0.6990576575263261,-0.14841929082595423
-0.3024196999999999,-0.508754,0.5482261,-0.006740049367086776,0.699184651814374,-0.6992630574147403,-0.14875002835875814
-0.3023956399999999,-0.5087372,0.54844912,-0.006824304146216167,0.6989081719078618,-0.6994681869852947,-0.14908068791374524
-0.30237158,-0.5087204,0.54867214,-0.006908821633539813,0.6986316405364867,-0.699673046246552,-0.1494112692570525
-0.30234752,-0.5087036,0.54889516,-0.0069936017655162636,0.6983550579346643,-0.6998776352072814,-0.14974177215486872
-0.30232346,-0.5086868,0.54911818,-0.007078644478398163,0.6980784243367811,-0.7000819538764574,-0.15007219637343558
-0.3022994,-0.50867,0.5493412,-0.007163949708232892,0.6978017399771945,-0.7002860022632611,-0.15040254167904737
-0.30227534,-0.5086532,0.54956422,-0.007249517390862437,0.6975250050902324,-0.7004897803770788,-0.15073280783805115
-0.30225128,-0.5086364,0.54978724,-0.007335347461923353,0.6972482199101928,-0.700693288227503,-0.1510629946168471
-0.3022272199999999,-0.5086196,0.55001026,-0.007421439856847276,0.6969713846713447,-0.7008965258243322,-0.15139310178188814
-0.3022031599999999,-0.5086027999999999,0.55023328,-0.007507794510860255,0.696694499607926,-0.7010994931775704,-0.1517231290996811
-0.3021791,-0.508586,0.5504563,-0.0075944113589832135,0.6964175649541452,-0.7013021902974274,-0.15205307633678614
-0.30215504,-0.5085691999999999,0.55067932,-0.007681290336031835,0.6961405809441807,-0.7015046171943188,-0.15238294325981733
-0.30213496,-0.5085573999999999,0.55090508,-0.007766819031949937,0.695877396302632,-0.7016950719195989,-0.15270347697725695
-0.30212284,-0.5085556,0.55113632,-0.00784934629043281,0.6956418708145637,-0.7018618900989634,-0.15300543310332956
-0.30211072,-0.5085538,0.55136756,-0.007932077376161195,0.6954063132077639,-0.7020284944488921,-0.15330732102905503
-0.3020986,-0.508552,0.5515988000000001,-0.008015012241412503,0.6951707236447582,-0.70219488498036,-0.1536091405919987
-0.30208648,-0.5085502,0.55183004,-0.00809815083833719,0.6949351022880513,-0.7023610617044678,-0.15391089162976085
-0.30207436,-0.5085484,0.55206128,-0.008181493118960187,0.6946994493001275,-0.7025270246324439,-0.15421257397997562
-0.30206224,-0.5085466,0.55229252,-0.008265039035179486,0.6944637648434507,-0.7026927737756424,-0.15451418748031231
-0.30205012,-0.5085448,0.55252376,-0.008348788538767582,0.6942280490804631,-0.7028583091455451,-0.1548157319684744
-0.302038,-0.508543,0.552755,-0.008432741581370098,0.6939923021735864,-0.7030236307537594,-0.15511720728220063
-0.30202588,-0.5085411999999999,0.55298624,-0.00851689811450719,0.6937565242852213,-0.7031887386120198,-0.15541861325926404
-0.30201376,-0.5085394,0.55321748,-0.008601258089572322,0.6935207155777472,-0.7033536327321874,-0.15571994973747338
-0.30200164,-0.5085375999999999,0.55344872,-0.008685821457833406,0.6932848762135222,-0.7035183131262498,-0.15602121655467166
-0.30198952,-0.5085358,0.55367996,-0.008770588170431665,0.6930490063548833,-0.7036827798063208,-0.15632241354873783
-0.3019774,-0.5085339999999999,0.5539112,-0.008855558178382919,0.6928131061641459,-0.7038470327846412,-0.15662354055758532
-0.30196528,-0.5085322,0.55414244,-0.008940731432576371,0.6925771758036035,-0.7040110720735778,-0.1569245974191638
-0.30195316,-0.5085303999999999,0.55437368,-0.009026107883775752,0.6923412154355285,-0.7041748976856245,-0.1572255839714577
-0.30194104,-0.5085286,0.5546049200000001,-0.009111687482618702,0.6921052252221712,-0.7043385096334012,-0.15752650005248717
-0.30193716,-0.50853332,0.554837,-0.009195306561667324,0.6919063708920389,-0.7044767248265272,-0.1577769451914156
-0.3019374,-0.5085413,0.5550695,-0.009277974359281987,0.6917260784860767,-0.704602211298661,-0.1580021372232024
-0.30193764,-0.50854928,0.555302,-0.00936075815243552,0.6915457670338503,-0.7047275759003488,-0.15822727979079068
-0.30193788,-0.50855726,0.5555345,-0.00944365791602017,0.6913654366054496,-0.7048528186357949,-0.1584523728244438
-0.30193812,-0.50856524,0.555767,-0.009526673624887613,0.6911850872709573,-0.7049779395092446,-0.15867741625443743
-0.30193836,-0.50857322,0.5559995,-0.009609805253848067,0.6910047191004495,-0.7051029385249847,-0.15890241001106092
-0.3019386,-0.5085812,0.5562320000000001,-0.009693052777670894,0.6908243321639967,-0.7052278156873435,-0.15912735402461664
-0.30193884,-0.50858918,0.5564645,-0.009776416171084462,0.6906439265316615,-0.7053525710006896,-0.1593522482254199
-0.30193908,-0.50859716,0.556697,-0.009859895408775993,0.6904635022735007,-0.7054772044694336,-0.15957709254379937
-0.30193932,-0.50860514,0.5569295,-0.009943490465392155,0.6902830594595644,-0.705601716098027,-0.15980188691009647
-0.30193956,-0.50861312,0.557162,-0.010027201315538276,0.6901025981598955,-0.705726105890963,-0.16002663125466632
-0.3019398,-0.5086211,0.5573945,-0.010111027933778743,0.6899221184445303,-0.705850373852775,-0.1602513255078769
-0.30194004,-0.5086290800000001,0.557627,-0.010194970294637076,0.6897416203834988,-0.7059745199880386,-0.16047596960010974
-0.30194028,-0.50863706,0.5578595,-0.010279028372595783,0.6895611040468238,-0.70609854430137,-0.16070056346175926
-0.30194052,-0.50864504,0.558092,-0.010363202142096337,0.6893805695045215,-0.7062224467974269,-0.1609251070232337
-0.30194076,-0.50865302,0.5583245,-0.010447491577539658,0.6892000168266011,-0.7063462274809078,-0.16114960021495386
-0.301941,-0.508661,0.558557,-0.010531896653285314,0.6890194460830652,-0.7064698863565531,-0.16137404296735455
-0.30195246,-0.5086704200000001,0.55879292,-0.010623287691312683,0.6888782985250864,-0.7065643452421754,-0.16155699183973904
-0.30196392,-0.50867984,0.55902884,-0.010714752236976086,0.6887371379879773,-0.7066587252888373,-0.16173989864528027
-0.30197538,-0.50868926,0.55926476,-0.010806290274006092,0.6885959645077796,-0.7067530264977919,-0.16192276334822786
-0.30198684,-0.5086986800000001,0.55950068,-0.010897901786115938,0.6884547781205324,-0.7068472488703087,-0.16210558591283858
-0.3019983,-0.5087081,0.5597366,-0.010989586757002678,0.6883135788622724,-0.7069413924076748,-0.16228836630337504
-0.30200976,-0.50871752,0.55997252,-0.011081345170345966,0.6881723667690345,-0.7070354571111944,-0.1624711044841068
-0.30202122,-0.50872694,0.56020844,-0.01117317700980866,0.6880311418768511,-0.7071294429821879,-0.16265380041930988
-0.30203268,-0.50873636,0.56044436,-0.011265082259037287,0.6878899042217517,-0.7072233500219937,-0.1628364540732663
-0.30204414,-0.50874578,0.56068028,-0.011357060901660776,0.6877486538397647,-0.7073171782319663,-0.16301906541026526
-0.3020556,-0.5087552,0.5609162,-0.01144911292129211,0.6876073907669149,-0.707410927613478,-0.16320163439460186
-0.30206706,-0.50876462,0.56115212,-0.011541238301526549,0.6874661150392257,-0.7075045981679177,-0.16338416099057834
-0.30207852,-0.50877404,0.56138804,-0.011633437025943313,0.6873248266927173,-0.7075981898966908,-0.1635666451625027
-0.30208998,-0.50878346,0.56162396,-0.011725709078104357,0.6871835257634087,-0.7076917028012207,-0.1637490868746902
-0.30210144,-0.50879288,0.56185988,-0.01181805444155469,0.6870422122873152,-0.7077851368829475,-0.16393148609146235
-0.3021129,-0.5088023,0.5620958,-0.011910473099823099,0.686900886300451,-0.7078784921433277,-0.16411384277714705
-0.30212436,-0.50881172,0.56233172,-0.012002965036420954,0.6867595478388268,-0.7079717685838354,-0.1642961568960789
-0.3021387,-0.50881908,0.56256974,-0.012098192282295694,0.6866258913015784,-0.7080589929639112,-0.16447182622183537
-0.3021588,-0.5088223199999999,0.56281196,-0.012198804354366877,0.6865076118137713,-0.708134204410202,-0.16463425110956303
-0.3021789,-0.50882556,0.56305418,-0.012299470887157646,0.6863893210384884,-0.7082093555905562,-0.1647966372054603
-0.302199,-0.5088288,0.5632964,-0.012400191867941099,0.686271018999347,-0.7082844465047473,-0.16495898448614438
-0.3022191,-0.50883204,0.56353862,-0.012500967283980202,0.6861527057199628,-0.7083594771525585,-0.1651212929282373
-0.3022392,-0.50883528,0.56378084,-0.012601797122529096,0.6860343812239514,-0.7084344475337827,-0.165283562508365
-0.3022593,-0.50883852,0.56402306,-0.012702681370831734,0.6859160455349269,-0.7085093576482226,-0.1654457932031581
-0.3022794,-0.50884176,0.56426528,-0.012803620016122771,0.6857976986765029,-0.7085842074956903,-0.1656079849892514
-0.3022995,-0.508845,0.5645074999999999,-0.012904613045627317,0.6856793406722914,-0.7086589970760077,-0.16577013784328398
-0.3023196,-0.50884824,0.56474972,-0.01300566044656079,0.6855609715459045,-0.7087337263890067,-0.16593225174189963
-0.3023397,-0.50885148,0.56499194,-0.013106762206129455,0.6854425913209526,-0.7088083954345283,-0.1660943266617458
-0.3023598,-0.50885472,0.56523416,-0.013207918311529676,0.6853242000210454,-0.7088830042124242,-0.16625636257947496
-0.3023799,-0.5088579599999999,0.56547638,-0.013309128749948246,0.6852057976697923,-0.708957552722555,-0.16641835947174377
-0.3024,-0.5088612,0.5657186,-0.013410393508562796,0.6850873842908005,-0.7090320409647913,-0.16658031731521292
-0.3024200999999999,-0.50886444,0.56596082,-0.013511712574541118,0.6849689599076776,-0.7091064689390132,-0.1667422360865478
-0.3024402,-0.50886768,0.56620304,-0.01361308593504132,0.6848505245440291,-0.7091808366451104,-0.16690411576241826
-0.3024602999999999,-0.50887092,0.56644526,-0.013714513577212553,0.6847320782234604,-0.7092551440829832,-0.1670659563194981
-0.30248552,-0.5088698,0.5666922,-0.013803654510989416,0.6846357371580843,-0.7093150479714249,-0.16719907071943585
-0.3025133,-0.5088665,0.5669415,-0.013886657845889841,0.6845504465632926,-0.709367743340126,-0.16731781600416973
-0.3025410799999999,-0.5088632,0.5671908,-0.013969689790960943,0.6844651490127929,-0.709420406507058,-0.1674365383821592
-0.30256886,-0.5088599,0.5674401,-0.014052750340708658,0.684379844515733,-0.7094730374717511,-0.1675552378443905
-0.30259664,-0.5088566,0.5676894,-0.014135839489635732,0.6842945330812603,-0.709525636233738,-0.16767391438185167
-0.30262442,-0.5088533,0.5679387,-0.014218957232242355,0.6842092147185218,-0.709578202792555,-0.1677925679855321
-0.3026522,-0.50885,0.568188,-0.01430210356302633,0.6841238894366647,-0.7096307371477398,-0.16791119864642204
-0.3026799799999999,-0.5088467,0.5684373,-0.014385278476482258,0.6840385572448358,-0.7096832392988339,-0.16802980635551382
-0.30270776,-0.5088434,0.5686866,-0.014468481967102723,0.6839532181521822,-0.7097357092453814,-0.16814839110380048
-0.3027355399999999,-0.5088401,0.5689358999999999,-0.014551714029376883,0.6838678721678502,-0.7097881469869286,-0.16826695288227703
-0.30276332,-0.5088368,0.5691852,-0.014634974657791941,0.6837825193009864,-0.709840552523025,-0.16838549168193928
-0.3027911,-0.5088334999999999,0.5694345,-0.014718263846831892,0.6836971595607373,-0.7098929258532228,-0.16850400749378475
-0.3028188799999999,-0.5088302,0.5696838,-0.014801581590978274,0.683611792956249,-0.7099452669770766,-0.16862250030881246
-0.30284666,-0.5088269,0.5699331,-0.014884927884709728,0.6835264194966675,-0.7099975758941445,-0.16874097011802264
-0.3028744399999999,-0.5088235999999999,0.5701824,-0.014968302722502727,0.6834410391911384,-0.7100498526039865,-0.16885941691241657
-0.30290222,-0.5088203,0.5704317,-0.015051706098830442,0.683355652048808,-0.7101020971061656,-0.16897784068299762
-0.30293,-0.508817,0.570681,-0.015135138008163879,0.6832702580788216,-0.7101543094002479,-0.16909624142076973
-0.30296582,-0.5088001999999999,0.5709366,-0.01518075741398614,0.6831938695181244,-0.7102150264095982,-0.16914578776665862
-0.3030016399999999,-0.5087834,0.5711922,-0.01522638762154524,0.6831174750101939,-0.7102757312212234,-0.16919532527186382
-0.30303746,-0.5087666,0.5714478,-0.015272028629316967,0.6830410745571979,-0.7103364238345361,-0.16924485393433986
-0.30307328,-0.5087498,0.5717034,-0.015317680435776665,0.6829646681613044,-0.7103971042489481,-0.16929437375204145
-0.3031090999999999,-0.508733,0.571959,-0.01536334303939943,0.6828882558246817,-0.710457772463872,-0.16934388472292372
-0.30314492,-0.5087162,0.5722146,-0.015409016438659814,0.6828118375494978,-0.7105184284787208,-0.16939338684494193
-0.30318074,-0.5086994,0.5724702,-0.015454700632032276,0.6827354133379211,-0.7105790722929081,-0.16944288011605146
-0.3032165599999999,-0.5086826,0.5727258000000001,-0.015500395617990256,0.6826589831921196,-0.7106397039058472,-0.16949236453420852
-0.30325238,-0.5086658,0.5729814,-0.015546101395007839,0.6825825471142616,-0.7107003233169528,-0.16954184009736856
-0.3032882,-0.508649,0.573237,-0.015591817961557689,0.6825061051065158,-0.7107609305256392,-0.16959130680348836
-0.3033240199999999,-0.5086322,0.5734926,-0.015637545316112722,0.6824296571710503,-0.7108215255313213,-0.1696407646505243
-0.30335984,-0.5086154,0.5737482,-0.015683283457145286,0.6823532033100336,-0.7108821083334145,-0.16969021363643316
-0.30339566,-0.5085986,0.5740038000000001,-0.015729032383127395,0.6822767435256343,-0.7109426789313347,-0.169739653759172
-0.30343148,-0.5085818,0.5742594000000001,-0.015774792092530673,0.6822002778200209,-0.7110032373244979,-0.16978908501669818
-0.3034673,-0.508565,0.574515,-0.01582056258382629,0.682123806195362,-0.7110637835123208,-0.16983850740696915
-0.30350312,-0.5085482,0.5747706,-0.015866343855485132,0.6820473286538262,-0.7111243174942199,-0.16988792092794278
-0.3035421199999999,-0.50852334,0.5750273600000001,-0.01589632441622532,0.6819648506787662,-0.7111992237397805,-0.1699026587804785
-0.30358748,-0.50848236,0.5752864400000001,-0.015894676092481075,0.6818703709924043,-0.7113028837131539,-0.16984806167851163
-0.30363284,-0.50844138,0.57554552,-0.01589301352266695,0.6817758752548767,-0.7114065269691463,-0.16979346697477066
-0.3036782,-0.5084004,0.5758046,-0.015891336707287748,0.6816813634695104,-0.7115101535051711,-0.1697388746724005
-0.30372356,-0.50835942,0.5760636800000001,-0.015889645646848943,0.6815868356396334,-0.7116137633186418,-0.1696842847745464
-0.30376892,-0.50831844,0.57632276,-0.015887940341856602,0.6814922917685736,-0.7117173564069725,-0.16962969728435315
-0.30381428,-0.5082774600000001,0.57658184,-0.015886220792817235,0.6813977318596599,-0.7118209327675789,-0.1695751122049661
-0.30385964,-0.50823648,0.57684092,-0.015884487000238354,0.6813031559162211,-0.7119244923978764,-0.16952052953952995
-0.303905,-0.5081955,0.5771000000000001,-0.015882738964628093,0.6812085639415869,-0.7120280352952815,-0.16946594929118938
-0.30395036,-0.50815452,0.57735908,-0.01588097668649499,0.681113955939087,-0.7121315614572111,-0.16941137146308943
-0.30399572,-0.50811354,0.57761816,-0.01587920016634861,0.6810193319120516,-0.7122350708810837,-0.16935679605837464
-0.30404108,-0.50807256,0.57787724,-0.015877409404698825,0.6809246918638117,-0.7123385635643171,-0.1693022230801895
-0.30408644,-0.50803158,0.57813632,-0.01587560440205671,0.6808300357976981,-0.7124420395043309,-0.16924765253167845
-0.3041318,-0.5079906000000001,0.5783954,-0.015873785158933312,0.680735363717043,-0.7125454986985451,-0.16919308441598618
-0.30417716,-0.50794962,0.57865448,-0.015871951675840823,0.6806406756251782,-0.7126489411443799,-0.16913851873625696
-0.30422252,-0.50790864,0.5789135599999999,-0.01587010395329201,0.6805459715254357,-0.7127523668392568,-0.16908395549563493
-0.30426788,-0.50786766,0.57917264,-0.015868241991800522,0.6804512514211492,-0.7128557757805979,-0.1690293946972643
-0.3043196,-0.50780276,0.57943136,-0.0158404025923322,0.6803266225107168,-0.713007566164575,-0.16889339519632726
-0.3043745,-0.5077259000000001,0.5796899,-0.01579952195067641,0.680187005071549,-0.7131834921679057,-0.1687166848213815
-0.3044294,-0.50764904,0.57994844,-0.01575857258725233,0.6800473403092747,-0.7133593453328594,-0.16853998562527583
-0.3044843,-0.50757218,0.5802069799999999,-0.015717554503746956,0.6799076282559267,-0.7135351256439196,-0.16836329763977115
-0.3045392,-0.5074953200000001,0.58046552,-0.015676467701861874,0.6797678689435435,-0.7137108330855849,-0.16818662089662903
-0.3045941,-0.50741846,0.58072406,-0.01563531218331285,0.6796280624041687,-0.7138864676423681,-0.16800995542761143
-0.304649,-0.5073416000000001,0.5809826,-0.015594087949829957,0.6794882086698516,-0.7140620292987963,-0.16783330126448093
-0.3047039,-0.50726474,0.5812411399999999,-0.015552795003157788,0.6793483077726474,-0.7142375180394114,-0.16765665843900052
-0.3047588,-0.50718788,0.58149968,-0.015511433345055156,0.6792083597446157,-0.7144129338487695,-0.16748002698293343
-0.3048137,-0.5071110200000001,0.58175822,-0.015470002977294853,0.6790683646178226,-0.7145882767114414,-0.1673034069280443
-0.3048686,-0.50703416,0.58201676,-0.015428503901664753,0.6789283224243389,-0.7147635466120124,-0.16712679830609695
-0.3049235,-0.5069573,0.5822752999999999,-0.015386936119966416,0.6787882331962412,-0.7149387435350819,-0.16695020114885648
-0.3049784,-0.5068804400000001,0.58253384,-0.015345299634016055,0.6786480969656115,-0.7151138674652644,-0.16677361548808836
-0.3050333,-0.50680358,0.58279238,-0.015303594445644095,0.6785079137645369,-0.7152889183871882,-0.16659704135555828
-0.3050882,-0.5067267200000001,0.58305092,-0.01526182055669538,0.6783676836251104,-0.7154638962854966,-0.16642047878303262
-0.3051431,-0.50664986,0.58330946,-0.015219977969029089,0.6782274065794301,-0.7156388011448469,-0.16624392780227792
-0.305198,-0.506573,0.583568,-0.015178066684518474,0.6780870826595996,-0.7158136329499115,-0.16606738844506166
-0.30526226,-0.5064566,0.58382636,-0.015067978567415222,0.6778906115700182,-0.716078074204102,-0.16573915171516768
-0.30532652,-0.5063402,0.58408472,-0.014957711025933837,0.6776940250524631,-0.716342301753769,-0.16541094887330807
-0.30539078,-0.5062238,0.58434308,-0.014847264068833993,0.6774973232528759,-0.7166063155313664,-0.1650827800693278
-0.30545504,-0.5061074,0.58460144,-0.0147366377049849,0.6773005063172376,-0.7168701154694597,-0.1647546454530769
-0.3055193,-0.5059910000000001,0.5848598,-0.014625831943366502,0.6771035743915685,-0.7171337015007269,-0.16442654517440947
-0.30558356,-0.5058746000000001,0.5851181599999999,-0.014514846793068345,0.6769065276219286,-0.717397073557959,-0.16409847938318428
-0.30564782,-0.5057582,0.58537652,-0.014403682263290307,0.6767093661544162,-0.7176602315740592,-0.16377044822926454
-0.30571208,-0.5056418,0.58563488,-0.01429233836334283,0.6765120901351693,-0.7179231754820435,-0.16344245186251716
-0.30577634,-0.5055254,0.58589324,-0.01418081510264585,0.676314699710365,-0.7181859052150404,-0.16311449043281379
-0.3058406,-0.505409,0.5861516,-0.014069112490730173,0.6761171950262188,-0.7184484207062913,-0.16278656409002962
-0.30590486,-0.5052926,0.58640996,-0.01395723053723634,0.6759195762289852,-0.7187107218891498,-0.16245867298404423
-0.30596912,-0.5051762,0.58666832,-0.013845169251915118,0.6757218434649581,-0.7189728086970826,-0.16213081726474116
-0.30603338,-0.5050598,0.58692668,-0.013732928644627843,0.6755239968804692,-0.719234681063669,-0.16180299708200713
-0.30609764,-0.5049434,0.58718504,-0.013620508725345565,0.6753260366218891,-0.7194963389226009,-0.16147521258573339
-0.3061619,-0.504827,0.5874434000000001,-0.01350790950415015,0.6751279628356267,-0.7197577822076832,-0.16114746392581414
-0.30622616,-0.5047106,0.5877017600000001,-0.013395130991233198,0.67492977566813,-0.7200190108528336,-0.16081975125214765
-0.30629198,-0.5045784799999999,0.5879601,-0.013263938254936436,0.674706634837009,-0.7203130359403384,-0.16044985230065253
-0.30636092,-0.50441492,0.5882184,-0.013095987796562084,0.6744336279123477,-0.7206727368716673,-0.15999557173410064
-0.30642986,-0.50425136,0.5884767000000001,-0.012927695245580462,0.6741604000126481,-0.72103202535511,-0.15954136818622205
-0.3064988,-0.5040878,0.588735,-0.012759060636787278,0.6738869515262766,-0.7213909012108707,-0.15908724205434077
-0.30656774,-0.50392424,0.5889933,-0.012590084005381669,0.6736132828417437,-0.7217493642595679,-0.15863319373578721
-0.30663668,-0.50376068,0.5892516,-0.012420765386966959,0.6733393943477046,-0.7221074143222349,-0.15817922362789696
-0.30670562,-0.50359712,0.5895099,-0.012251104817550387,0.6730652864329577,-0.7224650512203192,-0.15772533212801065
-0.30677456,-0.50343356,0.5897682000000001,-0.012081102333543245,0.6727909594864442,-0.7228222747756837,-0.15727151963347366
-0.3068435,-0.50327,0.5900265,-0.011910757971761221,0.6725164138972483,-0.7231790848106059,-0.15681778654163497
-0.30691244,-0.5031064399999999,0.5902848,-0.01174007176942371,0.672241650054596,-0.723535481147778,-0.15636413324984785
-0.30698138,-0.50294288,0.5905431,-0.011569043764154421,0.6719666683478558,-0.723891463610308,-0.1559105601554686
-0.30705032,-0.50277932,0.5908014,-0.011397673993981006,0.6716914691665373,-0.7242470320217185,-0.15545706765585662
-0.30711926,-0.50261576,0.5910597000000001,-0.011225962497335817,0.6714160529002906,-0.7246021862059481,-0.1550036561483733
-0.3071882,-0.5024522,0.591318,-0.011053909313054944,0.671140419938907,-0.7249569259873505,-0.1545503260303824
-0.30725714,-0.50228864,0.5915763,-0.01088151448037894,0.6708645706723176,-0.7253112511906953,-0.15409707769924927
-0.30732608,-0.50212508,0.5918346,-0.01070877803895233,0.6705885054905931,-0.7256651616411675,-0.15364391155234047
-0.30739502,-0.50196152,0.5920929,-0.010535700028824632,0.6703122247839435,-0.7260186571643685,-0.1531908279870229
-0.3074662,-0.50177268,0.59234936,-0.010340465546206004,0.6700039157994104,-0.7264132012818206,-0.15268165767125186
-0.3075385,-0.5015712,0.5926049,-0.010133870963578623,0.6696794165868385,-0.7268279239810952,-0.1521445121604347
-0.3076108,-0.50136972,0.59286044,-0.00992680158898325,0.669354620550198,-0.7272420655447573,-0.1516074822048969
-0.3076831,-0.50116824,0.59311598,-0.009719257490038685,0.6690295283325396,-0.7276556256898364,-0.15107056846028835
-0.3077554,-0.50096676,0.59337152,-0.009511238735150376,0.6687041405771776,-0.7280686041341723,-0.15053377158225745
-0.3078277,-0.50076528,0.59362706,-0.009302745393510378,0.6683784579276905,-0.7284810005964162,-0.14999709222645086
-0.3079,-0.5005638,0.5938826,-0.009093777535098047,0.6680524810279193,-0.7288928147960307,-0.1494605310485112
-0.3079723,-0.50036232,0.59413814,-0.008884335230679233,0.667726210521967,-0.7293040464532902,-0.14892408870407742
-0.3080446,-0.50016084,0.59439368,-0.008674418551807325,0.6673996470541969,-0.7297146952892811,-0.1483877658487827
-0.3081168999999999,-0.49995936,0.59464922,-0.00846402757082218,0.6670727912692324,-0.730124761025902,-0.14785156313825443
-0.3081892,-0.49975788,0.59490476,-0.008253162360851274,0.6667456438119551,-0.7305342433858638,-0.1473154812281124
-0.3082614999999999,-0.4995564,0.5951603,-0.008041822995809161,0.6664182053275051,-0.7309431420926907,-0.1467795207739681
-0.3083338,-0.49935492,0.59541584,-0.007830009550397199,0.6660904764612786,-0.7313514568707196,-0.14624368243142444
-0.3084060999999999,-0.49915344,0.59567138,-0.007617722100104571,0.6657624578589281,-0.7317591874451006,-0.14570796685607337
-0.3084784,-0.49895196,0.59592692,-0.0074049607212071655,0.6654341501663605,-0.7321663335417976,-0.14517237470349642
-0.3085506999999999,-0.49875048,0.59618246,-0.007191725490768755,0.6651055540297365,-0.7325728948875877,-0.14463690662926226
-0.308623,-0.498549,0.596438,-0.00697801648664001,0.6647766700954697,-0.7329788712100632,-0.1441015632889272
-0.3086958999999999,-0.49831536,0.5966861,-0.006765433501800172,0.6644241529821278,-0.7334162304188039,-0.1435109988878447
-0.3087688,-0.49808172,0.5969342,-0.006552290873424585,0.6640713188232727,-0.7338528907640153,-0.14292055736641818
-0.3088417,-0.49784808,0.5971823,-0.006338588676030044,0.6637181684523246,-0.7342888519251454,-0.1423302395780307
-0.3089146,-0.49761444,0.5974304,-0.006124326985245343,0.6633647027030207,-0.7347241135827915,-0.14174004637607523
-0.3089874999999999,-0.4973808,0.5976785,-0.005909505877811985,0.6630109224094138,-0.7351586754187012,-0.14114997861395204
-0.3090604,-0.49714716,0.5979266,-0.005694125431583291,0.6626568284058713,-0.7355925371157718,-0.14056003714506832
-0.3091333,-0.49691352,0.5981747000000001,-0.005478185725525178,0.6623024215270726,-0.736025698358052,-0.1399702228228361
-0.3092062,-0.49667988,0.5984228,-0.0052616868397159094,0.6619477026080091,-0.7364581588307406,-0.13938053650067111
-0.3092791,-0.49644624,0.5986709,-0.005044628855346761,0.6615926724839815,-0.7368899182201891,-0.13879097903199034
-0.309352,-0.4962126,0.598919,-0.004827011854721161,0.6612373319905981,-0.7373209762138989,-0.1382015512702117
-0.3094249,-0.49597896,0.5991671000000001,-0.004608835921255536,0.6608816819637748,-0.7377513325005249,-0.1376122540687519
-0.3094978,-0.49574532,0.5994152,-0.004390101139478894,0.6605257232397317,-0.7381809867698739,-0.13702308828102522
-0.3095707,-0.49551168,0.5996633,-0.004170807595033563,0.6601694566549932,-0.738609938712905,-0.13643405476044118
-0.3096436,-0.49527804,0.5999114,-0.003950955374674381,0.6598128830463847,-0.7390381880217309,-0.13584515436040423
-0.3097165,-0.4950444,0.6001595000000001,-0.003730544566269353,0.6594560032510334,-0.7394657343896167,-0.13525638793431152
-0.3097894,-0.49481076,0.6004076,-0.003509575258799441,0.6590988181063644,-0.7398925775109821,-0.13466775633555167
-0.30986298,-0.49456994,0.6006513800000001,-0.0032797431940812805,0.6587455736816,-0.7403211874290186,-0.13404496217004322
-0.30993792,-0.49431476,0.60088652,-0.0030326956679248562,0.6584005163435036,-0.7407539105964069,-0.133353690506576
-0.31001286,-0.49405958,0.60112166,-0.0027850172298972964,0.65805515679604,-0.741185744184481,-0.13266253016909363
-0.3100878,-0.4938044,0.6013568,-0.0025367079535866255,0.6577094961093256,-0.7416166878471094,-0.13197148232500192
-0.31016274,-0.49354922,0.60159194,-0.002287767914179034,0.6573635353538255,-0.7420467412398564,-0.13128054814175702
-0.31023768,-0.49329404,0.6018270800000001,-0.0020381971884590316,0.6570172756003496,-0.7424759040199815,-0.1305897287868633
-0.31031262,-0.49303886,0.60206222,-0.0017879958548094738,0.6566707179200502,-0.7429041758464401,-0.1298990254278709
-0.31038756,-0.49278368,0.60229736,-0.001537163993212437,0.6563238633844205,-0.7433315563798839,-0.12920843923237255
-0.3104625,-0.4925285,0.6025325,-0.0012857016852477615,0.6559767130652915,-0.7437580452826617,-0.12851797136800283
-0.31053744,-0.49227332,0.60276764,-0.0010336090140952853,0.6556292680348299,-0.7441836422188189,-0.1278276230024335
-0.31061238,-0.49201814,0.6030027800000001,-0.0007808860645331928,0.6552815293655351,-0.7446083468540988,-0.12713739530337292
-0.31068732,-0.49176296,0.60323792,-0.0005275329229391806,0.6549334981302372,-0.7450321588559423,-0.12644728943856276
-0.31076226,-0.49150778,0.60347306,-0.00027354967729017327,0.654585175402095,-0.7454550778934897,-0.12575730657577572
-0.3108372,-0.4912526,0.6037082,-1.8936417162634944e-05,0.6542365622545935,-0.7458771036375786,-0.12506744788281313
-0.31091214,-0.49099742,0.60394334,0.00023630676626756192,0.6538876597615403,-0.7462982357607469,-0.12437771452750229
-0.31098708,-0.49074224,0.6041784800000001,0.0004921797802245748,0.6535384689970644,-0.7467184739372317,-0.12368810767769445
-0.31106202,-0.49048706,0.60441362,0.0007486825303329656,0.6531889910356135,-0.7471378178429697,-0.12299862850126203
-0.31113984,-0.49022548,0.6046383200000001,0.0010644151100577676,0.652863609172089,-0.7475539866336914,-0.12219251985020327
-0.3112191,-0.4899606999999999,0.6048578,0.0014101357402154582,0.652550127265041,-0.7479677982428448,-0.1213281324150495
-0.31129836,-0.48969592,0.60507728,0.0017565558886656757,0.6522363543876962,-0.7483803280977197,-0.1204638412255187
-0.31137762,-0.48943114,0.60529676,0.0021036754302753286,0.6519222919861922,-0.7487915757547586,-0.1195996481594294
-0.31145688,-0.48916636,0.60551624,0.0024514942373491597,0.6516079415070735,-0.7492015407734197,-0.11873555509472405
-0.31153614,-0.48890158,0.60573572,0.0028000121796300237,0.6512933043972854,-0.7496102227161766,-0.1178715639094646
-0.3116154,-0.4886368,0.6059552,0.0031492291242977907,0.6509783821041711,-0.7500176211485186,-0.11700767648182653
-0.31169466,-0.48837202,0.60617468,0.0034991449359695267,0.6506631760754656,-0.7504237356389527,-0.1161438946900947
-0.31177392,-0.48810724,0.60639416,0.0038497594766997087,0.6503476877592924,-0.7508285657590034,-0.11528022041265892
-0.31185318,-0.48784246,0.60661364,0.004201072605979121,0.6500319186041585,-0.7512321110832132,-0.11441665552800785
-0.31193244,-0.48757768,0.60683312,0.00455308418073571,0.6497158700589499,-0.7516343711891432,-0.11355320191472562
-0.3120117,-0.4873129,0.6070525999999999,0.0049057940553334164,0.6493995435729265,-0.7520353456573741,-0.11268986145148568
-0.31209096,-0.48704812,0.60727208,0.005259202081572434,0.6490829405957194,-0.7524350340715071,-0.1118266360170467
-0.31217022,-0.48678334,0.6074915599999999,0.005613308108689631,0.6487660625773237,-0.7528334360181632,-0.11096352749024771
-0.31224948,-0.48651856,0.60771104,0.005968111983357165,0.6484489109680969,-0.7532305510869853,-0.11010053775000292
-0.31232874,-0.48625378,0.6079305199999999,0.0063236135496832074,0.6481314872187514,-0.7536263788706374,-0.10923766867529672
-0.312408,-0.485989,0.60815,0.006679812649211803,0.6478137927803531,-0.7540209189648066,-0.10837492214517988
-0.31248942,-0.4857097,0.6083531,0.007086916728973873,0.6475216612311411,-0.7544102256724717,-0.10738102834556126
-0.31257084,-0.4854304,0.6085562,0.007494751380302034,0.6472292716446223,-0.754797893434873,-0.10638721114117726
-0.31265226,-0.4851511,0.6087593,0.007903316404146168,0.6469366257411151,-0.7551839217578034,-0.10539347315189977
-0.31273368,-0.4848718,0.6089624,0.00831261159802843,0.6466437252412873,-0.7555683101515832,-0.10439981699778908
-0.3128151,-0.4845925,0.6091655,0.008722636756044039,0.6463505718661495,-0.7559510581310596,-0.10340624529908737
-0.31289652,-0.4843132,0.6093686,0.009133391668860243,0.6460571673370484,-0.756332165215608,-0.10241276067620991
-0.31297794,-0.4840338999999999,0.6095717,0.009544876123716482,0.6457635133756598,-0.7567116309291326,-0.10141936574973738
-0.31305936,-0.4837546,0.6097748000000001,0.00995708990442487,0.645469611703983,-0.7570894548000672,-0.1004260631404088
-0.31314078,-0.4834753,0.6099779000000001,0.010370032791369055,0.6451754640443326,-0.7574656363613762,-0.09943285546911251
-0.3132222,-0.4831959999999999,0.610181,0.010783704561504563,0.6448810721193321,-0.7578401751505549,-0.09843974535687881
-0.31330362,-0.4829167,0.6103841,0.011198104988359131,0.6445864376519086,-0.7582130707096303,-0.09744673542487249
-0.31338504,-0.4826374,0.6105872,0.011613233842032139,0.644291562365284,-0.758584322585162,-0.09645382829438456
-0.31346646,-0.4823580999999999,0.6107903,0.012029090889194384,0.6439964479829695,-0.7589539303282431,-0.0954610265868242
-0.31354788,-0.4820788,0.6109934,0.01244567589308828,0.6437010962287588,-0.7593218934945003,-0.09446833292371107
-0.3136293,-0.4817995,0.6111965,0.012862988613528269,0.6434055088267214,-0.7596882116440948,-0.09347574992666804
-0.31371072,-0.4815201999999999,0.6113996,0.013281028806899714,0.643109687501195,-0.7600528843417234,-0.09248328021741208
-0.31379296,-0.48123698,0.61159494,0.013704299486979606,0.6428214000680721,-0.7604140445440599,-0.0914511927217965
-0.31387684,-0.4809459199999999,0.6117747600000001,0.01413731537778267,0.6425484444778375,-0.760769590194645,-0.09033971135714548
-0.31396072,-0.4806548599999999,0.61195458,0.014571075542549682,0.6422753055068633,-0.7611231365402578,-0.0892282842865351
-0.3140446,-0.4803637999999999,0.6121344000000001,0.015005579700042841,0.6420019850947304,-0.7614746831038055,-0.08811691497238361
-0.31412848,-0.4800727399999999,0.61231422,0.015440827564758924,0.6417284851811651,-0.7618242294145723,-0.08700560687734896
-0.31421236,-0.47978168,0.6124940400000001,0.015876818846928938,0.6414548077060298,-0.7621717750082209,-0.08589436346431689
-0.31429624,-0.47949062,0.61267386,0.016313553252518986,0.6411809546093145,-0.7625173194267925,-0.08478318819638975
-0.31438012,-0.4791995599999999,0.6128536800000001,0.016751030483229477,0.6409069278311273,-0.7628608622187079,-0.08367208453687358
-0.314464,-0.4789084999999999,0.6130335,0.01718925023649577,0.640632729311685,-0.7632024029387685,-0.08256105594926708
-0.31454788,-0.4786174399999999,0.6132133200000001,0.017628212205488176,0.6403583609913044,-0.7635419411481567,-0.08145010589724953
-0.31463176,-0.47832638,0.61339314,0.018067916079112206,0.640083824810393,-0.7638794764144368,-0.08033923784466879
-0.31471564,-0.47803532,0.6135729600000001,0.018508361542008904,0.63980912270944,-0.7642150083115546,-0.07922845525553021
-0.31479952,-0.47774426,0.61375278,0.01894954827455464,0.6395342566290064,-0.7645485364198404,-0.0781177615939839
-0.3148834,-0.4774531999999999,0.6139325999999999,0.019391475952861274,0.6392592285097173,-0.7648800603260073,-0.07700716032431265
-0.31496728,-0.4771621399999999,0.61411242,0.019834144248777386,0.6389840402922509,-0.7652095796231527,-0.07589665491092185
-0.31505116,-0.47687108,0.6142922399999999,0.020277552829887135,0.6387086939173312,-0.7655370939107599,-0.0747862488183255
-0.31513504,-0.47658002,0.61447206,0.020721701359511846,0.6384331913257179,-0.7658626027946961,-0.07367594551113618
-0.31521996,-0.47628556,0.61463008,0.021169576824965782,0.6381778992209879,-0.7661790835559291,-0.0724598501539642
-0.3153054,-0.4759893999999999,0.6147772,0.021619689179609502,0.6379327047176816,-0.7664896069549029,-0.07119084015151683
-0.31539084,-0.4756932399999999,0.61492432,0.02207054514192699,0.6376874410981132,-0.7667975957122365,-0.0699218543290428
-0.31547628,-0.4753970799999999,0.61507144,0.022522144289119812,0.6374421105412161,-0.7671030493890059,-0.06865289756061432
-0.31556172,-0.47510092,0.61521856,0.022974486192981355,0.6371967152256574,-0.7674059675560608,-0.06738397472060507
-0.31564716,-0.47480476,0.61536568,0.02342757041989637,0.6369512573298228,-0.7677063497940271,-0.06611509068366908
-0.3157326,-0.4745085999999999,0.6155128,0.02388139653084289,0.6367057390318062,-0.7680041956933058,-0.06484625032472226
-0.31581804,-0.4742124399999999,0.61565992,0.024335964081392103,0.6364601625093954,-0.7682995048540758,-0.06357745851892156
-0.31590348,-0.4739162799999999,0.61580704,0.024791272621709458,0.6362145299400588,-0.7685922768862931,-0.062308720141645645
-0.31598892,-0.47362012,0.61595416,0.025247321696556108,0.6359688435009335,-0.7688825114096914,-0.061040040068475715
-0.31607436,-0.47332396,0.61610128,0.025704110845288723,0.6357231053688124,-0.7691702080537842,-0.05977142317517454
-0.3161598,-0.4730277999999999,0.6162484,0.02616163960186156,0.6354773177201294,-0.7694553664578623,-0.05850287433766796
-0.31624524,-0.4727316399999999,0.61639552,0.026619907494826192,0.6352314827309489,-0.7697379862709981,-0.057234398432024
-0.31633068,-0.4724354799999999,0.61654264,0.027078914047333764,0.6349856025769519,-0.7700180671520432,-0.05596600033443427
-0.31641612,-0.47213932,0.61668976,0.02753865877713493,0.6347396794334226,-0.7702956087696298,-0.05469768492119308
-0.31650156,-0.47184316,0.61683688,0.027999141196581312,0.6344937154752357,-0.7705706108021712,-0.0534294570686782
-0.316587,-0.4715469999999999,0.616984,0.028460360812626966,0.634247712876844,-0.7708430729378615,-0.052161321653331656
-0.31666638,-0.4712424999999999,0.61708564,0.02887394659339115,0.6340280467910226,-0.7711038062700845,-0.050731164448206106
-0.31674576,-0.4709379999999999,0.61718728,0.029288277604796575,0.6338084758822797,-0.7713614086071711,-0.04930101425211108
-0.31682514,-0.4706335,0.61728892,0.029703353247392074,0.6335890025570516,-0.7716158796381068,-0.04787087773303954
-0.31690452,-0.4703289999999999,0.61739056,0.030119172915043485,0.6333696292208449,-0.771867219066442,-0.046440761559220334
-0.3169839,-0.4700244999999999,0.6174921999999999,0.030535735994935094,0.6331503582782179,-0.7721154266102926,-0.045010672399085495
-0.31706328,-0.4697199999999999,0.61759384,0.03095304186757258,0.6329311921327632,-0.7723605020023407,-0.043580616921239115
-0.31714266,-0.4694155,0.61769548,0.03137108990678477,0.6327121331870901,-0.7726024449898343,-0.04215060179442482
-0.31722204,-0.4691109999999999,0.61779712,0.03178987947972542,0.6324931838428071,-0.7728412553345887,-0.04072063368749315
-0.31730142,-0.4688064999999999,0.61789876,0.032209409946876266,0.6322743465005035,-0.7730769328129837,-0.03929071926937055
-0.3173808,-0.468502,0.6180004,0.03262968066204894,0.6320556235597329,-0.773309477215968,-0.03786086520902676
-0.31746018,-0.4681975,0.6181020399999999,0.03305069097238709,0.6318370174189947,-0.7735388883490549,-0.03643107817544202
-0.31753956,-0.467893,0.6182036799999999,0.03347244021836908,0.6316185304757164,-0.7737651660323248,-0.03500136483757649
-0.31761894,-0.4675885,0.6183053199999999,0.033894927733810455,0.6314001651262363,-0.7739883101004241,-0.03357173186433728
-0.31769832,-0.467284,0.61840696,0.0343181528458658,0.6311819237657862,-0.7742083204025652,-0.03214218592454602
-0.3177777,-0.4669795,0.6185086,0.03474211487503219,0.630963808788473,-0.7744251968025256,-0.030712733686907766
-0.31785708,-0.466675,0.61861024,0.03516681313515109,0.6307458225872613,-0.7746389391786485,-0.029283381819978256
-0.3179344,-0.46636638,0.6187005,0.042883498978353356,0.6300779758158742,-0.7744728753248099,-0.03680374020755932
-0.3180076,-0.46604952,0.618768,0.06513509434976819,0.6279852389906996,-0.7729962088069284,-0.062199841349929445
-0.3180808,-0.46573266,0.6188355,0.08729332723044336,0.6251075162805283,-0.7706862689398549,-0.08753937958538117
-0.318154,-0.4654158,0.618903,0.10933053215638575,0.6214487608034639,-0.7675451526875406,-0.11279499554546085
-0.3182272,-0.46509894,0.6189705,0.13121920543122764,0.6170138998265005,-0.7635758560238776,-0.13793940569791296
-0.3183004,-0.46478208,0.619038,0.1529320393994484,0.6118088283024423,-0.758782271244375,-0.16294543191371164
-0.3183736,-0.46446522,0.6191055,0.17444195646590827,0.6058404012019201,-0.7531691833044518,-0.18778603094039684
-0.3184468,-0.46414836,0.619173,0.1957221428193628,0.5991164246503198,-0.7467422651875619,-0.2124343237496316
-0.31852,-0.4638315,0.6192405,0.21674608181800334,0.5916456458809429,-0.7395080723074287,-0.23686362472700673
-0.3185932,-0.46351464,0.619308,0.23748758699550343,0.5834377420171692,-0.7314740359497179,-0.26104747067227224
-0.3186664,-0.46319778,0.6193755,0.25792083464652166,0.5745033076978701,-0.7226484557595337,-0.2849596495783382
-0.3187396,-0.46288092,0.619443,0.27802039595114997,0.564853841561738,-0.7130404912821555,-0.30857422915761334
-0.3188128,-0.46256406,0.6195105,0.2977612685983742,0.5545017316076319,-0.7026601525654854,-0.33186558508449354
-0.318886,-0.4622472,0.619578,0.31711890786924757,0.5434602394494247,-0.6915182898336928,-0.35480842892309444
-0.3189592,-0.46193034,0.6196455,0.3360692571411526,0.5317434834852149,-0.6796265822425671,-0.37737783570963734
-0.3190324,-0.46161348,0.619713,0.35458877777526165,0.5193664210021176,-0.6669975257281003,-0.39954927115925165
-0.3191056,-0.46129662,0.6197805,0.37265447835007504,0.506344829239164,-0.6536444199608139,-0.4212986184673362
-0.31916984,-0.46097212,0.61982384,0.3887563116986794,0.49387765297981917,-0.6409268069746117,-0.4406429644314241
-0.3192296,-0.4606438,0.6198551,0.403717273613064,0.48151192238351725,-0.6283353963728777,-0.45864284716313036
-0.31928936,-0.46031548,0.61988636,0.41828648640154387,0.46869322964197635,-0.615237637332259,-0.47628323652155186
-0.31934912,-0.45998716,0.61991762,0.4324502434522455,0.45543394330895426,-0.6016437849169893,-0.49354986201083
-0.31940888,-0.45965884,0.61994888,0.44619522753530244,0.4417468464776737,-0.5875644972193717,-0.5104287454278973
-0.31946864,-0.45933052,0.61998014,0.4595085233333837,0.427645124552658,-0.5730108270358034,-0.5269062122712725
-0.3195284,-0.4590021999999999,0.6200114,0.4723776295890215,0.4131423526430024,-0.557994213219019,-0.5429689029130031
-0.31958816,-0.45867388,0.62004266,0.4847904708573095,0.39825248258906853,-0.5425264717132771,-0.5586037835245428
-0.31964792,-0.45834556,0.62007392,0.49673540885291323,0.38298982963493206,-0.5266197862794973,-0.5737981567475374
-0.31970768,-0.45801724,0.62010518,0.5082012533807222,0.3673690587592495,-0.5102866989175908,-0.5885396721006952
-0.31976744,-0.45768892,0.62013644,0.5191772728398679,0.3514051706775303,-0.4935400999935009,-0.6028163361141257
-0.3198272,-0.4573606,0.6201677,0.5296532042912316,0.33511348752910664,-0.4763932180786991,-0.6166165221827349
-0.31988696,-0.45703228,0.62019896,0.5396192630789892,0.31850963826239775,-0.4588596095101337,-0.6299289801305008
-0.31994672,-0.4567039599999999,0.6202302199999999,0.54906615199715,0.30160954373233684,-0.4409531476788544,-0.6427428454776642
-0.32000648,-0.4563756399999999,0.62026148,0.5579850699924909,0.28442940152411267,-0.42268801205576867,-0.6550476484031162
-0.32006624,-0.45604732,0.62029274,0.5663677203957168,0.26698567051762373,-0.40407867696320254,-0.6668333223944958
-0.320126,-0.455719,0.620324,0.5742063186731294,0.24929505520729417,-0.3851399001011565,-0.6780902125787659
-0.32017292,-0.4553902599999999,0.62032244,0.5805847784100024,0.23371609571453178,-0.36862181511506187,-0.6873252935138073
-0.32021984,-0.45506152,0.62032088,0.5865416008557334,0.21797397718243378,-0.35188154975880803,-0.6961577915072162
-0.32026676,-0.4547327799999999,0.62031932,0.5920726143802535,0.2020800871143483,-0.33492892168692295,-0.7045823409016323
-0.32031368,-0.4544040399999999,0.6203177599999999,0.5971739543533304,0.18604591960083802,-0.3177738786935103,-0.7125938156214712
-0.3203606,-0.4540752999999999,0.6203162,0.6018420658654784,0.16988306705590503,-0.3004264928611601,-0.7201873323445751
-0.32040752,-0.4537465599999999,0.62031464,0.6060737062267041,0.15360321188389447,-0.2828969546322119,-0.7273582535308158
-0.32045444,-0.4534178199999999,0.62031308,0.6098659472413581,0.13721811808292506,-0.2651955668057514,-0.7341021903057895
-0.32050136,-0.45308908,0.62031152,0.6132161772574526,0.12073962279097353,-0.24733273846400666,-0.7404150051977239
-0.32054828,-0.4527603399999999,0.62030996,0.6161221029890291,0.10417962778054624,-0.2293189788316145,-0.7462928147259013
-0.3205952,-0.4524316,0.6203084,0.6185817511102685,0.08755009090814131,-0.2111648910715173,-0.7517319918389029
-0.32064212,-0.4521028599999999,0.62030684,0.6205934696202415,0.07086301752450255,-0.19288116602103947,-0.7567291682011447
-0.32068904,-0.4517741199999999,0.62030528,0.6221559289773299,0.05413045185193003,-0.17447857587198742,-0.7612812363261982
-0.32073596,-0.4514453799999999,0.62030372,0.6232681230025355,0.03736446833469689,-0.15596796779839614,-0.7653853515555417
-0.32078288,-0.4511166399999999,0.62030216,0.6239293695510455,0.020577162968879993,-0.13736025753583864,-0.7690389338814226
-0.3208298,-0.4507878999999999,0.6203006,0.6241393109515941,0.003780644617688747,-0.11866642291598616,-0.7722396696126588
-0.32087672,-0.4504591599999999,0.62029904,0.6238979142133255,-0.013012973681377271,-0.09989749736039985,-0.7749855128822464
-0.3209172,-0.4501290999999999,0.62028478,0.6232421582149168,-0.029041932896302025,-0.0819660018058549,-0.7771790996322675
-0.3209448,-0.4497963999999999,0.62024512,0.6222845054109721,-0.04354962543055773,-0.06579265243805932,-0.7788046939608445
-0.3209724,-0.4494636999999999,0.62020546,0.6209898165140754,-0.05802914458202058,-0.049586586324593014,-0.780093223032714
-0.321,-0.4491309999999999,0.6201658,0.6193588709423715,-0.07247267378059702,-0.033354839709068856,-0.781044016178387
-0.3210276,-0.4487982999999999,0.62012614,0.6173926291319665,-0.08687241721408359,-0.017104462883604662,-0.7816565498800375
-0.3210552,-0.4484655999999999,0.62008648,0.6150922319980512,-0.10122060401491456,-0.0008425171051089364,-0.7819304480728699
-0.3210828,-0.4481328999999999,0.62004682,0.6124590002992879,-0.11550949243322339,0.015423928495117534,-0.781865482381716
-0.3211104,-0.4478001999999999,0.62000716,0.6094944339058208,-0.12973137399388218,0.03168780000698355,-0.7814615722927136
-0.321138,-0.4474675,0.6199675,0.6062002109712891,-0.14387857763539497,0.047942021841158554,-0.7807187852599439
-0.3211656,-0.4471347999999999,0.61992784,0.6025781870093078,-0.1579434738283504,0.06417951983111188,-0.779637336746937
-0.3211932,-0.4468021,0.61988818,0.5986303938749091,-0.17191847867126236,0.0803932243363042,-0.7782175902029858
-0.3212208,-0.4464693999999999,0.61984852,0.5943590386514855,-0.18579605796163912,0.096576073345193,-0.7764600569742276
-0.3212484,-0.4461367,0.61980886,0.5897665024438556,-0.19956873124002397,0.11272101557658815,-0.7743653961494995
-0.321276,-0.445804,0.6197692,0.5848553390780782,-0.2132290758049412,0.12882101357809184,-0.7719344143409786
-0.3213035999999999,-0.4454713,0.61972954,0.5796282737087436,-0.22676973069650092,0.14486904682013607,-0.7691680653996782
-0.3213312,-0.4451385999999999,0.61968988,0.574088201334459,-0.24018340064662846,0.16085811478435405,-0.766067450065861
-0.3213588,-0.4448059,0.61965022,0.5682381852223657,-0.2534628599937102,0.1767812400448029,-0.7626338155545053
-0.32137188,-0.4444655199999999,0.6195917599999999,0.5626473101981458,-0.2653928533410478,0.19112006853450664,-0.7592547379672081
-0.3213777,-0.4441213,0.6195239,0.5571009634050301,-0.276602231182038,0.20464232998150722,-0.7558116425790528
-0.32138352,-0.44377708,0.61945604,0.5513316161756501,-0.28769665999317634,0.2181028910774677,-0.7521271233891027
-0.3213893399999999,-0.44343286,0.61938818,0.5453416354519626,-0.2986717089111662,0.23149742954265512,-0.748202279503214
-0.32139516,-0.44308864,0.61932032,0.5391334761178811,-0.30952299556281193,0.24482164254337807,-0.7440382876500616
-0.32140098,-0.44274442,0.61925246,0.5327096800099189,-0.32024618780875325,0.25807124809077137,-0.7396364018398245
-0.3214068,-0.4424001999999999,0.6191846,0.5260728748932646,-0.33083700546711875,0.27124198643369446,-0.7349979529975501
-0.32141262,-0.44205598,0.6191167399999999,0.5192257734037421,-0.3412912220163348,0.2843296214451889,-0.7301243485713363
-0.3214184399999999,-0.44171176,0.61904888,0.5121711719560308,-0.35160466627649256,0.29732994200212975,-0.7250170721154037
-0.32142426,-0.44136754,0.61898102,0.5049119496186262,-0.3617732240685288,0.3102387633575232,-0.7196776828482141
-0.32143008,-0.44102332,0.61891316,0.4974510669559452,-0.37179283985063816,0.3230519285050884,-0.7141078151857272
-0.3214359,-0.4406791,0.6188453,0.4897915648380832,-0.3816595183311933,0.3357653095355793,-0.7083091782499643
-0.32144172,-0.44033488,0.61877744,0.4819365632186469,-0.39136932605760677,0.34837480898449036,-0.7022835553529883
-0.32144754,-0.43999066,0.61870958,0.4738892598812029,-0.4009183929804285,0.360876361170604,-0.6960328034564895
-0.32145336,-0.43964644,0.61864172,0.46565292915478695,-0.41030291399213614,0.37326593352503235,-0.689558852607096
-0.32145918,-0.4393022200000001,0.61857386,0.45723092059904014,-0.41951915043993143,0.3855395279102157,-0.6828637053476194
-0.321465,-0.438958,0.618506,0.44862665765943865,-0.4285634316120136,0.3976931819285318,-0.6759494361043699
-0.32145846,-0.43861348,0.61842818,0.44110459267993846,-0.43619752998451794,0.408028602182242,-0.6698291669920601
-0.32145192,-0.43826896,0.61835036,0.43345272878905616,-0.44370021293398065,0.4182699022320093,-0.663550406400664
-0.32144538,-0.43792444,0.61827254,0.42567335333263334,-0.4510692752644524,0.42841464368392895,-0.6571146005470622
-0.32143884,-0.43757992,0.61819472,0.41776879109394305,-0.45830255147164184,0.43846041034453903,-0.6505232332999239
-0.3214323,-0.4372354,0.6181169,0.40974140360664896,-0.465397916378038,0.44840480880454325,-0.6437778258393148
-0.32142576,-0.43689088,0.61803908,0.4015935884569683,-0.4723532857561892,0.458245469017356,-0.6368799363071899
-0.32141922,-0.43654636,0.61796126,0.3933277785752993,-0.47916661693990514,0.4679800448722576,-0.6298311594489007
-0.32141268,-0.43620184,0.61788344,0.3849464415174647,-0.485835909423254,0.47760621476208753,-0.6226331262457465
-0.32140614,-0.43585732,0.61780562,0.3764520787358391,-0.49235920544712963,0.4871216821452695,-0.6152875035387113
-0.3213996,-0.4355128,0.6177278,0.367847224840516,-0.498734590573266,0.49652417610209537,-0.6077959936434123
-0.32139306,-0.43516828,0.61764998,0.3591344468507902,-0.5049601942454822,0.5058114518850632,-0.6001603339564073
-0.32138652,-0.43482376,0.61757216,0.35031634343711393,-0.5110341903380412,0.5149812914632037,-0.5923822965528963
-0.3213799799999999,-0.43447924,0.61749434,0.3413955441538132,-0.5169547976909165,0.524031504060191,-0.584463687775964
-0.3213734399999999,-0.43413472,0.61741652,0.3323747086627232,-0.5227202806318528,0.532959926686171,-0.5764063478174039
-0.3213668999999999,-0.4337902,0.6173387,0.3232565259480369,-0.5283289494850278,0.541764424663113,-0.5682121502902759
-0.3213603599999999,-0.4334456799999999,0.61726088,0.3140437135225306,-0.5337791610662033,0.5504428921436159,-0.5598830017932412
-0.32135102,-0.43310604,0.61718004,0.3051889575835618,-0.5388281802425542,0.5585670646428499,-0.551839402944214
-0.3213360799999999,-0.4327761599999999,0.61709316,0.29716013929787416,-0.5432622865178256,0.5657325232328329,-0.5445260800150019
-0.3213211399999999,-0.43244628,0.61700628,0.2890669437327469,-0.5475771583513641,0.5728021399267358,-0.5371194152031805
-0.3213062,-0.4321163999999999,0.6169194,0.2809111367663461,-0.5517718617665089,0.5797746943295857,-0.5296206657773043
-0.3212912599999999,-0.43178652,0.61683252,0.2726944978165377,-0.5558454888803935,0.5866489825570926,-0.5220311050278812
-0.3212763199999999,-0.4314566399999999,0.61674564,0.2644188194560134,-0.559797158100083,0.593423817446974,-0.5143520220502873
-0.32126138,-0.43112676,0.61665876,0.2560859070246092,-0.5636260143130324,0.6000980287673997,-0.5065847215249091
-0.3212464399999999,-0.4307968799999999,0.61657188,0.2476975782388398,-0.5673312290718473,0.6066704634225629,-0.4987305234944954
-0.3212315,-0.430467,0.616485,0.23925566279878735,-0.5709120007732866,0.6131399856552999,-0.49079076313880876
-0.32121656,-0.4301371199999999,0.61639812,0.23076200199237745,-0.5743675548314865,0.6195054772467619,-0.4827667905465651
-0.3212016199999999,-0.42980724,0.61631124,0.22221844829718154,-0.5776971438453516,0.62576583771306,-0.4746599704847545
-0.3211866799999999,-0.4294773599999999,0.61622436,0.213626864979771,-0.580900047760097,0.6319199844988982,-0.4664716821653208
-0.32117174,-0.4291474799999999,0.61613748,0.204989125692774,-0.5839755740228805,0.637966853168104,-0.45820331900930866
-0.3211567999999999,-0.4288175999999999,0.6160506,0.19630711406965723,-0.5869230577325216,0.6439053975910776,-0.44985628840844955
-0.32114186,-0.4284877199999999,0.61596372,0.18758272331738146,-0.5897418617832451,0.6497345901290751,-0.44143201148429345
-0.32112692,-0.4281578399999999,0.61587684,0.17881785580695708,-0.5924313770024447,0.6554534218153402,-0.4329319228448638
-0.3211119799999999,-0.4278279599999999,0.61578996,0.1700144226620512,-0.594991022282414,0.6610609025330045,-0.4243574703389428
-0.3210838,-0.4275069199999999,0.6156860399999999,0.16203978541179936,-0.5971882542329008,0.6659477814084,-0.41668075235987106
-0.321049,-0.4271902999999999,0.6155735999999999,0.15447083505499248,-0.5991683247986728,0.6704463119816972,-0.4094359808633169
-0.3210141999999999,-0.42687368,0.61546116,0.14687766738677616,-0.6010528526208648,0.6748658602928954,-0.4021423750246556
-0.3209793999999999,-0.42655706,0.61534872,0.1392614845318042,-0.6028415414164894,0.6792058928072506,-0.3948007979278848
-0.3209445999999999,-0.4262404399999999,0.61523628,0.13162349223902042,-0.6045341099882826,0.6834658854458608,-0.3874121185290734
-0.3209097999999999,-0.42592382,0.61512384,0.12396489969275672,-0.6061302922690134,0.6876453236508229,-0.3799772115524824
-0.3208749999999999,-0.4256071999999999,0.6150114,0.1162869193232655,-0.607629837363436,0.6917437024492613,-0.3724969573859316
-0.3208401999999999,-0.42529058,0.61489896,0.10859076661676394,-0.6090325095878699,0.6957605265161875,-0.3649722419754717
-0.3208053999999999,-0.42497396,0.61478652,0.10087765992497208,-0.6103380885074096,0.6996953102362128,-0.35740395671933045
-0.3207706,-0.42465734,0.61467408,0.0931488202742237,-0.6115463689707488,0.7035475777640787,-0.34979299836118943
-0.3207358,-0.42434072,0.61456164,0.08540547117412596,-0.6126571611426244,0.7073168630840216,-0.3421402688827573
-0.320701,-0.4240241,0.6144492,0.07764883842585737,-0.6136702905338639,0.7110027100679414,-0.33444667539570655
-0.3206662,-0.4237074799999999,0.6143367599999999,0.06988014993006895,-0.6145855980290426,0.7146046725323896,-0.32671313003292557
-0.3206314,-0.42339086,0.6142243199999999,0.0621006354944853,-0.615402939911735,0.7181223142943451,-0.3189405498391639
-0.3205966,-0.42307424,0.6141118799999999,0.05431152664117017,-0.6161221878873672,0.721555209225796,-0.31112985666102044
-0.3205618,-0.42275762,0.61399944,0.0465140564135489,-0.616743229103657,0.7249029413070931,-0.3032819770363489
-0.320527,-0.422441,0.613887,0.03870945918315895,-0.6172659661686469,0.7281651046790969,-0.29539784208303543
-0.32046868,-0.4221272,0.61375068,0.032084596668463736,-0.6176184437165703,0.7307870403369295,-0.28890887544922345
-0.32041036,-0.4218134,0.6136143599999999,0.02545647057667548,-0.6179002220629785,0.7333509243209,-0.2823963623667673
-0.32035204,-0.4214996,0.61347804,0.018825832120635363,-0.6181112706135067,0.735856542200504,-0.27586082448626115
-0.32029372,-0.4211858,0.61334172,0.012193432802081836,-0.6182515667290429,0.7383036842563075,-0.2693027854426087
-0.3202354,-0.420872,0.6132054,0.005560024327637095,-0.6183210957284613,0.740692145498631,-0.2627227708122501
-0.32017708,-0.4205582,0.6130690799999999,-0.001073641475257514,-0.6183198508904687,0.7430217256858569,-0.2561213080701849
-0.32011876,-0.4202444,0.61293276,-0.007706812742397318,-0.6182478334545669,0.7452922293423302,-0.2494989265468438
-0.32006044,-0.4199306,0.61279644,-0.014338737656902342,-0.6181050526211262,0.7475034657758772,-0.24285615738476357
-0.32000212,-0.4196168,0.61266012,-0.02096866453327767,-0.6178915255505761,0.7496552490949173,-0.2361935334951192
-0.3199438,-0.419303,0.6125238,-0.027595841901488616,-0.6176072773617061,0.7517473982251861,-0.22951158951406309
-0.31988548,-0.4189892,0.61238748,-0.03421951859098804,-0.6172523411290844,0.7537797369260514,-0.22281086175893233
-0.31982716,-0.4186754,0.61225116,-0.04083894381473968,-0.6168267578795881,0.7557520938064344,-0.21609188818427016
-0.31976884,-0.4183616,0.61211484,-0.047453367253177364,-0.6163305765880489,0.757664302340323,-0.20935520833771984
-0.31971052,-0.4180477999999999,0.61197852,-0.054062039138138895,-0.6157638541720148,0.7595162008818863,-0.2026013633157432
-0.3196522,-0.417734,0.6118422,-0.06066421033671848,-0.6151266554856271,0.7613076326801788,-0.1958308957192177
-0.31959388,-0.4174201999999999,0.61170588,-0.06725913243507535,-0.6144190533126108,0.7630384458934406,-0.18904434960886607
-0.3195315999999999,-0.41710378,0.61156584,-0.07349118214785207,-0.6136775413006524,0.7646171507508006,-0.18264592584403527
-0.3194613999999999,-0.41678212,0.61141836,-0.0790063363189267,-0.6129525777029872,0.7659653983753802,-0.17704277675287722
-0.3193912,-0.41646046,0.61127088,-0.08451463960865954,-0.6121783819847575,0.7672723481037015,-0.17142942617233167
-0.3193209999999999,-0.4161388,0.6111234,-0.09001565473899233,-0.6113550172600911,0.7685379205161973,-0.16580618052854168
-0.3192508,-0.41581714,0.61097592,-0.0955089450043523,-0.6104825505123748,0.7697620384844104,-0.16017334688513696
-0.3191806,-0.41549548,0.61082844,-0.10099407430579777,-0.609561052589109,0.7709446271762703,-0.15453123292594903
-0.3191103999999999,-0.41517382,0.6106809599999999,-0.10647060718510554,-0.6085905981964643,0.7720856140612358,-0.1488801469376939
-0.3190402,-0.4148521599999999,0.61053348,-0.11193810885882405,-0.6075712658935352,0.7731849289153068,-0.1432203977925957
-0.31897,-0.4145305,0.610386,-0.11739614525225828,-0.6065031380862965,0.774242503825904,-0.13755229493098553
-0.3188997999999999,-0.4142088399999999,0.61023852,-0.12284428303341914,-0.6053863010212581,0.7752582731966152,-0.13187614834383943
-0.3188296,-0.4138871799999999,0.61009104,-0.12828208964689763,-0.6042208447788242,0.7762321737518085,-0.1261922685552941
-0.3187593999999999,-0.4135655199999999,0.6099435599999999,-0.133709133347699,-0.6030068632663493,0.7771641445411137,-0.12050096660510438
-0.3186891999999999,-0.4132438599999999,0.60979608,-0.13912498323499545,-0.6017444542109026,0.7780541269437659,-0.11480255403108075
-0.318619,-0.4129221999999999,0.6096486,-0.144529209285834,-0.6004337191517288,0.778902064672821,-0.10909734285147048
-0.3185487999999999,-0.4126005399999999,0.60950112,-0.14992138238875843,-0.599074763432418,0.7797079037792293,-0.10338564554732003
-0.3184785999999999,-0.4122788799999999,0.6093536399999999,-0.15530107437738055,-0.5976676961927746,0.7804715926557826,-0.09766777504478358
-0.3184084,-0.4119572199999999,0.6092061599999999,-0.16066785806385955,-0.5962126303603956,0.7811930820409184,-0.09194404469741682
-0.3183347199999999,-0.4116289999999999,0.60905296,-0.16537982485988095,-0.5948733793179779,0.7818108265207164,-0.08687351519950355
-0.3182592999999999,-0.4112975,0.6088969,-0.16976079538045608,-0.5935812300385508,0.7823666358004205,-0.08212821003801371
-0.31818388,-0.4109659999999999,0.60874084,-0.1741319564388295,-0.5922570142822849,0.7828934509169843,-0.07737916574578942
-0.31810846,-0.4106344999999999,0.6085847799999999,-0.17849307440173462,-0.5909008051636944,0.7833912454885552,-0.07262656083971497
-0.31803304,-0.4103029999999999,0.6084287199999999,-0.18284391617438883,-0.5895126774936327,0.7838599942420146,-0.06787057403035782
-0.31795762,-0.4099715,0.6082726599999999,-0.1871842492127698,-0.5880927077753602,0.7842996730144418,-0.06311138421502306
-0.3178822,-0.4096399999999999,0.6081165999999999,-0.19151384153588003,-0.5866409742005173,0.7847102587545353,-0.058349170470779824
-0.31780678,-0.4093084999999999,0.60796054,-0.19583246173796465,-0.5851575566450155,0.7850917295239873,-0.053584112047494525
-0.3177313599999999,-0.4089769999999999,0.60780448,-0.20013987900071634,-0.5836425366648327,0.7854440644988171,-0.04881638836083503
-0.3176559399999999,-0.4086454999999999,0.60764842,-0.2044358631054341,-0.582095997491728,0.7857672439706578,-0.044046178985282416
-0.31758052,-0.4083139999999999,0.60749236,-0.2087201844451652,-0.5805180240288603,0.7860612493479989,-0.039273663647115306
-0.3175051,-0.4079824999999999,0.6073362999999999,-0.21299261403680092,-0.5789087028463288,0.7863260631573866,-0.03449902221740171
-0.31742968,-0.4076509999999999,0.6071802399999999,-0.21725292353315565,-0.5772681221766164,0.786561669044576,-0.029722434704962553
-0.31735426,-0.4073194999999999,0.6070241799999999,-0.2215008852349957,-0.5755963719099534,0.7867680517756414,-0.024944081249345967
-0.31727884,-0.4069879999999999,0.6068681199999999,-0.2257362721030518,-0.5738935435895884,0.7869451972380399,-0.02016414211377257
-0.31720342,-0.4066565,0.60671206,-0.22995885776998093,-0.5721597304069792,0.7870930924416335,-0.01538279767809092
-0.317128,-0.4063249999999999,0.606556,-0.2341684165523082,-0.5703950271968876,0.7872117255196611,-0.010600228431706799
-0.31705456,-0.40598924,0.6063970599999999,-0.23758065653909266,-0.5689064477187884,0.7873096533553261,-0.0066629660031705396
-0.31698112,-0.4056534799999999,0.60623812,-0.2409836938210303,-0.5673975588729947,0.7873877346908237,-0.002724840507466658
-0.31690768,-0.40531772,0.6060791799999999,-0.24437740797842683,-0.5658684165315274,0.7874459624199136,0.0012140471255894791
-0.31683424,-0.40498196,0.60592024,-0.24776167892674544,-0.5643190772783679,0.7874843299547477,0.0051535959109726
-0.3167608,-0.4046461999999999,0.6057613,-0.25113638692080353,-0.5627495984074663,0.7875028312262805,0.009093704811135292
-0.31668736,-0.40431044,0.60560236,-0.25450141255896086,-0.5611600379207212,0.7875014606846654,0.013034272738702252
-0.31661392,-0.40397468,0.60544342,-0.25785663678729964,-0.5595504545259353,0.7874802132996349,0.016975198559171664
-0.31654048,-0.40363892,0.60528448,-0.2612019409037839,-0.5579209076347492,0.7874390845608695,0.02091638109360941
-0.31646704,-0.40330316,0.60512554,-0.264537206562418,-0.5562714573605457,0.7873780704783508,0.024857719121359367
-0.3163936,-0.4029674,0.6049666,-0.2678623157773803,-0.5546021645163346,0.7872971675826987,0.02879911138274191
-0.31632016,-0.40263164,0.60480766,-0.2711771509271563,-0.5529130906126088,0.7871963729254987,0.032740456581769065
-0.31624672,-0.40229588,0.60464872,-0.27448159475864753,-0.5512042978551808,0.7870756840796106,0.03668165338884784
-0.31617328,-0.40196012,0.60448978,-0.2777755303912799,-0.54947584914299,0.7869350991394659,0.040622600443501314
-0.31609984,-0.40162436,0.60433084,-0.2810588413210856,-0.5477278080658898,0.7867746167213489,0.04456319635707576
-0.3160264,-0.4012886,0.6041719,-0.2843314114247867,-0.5459602389024077,0.7865942359636642,0.04850333971546726
-0.31595296,-0.40095284,0.60401296,-0.28759312496384887,-0.5441732066174845,0.7863939565271916,0.05244292908183179
-0.3158792,-0.40061642,0.60385236,-0.29063028650082606,-0.5424711465992689,0.786199133653232,0.056124984798478925
-0.3158048,-0.40027868,0.60368844,-0.293231600729315,-0.5409630691794841,0.7860397804570708,0.059292914050807874
-0.3157304,-0.39994094,0.60352452,-0.295825356025773,-0.5394425654653969,0.7858675145409458,0.06246060266737742
-0.315656,-0.3996032,0.6033606,-0.29841149319177335,-0.5379096725296434,0.7856823345956128,0.06562799733723089
-0.3155816,-0.39926546,0.60319668,-0.3009899532081798,-0.5363644277263494,0.78548423953501,0.0687950447316559
-0.3155072,-0.39892772,0.6030327600000001,-0.3035606772364788,-0.5348068686902742,0.7852732284963974,0.07196169150512671
-0.3154328,-0.39858998,0.60286884,-0.30612360662011695,-0.5332370333359419,0.7850493008404906,0.0751278842962597
-0.3153584,-0.39825224,0.60270492,-0.30867868288582545,-0.5316549598567727,0.7848124561515912,0.07829356972875791
-0.315284,-0.3979145,0.602541,-0.3112258477449482,-0.5300606867242023,0.7845626942377124,0.08145869441236635
-0.3152096,-0.39757676,0.60237708,-0.31376504309475856,-0.5284542526867986,0.7843000151307008,0.08462320494381989
-0.3151352,-0.39723902,0.60221316,-0.31629621101977956,-0.5268356967693704,0.7840244190863551,0.08778704790780044
-0.3150608,-0.39690128,0.60204924,-0.31881929379309104,-0.5252050582720713,0.7837359065845388,0.09095016987788458
-0.3149864,-0.39656354,0.60188532,-0.32133423387764193,-0.5235623767694944,0.7834344783292901,0.09411251741750433
-0.314912,-0.3962258,0.6017214000000001,-0.32384097392754885,-0.521907692109766,0.7831201352489278,0.09727403708089592
-0.3148376,-0.39588806,0.60155748,-0.32633945678940024,-0.5202410444136267,0.7827928784961513,0.10043467541406119
-0.3147632,-0.39555032,0.60139356,-0.3288296255035451,-0.5185624740735126,0.7824527094481395,0.10359437895571862
-0.3146888,-0.39521258,0.60122964,-0.331311423305389,-0.5168720217526246,0.7820996297066427,0.10675309423826676
-0.314606,-0.39487024,0.6010629200000001,-0.33341639768642395,-0.5154046506126112,0.7817974277998366,0.10947298190082975
-0.314519,-0.3945256,0.6008948000000001,-0.3353313366631716,-0.5140468333754548,0.7815182150319789,0.1119733330824257
-0.314432,-0.39418096,0.6007266800000001,-0.33724093774658415,-0.5126819102045289,0.7812308992238007,0.11447310144663687
-0.314345,-0.3938363199999999,0.60055856,-0.3391451745853148,-0.5113099016228737,0.780935480923144,0.11697226035792148
-0.314258,-0.39349168,0.6003904400000001,-0.34104402090579233,-0.5099308282512315,0.7806319607667188,0.11947078317702049
-0.314171,-0.39314704,0.60022232,-0.3429374505125843,-0.5085447108077519,0.7803203394801369,0.12196864326126046
-0.314084,-0.3928024,0.6000542,-0.3448254372887576,-0.5071515701077007,0.780000617877946,0.12446581396485373
-0.3139969999999999,-0.39245776,0.59988608,-0.3467079551962391,-0.5057514270631639,0.7796727968636606,0.12696226863920113
-0.31391,-0.39211312,0.59971796,-0.34858497827617435,-0.5043443026827525,0.7793368774297951,0.129457980633192
-0.3138229999999999,-0.39176848,0.59954984,-0.35045648064928536,-0.5029302180713046,0.7789928606578913,0.13195292329350683
-0.313736,-0.39142384,0.59938172,-0.35232243651622785,-0.5015091944295865,0.7786407477185505,0.1344470699649202
-0.313649,-0.3910791999999999,0.5992136,-0.3541828201579468,-0.5000812530539941,0.778280539871459,0.1369403939906012
-0.313562,-0.39073456,0.59904548,-0.35603760593602957,-0.4986464153362504,0.7779122384654162,0.139432868712416
-0.313475,-0.3903899199999999,0.59887736,-0.3578867682930623,-0.49720470276310247,0.7775358449383603,0.14192446747123272
-0.313388,-0.39004528,0.59870924,-0.35973028175298,-0.4957561369160186,0.7771513608173936,0.14441516360722167
-0.313301,-0.3897006399999999,0.59854112,-0.3615681209214179,-0.4943007394708828,0.7767587877188061,0.146904930460159
-0.313214,-0.389356,0.598373,-0.36340026048606167,-0.49283853219768786,0.776358127348098,0.14939374136972944
-0.3131212399999999,-0.3890104599999999,0.5982132800000001,-0.364794815787039,-0.49175348778929306,0.776016648050397,0.15133212339286095
-0.31302848,-0.3886649199999999,0.59805356,-0.3661861880662305,-0.49066450219112623,0.7756702933805062,0.15326975541853333
-0.31293572,-0.3883193799999999,0.59789384,-0.36757436619611383,-0.4895715846245049,0.7753190648843127,0.15520662508633976
-0.31284296,-0.3879738399999999,0.59773412,-0.3689593390756386,-0.48847474434214294,0.7749629641393084,0.15714272003870655
-0.3127502,-0.3876282999999999,0.5975744000000001,-0.3703410956303196,-0.48737399062807085,0.7746019927545855,0.15907802792098102
-0.31265744,-0.38728276,0.59741468,-0.3717196248123207,-0.486269332797564,0.7742361523708341,0.16101253638150692
-0.31256468,-0.3869372199999999,0.59725496,-0.3730949156005472,-0.48516078019706277,0.7738654446603346,0.162946233071712
-0.31247192,-0.38659168,0.59709524,-0.3744669570007294,-0.48404834220409987,0.7734898713269561,0.1648791056461833
-0.31237916,-0.3862461399999999,0.5969355199999999,-0.37583573804551473,-0.4829320282272206,0.7731094341061504,0.1668111417627552
-0.3122864,-0.3859006,0.5967758,-0.3772012477945508,-0.4818118477059093,0.7727241347649474,0.16874232908258424
-0.31219364,-0.3855550599999999,0.59661608,-0.3785634753345766,-0.48068781011050865,0.7723339751019487,0.17067265527023756
-0.3121008799999999,-0.3852095199999999,0.59645636,-0.379922409779506,-0.47955992494214683,0.7719389569473245,0.17260210799376743
-0.31200812,-0.3848639799999999,0.5962966399999999,-0.38127804027051787,-0.47842820173265554,0.7715390821628058,0.17453067492479948
-0.31191536,-0.38451844,0.59613692,-0.3826303559761391,-0.4772926500444958,0.77113435264168,0.17645834373860794
-0.3118226,-0.3841728999999999,0.5959772,-0.38397934609233497,-0.47615327947067737,0.7707247703087836,0.1783851021142034
-0.31172984,-0.38382736,0.59581748,-0.3853249998425909,-0.4750100996346832,0.7703103371204972,0.18031093773440754
-0.31163878,-0.3834847999999999,0.5956630399999999,-0.3865552477278933,-0.4739772948817293,0.7699147839224082,0.182076329840912
-0.31155112,-0.3831482,0.5955191599999999,-0.38755913982586515,-0.47317015918291905,0.7695632599597627,0.18352194014980605
-0.3114634599999999,-0.3828116,0.59537528,-0.38856134755023775,-0.4723609028346643,0.7692090181736722,0.1849668700699108
-0.3113758,-0.382475,0.5952314,-0.3895618664314795,-0.4715495293502666,0.7688520598845113,0.18641111448437853
-0.31128814,-0.3821384,0.59508752,-0.39056069200738563,-0.4707360422524265,0.7684923864223026,0.18785466827893382
-0.31120048,-0.3818018,0.59494364,-0.39155781982309396,-0.4699204450732332,0.7681299991267123,0.1892975263418858
-0.31111282,-0.3814651999999999,0.59479976,-0.3925532454311086,-0.4691027413541452,0.7677648993470442,0.19073968356415189
-0.31102516,-0.3811286,0.59465588,-0.3935469643913162,-0.4682829346459776,0.767397088442236,0.19218113483927154
-0.3109375,-0.3807919999999999,0.5945119999999999,-0.3945389722710082,-0.46746102850888477,0.7670265677808524,0.19362187506342776
-0.31084984,-0.3804554,0.5943681199999999,-0.3955292646448986,-0.46663702651234695,0.7666533387410817,0.19506189913546268
-0.31076218,-0.3801188,0.59422424,-0.39651783709514454,-0.4658109322351532,0.766277402710729,0.1965012019568973
-0.31067452,-0.3797822,0.59408036,-0.3975046852113656,-0.46498274926538613,0.7658987610872126,0.19793977843194924
-0.31058686,-0.3794456,0.59393648,-0.3984898045906631,-0.46415248120040686,0.7655174152775576,0.19937762346755072
-0.3104992,-0.379109,0.5937926,-0.39947319083764016,-0.4633201316468396,0.7651333666983909,0.20081473197336736
-0.31041154,-0.3787724,0.59364872,-0.4004548395644204,-0.46248570422055485,0.7647466167759358,0.20225109886181505
-0.31032388,-0.3784358,0.59350484,-0.40143474639066806,-0.4616492025466549,0.7643571669460073,0.2036867190480794
-0.31023622,-0.3780992,0.5933609599999999,-0.4024129069436067,-0.46081063025945757,0.7639650186540055,0.20512158745013304
-0.31014708,-0.37776328,0.5932189999999999,-0.4031798345895737,-0.4601426871726767,0.7636590175011646,0.20625138402199422
-0.3100572,-0.3774277,0.593078,-0.40384103119473436,-0.4595599569385506,0.7633959438119298,0.20722861885778238
-0.30996732,-0.37709212,0.592937,-0.4045013892195557,-0.45897627856243595,0.7631316162385405,0.20820551897963693
-0.30987744,-0.37675654,0.592796,-0.4051609073068634,-0.4583916532468607,0.7628660352055462,0.20918208277397804
-0.30978756,-0.37642096,0.592655,-0.40581958410120383,-0.4578060821962926,0.7625992011395795,0.2101583086277633
-0.30969768,-0.3760853799999999,0.592514,-0.4064774182488444,-0.4572195666171368,0.7623311144693563,0.21113419492848834
-0.3096078,-0.3757498,0.592373,-0.4071344083977785,-0.456632107717732,0.7620617756256729,0.21210974006419175
-0.30951792,-0.3754142199999999,0.592232,-0.40779055319772667,-0.4560437067083507,0.7617911850414079,0.2130849424234557
-0.30942804,-0.37507864,0.592091,-0.40844585130014033,-0.4554543648011942,0.7615193431515196,0.2140598003954097
-0.30933816,-0.3747430599999999,0.59195,-0.4091003013582044,-0.45486408321039123,0.7612462503930463,0.21503431236973403
-0.30924828,-0.37440748,0.591809,-0.4097539020268394,-0.4542728631519957,0.7609719072051051,0.21600847673666035
-0.3091584,-0.3740718999999999,0.591668,-0.4104066519627054,-0.45368070584398346,0.7606963140288918,0.2169822918869771
-0.30906852,-0.37373632,0.591527,-0.4110585498242033,-0.4530876125062506,0.76041947130768,0.21795575621202917
-0.30897864,-0.3734007399999999,0.591386,-0.4117095942714789,-0.45249358436061016,0.7601413794868188,0.21892886810372353
-0.30888876,-0.37306516,0.591245,-0.4123597839664245,-0.45189862263079084,0.7598620390137357,0.2199016259545294
-0.30879888,-0.3727295799999999,0.591104,-0.41300911757268294,-0.4513027285424326,0.759581450337932,0.22087402815748314
-0.308709,-0.372394,0.590963,-0.4136575937556486,-0.4507059033230866,0.7592996139109849,0.22184607310618884
-0.30860556,-0.3720437199999999,0.59081234,-0.41399354064602706,-0.4503198151400188,0.7591773883583542,0.2224210093516666
-0.30850212,-0.37169344,0.59066168,-0.41432914296873247,-0.4499334722297025,0.7590547185910183,0.22299588794152547
-0.30839868,-0.3713431599999999,0.59051102,-0.41466440052724496,-0.44954687489150724,0.7589316046256,0.22357070852656902
-0.30829524,-0.3709928799999999,0.59036036,-0.4149993131253001,-0.4491600234249573,0.7588080464790016,0.22414547075759134
-0.3081918,-0.3706425999999999,0.5902097,-0.41533388056689025,-0.4487729181297302,0.758684044168403,0.2247201742853795
-0.30808836,-0.37029232,0.59005904,-0.4156681026562629,-0.44838555930565765,0.7585595977112631,0.2252948187607109
-0.30798492,-0.3699420399999999,0.58990838,-0.416001979197922,-0.4479979472527249,0.7584347071253194,0.22586940383435566
-0.30788148,-0.36959176,0.58975772,-0.4163355099966277,-0.4476100822710707,0.7583093724285875,0.22644392915707595
-0.30777804,-0.3692414799999999,0.58960706,-0.41666869485739655,-0.4472219646609865,0.7581835936393623,0.2270183943796263
-0.3076746,-0.3688912,0.5894564,-0.4170015335855014,-0.44683359472291717,0.7580573707762165,0.2275927991527537
-0.30757116,-0.3685409199999999,0.5893057399999999,-0.4173340259864723,-0.44644497275745954,0.7579307038580019,0.22816714312719902
-0.30746772,-0.3681906399999999,0.5891550799999999,-0.41766617186609567,-0.44605609906536353,0.7578035929038486,0.22874142595369532
-0.30736428,-0.3678403599999999,0.58900442,-0.4179979710304145,-0.4456669739475311,0.757676037933166,0.22931564728296933
-0.30726084,-0.36749008,0.58885376,-0.4183294232857292,-0.4452775977050165,0.7575480389656413,0.22988980676574106
-0.3071573999999999,-0.3671397999999999,0.5887030999999999,-0.41866052843859736,-0.4448879706390254,0.7574195960212414,0.23046390405272477
-0.30705396,-0.36678952,0.58855244,-0.4189912862958331,-0.4444980930509156,0.7572907091202112,0.23103793879462803
-0.30694936,-0.3664362399999999,0.58840028,-0.4192410959155173,-0.44416788474753327,0.757205391436038,0.2314990039603941
-0.30684244,-0.3660769599999999,0.58824512,-0.41932953223376535,-0.4439574156110114,0.7572078953105278,0.23173424390884512
-0.30673552,-0.3657176799999999,0.5880899599999999,-0.41941788463783664,-0.44374692176028047,0.7572103140206962,0.23196949759586177
-0.3066286,-0.3653583999999999,0.5879348,-0.4195061531189719,-0.44353640322747184,0.75721264755919,0.2322047649893535
-0.3065216799999999,-0.3649991199999999,0.5877796399999999,-0.4195943376684239,-0.4433258600447195,0.7572148959186693,0.2324400460572263
-0.30641476,-0.3646398399999999,0.58762448,-0.41968243827745716,-0.44311529224416185,0.757217059091805,0.2326753407673817
-0.30630784,-0.3642805599999999,0.58746932,-0.4197704549373493,-0.4429046998579401,0.7572191370712814,0.23291064908771955
-0.30620092,-0.3639212799999999,0.5873141599999999,-0.4198583876393892,-0.4426940829181992,0.7572211298497944,0.2331459709861351
-0.306094,-0.3635619999999999,0.587159,-0.41994623637487893,-0.4424834414570874,0.757223037420052,0.23338130643052174
-0.3059870799999999,-0.36320272,0.5870038399999999,-0.420034001135132,-0.4422727755067566,0.757224859774775,0.23361665538876802
-0.3058801599999999,-0.3628434399999999,0.5868486799999999,-0.4201216819114745,-0.4420620850993617,0.7572265969066959,0.23385201782876058
-0.30577324,-0.3624841599999999,0.58669352,-0.4202092786952449,-0.44185137026706084,0.7572282488085594,0.23408739371838275
-0.30566632,-0.3621248799999999,0.5865383599999999,-0.42029679147779364,-0.4416406310420167,0.7572298154731228,0.2343227830255134
-0.3055594,-0.3617655999999999,0.5863832,-0.4203842202504837,-0.4414298674563939,0.7572312968931552,0.23455818571802978
-0.30545248,-0.36140632,0.58622804,-0.42047156500468974,-0.4412190795423616,0.7572326930614381,0.2347936017638046
-0.3053455599999999,-0.3610470399999999,0.58607288,-0.42055882573179937,-0.44100826733209153,0.7572340039707651,0.2350290311307085
-0.30523864,-0.3606877599999999,0.58591772,-0.4206460024232118,-0.4407974308577597,0.7572352296139427,0.2352644737866077
-0.3051368399999999,-0.3603317199999999,0.5857621599999999,-0.4205941473308332,-0.4407176589651759,0.7572889646871808,0.23533366157505392
-0.3050376,-0.3599773,0.5856064,-0.4204728002128112,-0.44070340169946587,0.7573689842227971,0.23531969265032898
-0.3049383599999999,-0.35962288,0.58545064,-0.4203514481256062,-0.4406891135390555,0.7574490053383859,0.23530569389361822
-0.30483912,-0.35926846,0.58529488,-0.4202300910785187,-0.44067479448137575,0.7575290280247782,0.23529166530239026
-0.30473988,-0.35891404,0.58513912,-0.4201087290808503,-0.44066044452386016,0.7576090522728034,0.2352776068741166
-0.30464064,-0.35855962,0.58498336,-0.41998736214190385,-0.44064606366394504,0.75768907807329,0.23526351860627193
-0.3045414,-0.3582051999999999,0.5848276,-0.4198659902709827,-0.44063165189907016,0.7577691054170657,0.23524940049633242
-0.30444216,-0.35785078,0.5846718399999999,-0.4197446134773919,-0.44061720922667713,0.7578491342949565,0.23523525254177863
-0.30434292,-0.3574963599999999,0.58451608,-0.4196232317704376,-0.44060273564421154,0.7579291646977878,0.23522107474009285
-0.30424368,-0.35714194,0.5843603199999999,-0.4195018451594267,-0.4405882311491205,0.7580091966163838,0.2352068670887611
-0.30414444,-0.3567875199999999,0.58420456,-0.4193804536536675,-0.44057369573885485,0.7580892300415674,0.23519262958527143
-0.3040452,-0.3564331,0.5840487999999999,-0.41925905726246915,-0.4405591294108682,0.7581692649641605,0.23517836222711513
-0.30394596,-0.35607868,0.58389304,-0.41913765599514197,-0.4405445321626166,0.7582493013749844,0.2351640650117864
-0.30384672,-0.35572426,0.58373728,-0.41901624986099756,-0.4405299039915591,0.7583293392648582,0.2351497379367818
-0.30374748,-0.35536984,0.58358152,-0.4188948388693486,-0.44051524489515803,0.7584093786246013,0.23513538099960118
-0.30364824,-0.35501542,0.58342576,-0.4187734230295084,-0.4405005548708776,0.758489419445031,0.23512099419774712
-0.303549,-0.354661,0.58327,-0.418652002350792,-0.4404858339161859,0.7585694617169639,0.23510657752872488
-0.3034503,-0.35430802,0.5831063799999999,-0.4183040145962421,-0.44065567492090857,0.7587227381800982,0.2349130351878319
-0.3033516,-0.35395504,0.58294276,-0.4179559107237289,-0.44082527053278225,0.7588759846362598,0.23471935900803906
-0.3032529,-0.35360206,0.58277914,-0.41760769090731586,-0.44099462066196626,0.7590292009692792,0.23452554896685707
-0.3031542,-0.35324908,0.5826155199999999,-0.4172593553211358,-0.4411637252187471,0.7591823870629495,0.23433160504189257
-0.3030555,-0.3528961,0.5824519,-0.4169109041393918,-0.44133258411353765,0.7593355428010272,0.23413752721085007
-0.3029568,-0.35254312,0.58228828,-0.41656233753635574,-0.4415011972568771,0.7594886680672311,0.2339433154515308
-0.3028581,-0.35219014,0.58212466,-0.41621365568637025,-0.4416695645594308,0.759641762745244,0.23374896974183418
-0.3027594,-0.35183716,0.58196104,-0.4158648587638468,-0.4418376859319915,0.7597948267187108,0.23355449005975637
-0.3026607,-0.35148418,0.58179742,-0.4155159469432662,-0.4420055612854783,0.7599478598712406,0.23335987638339079
-0.302562,-0.3511312,0.5816338,-0.4151669203991787,-0.44217319053093707,0.7601008620864054,0.2331651286909285
-0.3024633,-0.35077822,0.5814701800000001,-0.41481777930620334,-0.4423405735795404,0.7602538332477405,0.23297024696065782
-0.3023646,-0.3504252399999999,0.58130656,-0.41446852383902927,-0.4425077103425878,0.7604067732387451,0.2327752311709651
-0.3022659,-0.35007226,0.58114294,-0.41411915417241363,-0.44267460073150555,0.7605596819428816,0.23258008130033375
-0.3021672,-0.3497192799999999,0.58097932,-0.4137696704811827,-0.44284124465784713,0.7607125592435762,0.23238479732734452
-0.3020685,-0.3493663,0.5808157,-0.4134200729402323,-0.4430076420332927,0.7608654050242187,0.23218937923067662
-0.3019698,-0.3490133199999999,0.58065208,-0.41307036172452594,-0.4431737927696496,0.7610182191681627,0.23199382698910603
-0.30186594,-0.34865786,0.5804855600000001,-0.41265204979563697,-0.44339677251592124,0.7611899604736139,0.2317486396855481
-0.30175176,-0.3482974399999999,0.5803132400000001,-0.412096481933533,-0.4437334052844989,0.7613995248140811,0.23140423121784026
-0.30163758,-0.34793702,0.5801409200000001,-0.41154054905091036,-0.44406941343708756,0.761608962600897,0.23105956076843376
-0.3015234,-0.3475765999999999,0.5799686000000001,-0.4109842518394936,-0.44440479655485526,0.7618182734860123,0.23071462832200434
-0.30140922,-0.34721618,0.57979628,-0.410427590991486,-0.4447395542197409,0.7620274571212493,0.23036943386368353
-0.30129504,-0.3468557599999999,0.57962396,-0.409870567199569,-0.4450736860144557,0.7622365131583029,0.23002397737905855
-0.30118086,-0.34649534,0.57945164,-0.4093131811569025,-0.44540719152248254,0.7624454412487403,0.22967825885417398
-0.30106668,-0.3461349199999999,0.57927932,-0.4087554335571219,-0.445740070328078,0.7626542410440029,0.22933227827552988
-0.3009525,-0.3457745,0.579107,-0.408197325094339,-0.44607232201627217,0.7628629121954063,0.22898603563008307
-0.30083832,-0.3454140799999999,0.57893468,-0.40763885646314013,-0.4464039461728688,0.7630714543541398,0.22863953090524805
-0.30072414,-0.34505366,0.57876236,-0.4070800283585857,-0.44673494238444644,0.7632798671712689,0.2282927640888959
-0.30060996,-0.3446932399999999,0.57859004,-0.40652084147620926,-0.44706531023835905,0.7634881502977349,0.22794573516935496
-0.30049578,-0.34433282,0.57841772,-0.40596129651201696,-0.4473950493227357,0.763696303384355,0.22759844413541241
-0.3003816,-0.3439723999999999,0.5782454,-0.40540139416248566,-0.447724159226482,0.7639043260818236,0.22725089097631201
-0.30026742,-0.34361198,0.57807308,-0.40484113512456316,-0.4480526395392802,0.7641122180407129,0.22690307568175622
-0.30015324,-0.3432515599999999,0.57790076,-0.40428052009566673,-0.4483804898515903,0.7643199789114734,0.22655499824190567
-0.30003906,-0.34289114,0.57772844,-0.40371954977368235,-0.44870770975464963,0.7645276083444341,0.22620665864737968
-0.29991924,-0.3425317599999999,0.57756012,-0.40309241968825715,-0.4491134934031646,0.7647578834720257,0.22574089328355948
-0.2997966,-0.3421729,0.5773938000000001,-0.402431857246424,-0.4495580183098935,0.7649992396161144,0.22521623350291986
-0.29967396,-0.3418140399999999,0.57722748,-0.40177073100259175,-0.4500016415216923,0.7652402524569715,0.22469125118040542
-0.29955132,-0.3414551799999999,0.5770611600000001,-0.4011090421587534,-0.45044436228981943,0.7654809215195041,0.22416594649824972
-0.29942868,-0.3410963199999999,0.57689484,-0.40044679191790267,-0.450886179867128,0.7657212463286323,0.22364031963940184
-0.29930604,-0.34073746,0.5767285200000001,-0.3997839814840342,-0.45132709350806516,0.7659612264092883,0.223114370787528
-0.2991834,-0.3403786,0.5765622,-0.39912061206213956,-0.4517671024686748,0.766200861286418,0.22258810012701102
-0.29906076,-0.34001974,0.5763958800000001,-0.3984566848582062,-0.4522062060065976,0.7664401504849823,0.2220615078429503
-0.29893812,-0.3396608799999999,0.57622956,-0.3977922010792145,-0.4526444033810738,0.7666790935299576,0.2215345941211625
-0.29881548,-0.33930202,0.5760632400000001,-0.3971271619331366,-0.45308169385294306,0.7669176899463377,0.22100735914818131
-0.29869284,-0.3389431599999999,0.57589692,-0.39646156862893334,-0.4535180766846472,0.7671559392591346,0.22047980311125784
-0.2985702,-0.3385843,0.5757306000000001,-0.3957954223765531,-0.45395355114023017,0.7673938409933786,0.21995192619836113
-0.29844756,-0.33822544,0.57556428,-0.39512872438692825,-0.4543881164853411,0.7676313946741212,0.2194237285981771
-0.29832492,-0.33786658,0.5753979600000001,-0.3944614758719747,-0.45482177198723306,0.7678685998264346,0.21889521050011052
-0.29820228,-0.3375077199999999,0.57523164,-0.39379367804458865,-0.45525451691476715,0.7681054559754135,0.21836637209428386
-0.29807964,-0.33714886,0.5750653200000001,-0.39312533211864475,-0.45568635053841167,0.7683419626461756,0.21783721357153807
-0.297957,-0.33679,0.574899,-0.3924564393089942,-0.4561172721302448,0.7685781193638641,0.2173077351234325
-0.2978286,-0.33643924,0.57473958,-0.3917213045263065,-0.45663468208751384,0.7688466014533125,0.21659660691879523
-0.2977002,-0.3360884799999999,0.57458016,-0.39098543822193815,-0.4571509609342849,0.7691144318573384,0.21588510074579598
-0.2975718,-0.33573772,0.5744207400000001,-0.39024884209924615,-0.45766610760136167,0.7693816099967391,0.21517321718104726
-0.2974434,-0.3353869599999999,0.5742613200000001,-0.38951151786316973,-0.45818012102208805,0.7696481352927762,0.21446095680208738
-0.297315,-0.3350362,0.5741019,-0.38877346722022654,-0.4586930001323505,0.7699140071671771,0.21374832018738021
-0.2971866,-0.33468544,0.57394248,-0.3880346918785088,-0.45920474387057986,0.770179225042137,0.21303530791631503
-0.2970582,-0.33433468,0.57378306,-0.38729519354767994,-0.4597153511777546,0.7704437883403193,0.21232192056920562
-0.2969298,-0.33398392,0.57362364,-0.3865549739389702,-0.46022482099740214,0.7707076964848585,0.21160815872729105
-0.2968014,-0.33363316,0.5734642200000001,-0.3858140347651734,-0.4607331522756022,0.7709709488993606,0.2108940229727342
-0.296673,-0.3332824,0.5733048000000001,-0.3850723777406426,-0.46124034396098784,0.7712335450079048,0.2101795138886224
-0.2965446,-0.33293164,0.57314538,-0.38433000458128685,-0.46174639500474945,0.7714954842350457,0.2094646320589665
-0.2964162,-0.3325808799999999,0.57298596,-0.3835869170045674,-0.4622513043606352,0.771756766005814,0.20874937806870147
-0.2962878,-0.33223012,0.57282654,-0.3828431167294929,-0.46275507098495505,0.7720173897457185,0.20803375250368444
-0.2961594,-0.33187936,0.57266712,-0.38209860547661695,-0.46325769383658194,0.7722773548807474,0.20731775595069635
-0.296031,-0.3315286,0.5725077000000001,-0.38135338496803367,-0.4637591718769542,0.7725366608373695,0.20660138899744035
-0.2959026,-0.33117784,0.57234828,-0.3806074569273735,-0.46425950407007827,0.7727953070425363,0.20588465223254196
-0.29577332,-0.33083176,0.57218978,-0.3798401668801551,-0.46477767185825547,0.773067604532867,0.20510885448534547
-0.29564228,-0.3304950399999999,0.5720331200000001,-0.37903076075212816,-0.46533250917527713,0.7733676207213366,0.20421523334002928
-0.29551124,-0.33015832,0.57187646,-0.37822050330099555,-0.46588597603416293,0.7736666098327475,0.20332113772881671
-0.2953802,-0.3298216,0.5717198,-0.3774093968109863,-0.4664380710865772,0.7739645710739996,0.2024265688145712
-0.29524916,-0.32948488,0.57156314,-0.37659744356850505,-0.466988792987958,0.7742615036532693,0.20153152776152689
-0.29511812,-0.3291481599999999,0.57140648,-0.3757846458621242,-0.4675381403975218,0.7745574067800108,0.20063601573528636
-0.29498708,-0.32881144,0.57124982,-0.37497100598257904,-0.4680861119782652,0.7748522796649591,0.19974003390282008
-0.29485604,-0.32847472,0.57109316,-0.3741565262227606,-0.4686327063969701,0.7751461215201326,0.1988435834324646
-0.294725,-0.328138,0.5709365,-0.3733412088777102,-0.46917792232420685,0.7754389315588354,0.19794666549392181
-0.29459396,-0.32780128,0.57077984,-0.37252505624461235,-0.46972175843433633,0.775730708995659,0.197049281258257
-0.2944629199999999,-0.32746456,0.57062318,-0.37170807062278965,-0.4702642134055157,0.7760214530464858,0.19615143189789813
-0.29433188,-0.3271278399999999,0.57046652,-0.3708902543136954,-0.47080528591970006,0.7763111629284908,0.19525311858663383
-0.2942008399999999,-0.32679112,0.5703098600000001,-0.37007160962090796,-0.4713449746626469,0.7765998378601442,0.1943543424996126
-0.2940697999999999,-0.3264544,0.5701532,-0.3692521388501245,-0.47188327832391935,0.7768874770612137,0.19345510481334105
-0.2939387599999999,-0.32611768,0.56999654,-0.36843184430915465,-0.4724201955968894,0.7771740797527673,0.19255540670568297
-0.2938077199999999,-0.3257809599999999,0.56983988,-0.36761072830791397,-0.4729557251787413,0.7774596451571747,0.19165524935585743
-0.2936766799999999,-0.32544424,0.56968322,-0.3667887931584184,-0.47348986577047547,0.7777441724981111,0.19075463394443834
-0.2935438399999999,-0.3251151999999999,0.5695271199999999,-0.3659119929495078,-0.4740666792127871,0.7780445855267265,0.1897783444137504
-0.2934100999999999,-0.3247899999999999,0.5693713,-0.3650071843702146,-0.4746638893672699,0.7783521880593962,0.188763923544767
-0.2932763599999999,-0.3244647999999999,0.56921548,-0.3641013605902089,-0.47525941428695784,0.7786584702472914,0.18774896819989234
-0.2931426199999999,-0.3241395999999999,0.56905966,-0.36319452470339,-0.47585325219966246,0.7789634311131334,0.18673348008575735
-0.2930088799999999,-0.3238143999999999,0.5689038399999999,-0.36228667980679746,-0.47644540133882624,0.7792670696818156,0.18571746091083707
-0.29287514,-0.3234892,0.56874802,-0.3613778290006047,-0.4770358599435295,0.7795693849804066,0.18470091238544953
-0.2927414,-0.3231639999999999,0.5685922,-0.3604679753881067,-0.4776246262584947,0.7798703760381548,0.18368383622175283
-0.29260766,-0.3228388,0.56843638,-0.3595571220757097,-0.4782116985340933,0.78017004188649,0.1826662341337417
-0.2924739199999999,-0.3225135999999999,0.5682805599999999,-0.3586452721729221,-0.4787970750263504,0.7804683815590294,0.18164810783724492
-0.29234018,-0.3221884,0.56812474,-0.35773242879234335,-0.4793807539969501,0.7807653940915787,0.18062945904992422
-0.2922064399999999,-0.3218631999999999,0.56796892,-0.3568185950496535,-0.4799627337132426,0.7810610785221378,0.17961028949126828
-0.2920726999999999,-0.3215379999999999,0.5678131,-0.35590377406360413,-0.4805430124482479,0.7813554338909025,0.17859060088259354
-0.2919389599999999,-0.3212127999999999,0.56765728,-0.35498796895600676,-0.481121588480662,0.7816484592402689,0.17757039494703916
-0.29180522,-0.3208875999999999,0.56750146,-0.35407118285172334,-0.48169846009486234,0.7819401536148375,0.17654967340956537
-0.29167148,-0.3205623999999999,0.56734564,-0.3531534188786556,-0.48227362558091386,0.7822305160614154,0.17552843799695012
-0.29153774,-0.3202371999999999,0.5671898200000001,-0.3522346801677356,-0.48284708323457304,0.7825195456290204,0.17450669043778727
-0.2914039999999999,-0.3199119999999999,0.567034,-0.3513149698529134,-0.483418831357295,0.7828072413688854,0.17348443246248163
-0.2912601199999999,-0.3195857799999999,0.5668783000000001,-0.3502942182584359,-0.48408434693910274,0.7830850157334742,0.172435970252608
-0.2911162399999999,-0.3192595599999999,0.5667226,-0.34927218033744944,-0.48474777459738816,0.7833613639087662,0.1713870257639165
-0.29097236,-0.3189333399999999,0.5665669,-0.34824886028427005,-0.4854091118233266,0.7836362849976716,0.17033760097126
-0.2908284799999999,-0.3186071199999999,0.5664112,-0.34722426229812203,-0.48606835611643007,0.7839097781058875,0.16928769785124526
-0.2906845999999999,-0.3182809,0.5662555,-0.34619839058312085,-0.4867255049845565,0.7841818423419032,0.16823731838222947
-0.29054072,-0.3179546799999999,0.5660998,-0.3451712493482573,-0.4873805559439204,0.7844524768170029,0.16718646454431568
-0.29039684,-0.3176284599999999,0.5659441000000001,-0.34414284280738106,-0.48803350651910005,0.7847216806452694,0.16613513831935003
-0.29025296,-0.31730224,0.5657884000000001,-0.3431131751791836,-0.4886843542430499,0.7849894529435875,0.16508334169091574
-0.2901090799999999,-0.3169760199999999,0.5656327,-0.3420822506871821,-0.4893330966571078,0.7852557928316474,0.1640310766443312
-0.2899652,-0.3166498,0.565477,-0.34105007355970274,-0.4899797313110057,0.7855206994319489,0.162978345166644
-0.28982132,-0.31632358,0.5653213,-0.3400166480298643,-0.4906242557628786,0.7857841718698042,0.1619251492466287
-0.28967744,-0.31599736,0.5651656,-0.33898197833556154,-0.49126666757927373,0.7860462092733415,0.1608714908747811
-0.2895335599999999,-0.31567114,0.5650099000000001,-0.33794606871944743,-0.49190696433516057,0.7863068107735087,0.15981737204331461
-0.28938968,-0.31534492,0.5648542000000001,-0.3369089234289193,-0.4925451436139391,0.7865659755040767,0.1587627947461579
-0.2892458,-0.3150187,0.5646985,-0.3358705467160989,-0.4931812030074507,0.7868237026016437,0.15770776097894745
-0.28910192,-0.31469248,0.5645428,-0.33483094283781834,-0.493815140115985,0.7870799912056367,0.15665227273902751
-0.28895736,-0.31436656,0.56439142,-0.3337802968519439,-0.49446730067755273,0.7873265111030843,0.1555948807266092
-0.28881144,-0.31404124,0.5642486800000001,-0.332708667550462,-0.495157951060695,0.7875549034015001,0.15453420387223135
-0.28866552,-0.31371592,0.56410594,-0.3316356347540782,-0.49584635258418835,0.7877818118587743,0.1534731810275764
-0.2885196,-0.3133906000000001,0.5639632,-0.33056120309635334,-0.49653250242087776,0.7880072359355673,0.15241181437257195
-0.2883736799999999,-0.31306528,0.56382046,-0.3294853772165178,-0.4972163977530537,0.7882311750959333,0.1513501060880034
-0.28822776,-0.31273996,0.56367772,-0.3284081617594564,-0.49789803577246056,0.7884536288073194,0.15028805835551284
-0.28808184,-0.31241464,0.56353498,-0.3273295613756856,-0.4985774136803102,0.7886745965405683,0.14922567335758924
-0.28793592,-0.31208932,0.56339224,-0.32624958072133736,-0.4992545286872916,0.7888940777699194,0.14816295327756668
-0.28779,-0.311764,0.5632495,-0.32516822445813764,-0.4999293780135834,0.78911207197301,0.14709990029961575
-0.28764408,-0.31143868,0.56310676,-0.32408549725338887,-0.500601958888864,0.7893285786308772,0.14603651660873962
-0.28749816,-0.31111336,0.56296402,-0.32300140377994896,-0.5012722685523241,0.7895435972279587,0.14497280439076687
-0.28735224,-0.31078804,0.56282128,-0.3219159487162146,-0.5019403042526763,0.7897571272520942,0.14390876583234855
-0.28720632,-0.31046272,0.5626785400000001,-0.32082913674609903,-0.5026060632481669,0.7899691681945266,0.14284440312094973
-0.2870604,-0.3101374,0.5625358,-0.3197409725590149,-0.5032695428065869,0.7901797195499037,0.14177971844484524
-0.2869144799999999,-0.30981208,0.56239306,-0.318651460849854,-0.5039307402052836,0.7903887808162797,0.14071471399311392
-0.28676856,-0.30948676,0.56225032,-0.3175606063189681,-0.5045896527311705,0.7905963514951154,0.13964939195563247
-0.28662264,-0.30916144,0.56210758,-0.31646841367214973,-0.5052462776807386,0.7908024310912809,0.13858375452307126
-0.28648028,-0.30883936,0.5619802,-0.3153990769867895,-0.5058920656763504,0.7910067355337294,0.13749539796614735
-0.2863397,-0.3085189,0.5618605,-0.3143405505784533,-0.5065313997179718,0.791209338749166,0.13639553379013034
-0.28619912,-0.30819844,0.5617408,-0.3132807530019564,-0.5071685730866816,0.7914103685968208,0.1352953685430161
-0.28605854,-0.30787798,0.5616211,-0.312219688601188,-0.5078035832801167,0.7916098246284574,0.13419490455808522
-0.28591796,-0.30755752,0.5615014,-0.31115736172493913,-0.5084364278045629,0.79180770639945,0.13309414416927978
-0.2857773799999999,-0.30723706,0.5613817,-0.3100937767268851,-0.5090671041749664,0.7920040134687844,0.13199308971119778
-0.2856368,-0.3069166,0.561262,-0.30902893796556874,-0.5096956099149409,0.7921987453990587,0.13089174351908722
-0.2854962199999999,-0.3065961399999999,0.5611423,-0.3079628498043832,-0.5103219425567785,0.7923919017564848,0.12979010792884102
-0.28535564,-0.30627568,0.5610226,-0.3068955166115551,-0.5109460996414599,0.7925834821108887,0.12868818527698972
-0.28521506,-0.3059552199999999,0.5609029,-0.30582694276012623,-0.5115680787186614,0.7927734860357116,0.12758597790069703
-0.28507448,-0.30563476,0.5607832,-0.3047571326279379,-0.5121878773467671,0.7929619131080113,0.12648348813775293
-0.2849339,-0.3053143,0.5606635,-0.3036860905976125,-0.5128054930928765,0.7931487629084624,0.1253807183265685
-0.28479332,-0.30499384,0.5605438,-0.30261382105653656,-0.5134209235328142,0.7933340350213571,0.12427767080616957
-0.28465274,-0.3046733799999999,0.5604241,-0.30154032839684386,-0.5140341662511396,0.7935177290346072,0.12317434791619133
-0.28451216,-0.3043529199999999,0.5603044,-0.3004656170153978,-0.514645218841156,0.7936998445397436,0.12207075199687203
-0.28437158,-0.3040324599999999,0.5601847,-0.29938969131377424,-0.5152540789049193,0.7938803811319178,0.12096688538904768
-0.284231,-0.303712,0.560065,-0.2983125556982438,-0.5158607440532483,0.7940593384099032,0.119862750434145
-0.2840927,-0.3034008399999999,0.5599660000000001,-0.2972697850649516,-0.5164351838948251,0.7942506699915133,0.1187065665453597
-0.2839544,-0.30308968,0.559867,-0.29622591147927035,-0.5170075519313647,0.7944402946896517,0.11755006927957166
-0.2838161,-0.3027785199999999,0.559768,-0.2951809390100915,-0.5175778460495334,0.7946282119779075,0.11639326119943463
-0.2836778,-0.3024673599999999,0.559669,-0.2941348717303507,-0.518146064143925,0.794814421333794,0.11523614486850815
-0.2835395,-0.3021561999999999,0.55957,-0.29308771371701103,-0.5187122041170688,0.7949989222387508,0.11407872285125062
-0.2834012,-0.30184504,0.559471,-0.2920394690510483,-0.519276263879437,0.7951817141781446,0.11292099771301368
-0.2832629,-0.30153388,0.559372,-0.2909901418174354,-0.5198382413494526,0.7953627966412723,0.11176297202003638
-0.2831246,-0.30122272,0.559273,-0.28993973610512686,-0.5203981344534967,0.7955421691213604,0.1106046483394376
-0.2829862999999999,-0.3009115599999999,0.559174,-0.2888882560070439,-0.5209559411259164,0.7957198311155684,0.10944602923921183
-0.282848,-0.3006004,0.559075,-0.2878357056200581,-0.5215116593090329,0.7958957821249899,0.1082871172882213
-0.2827097,-0.3002892399999999,0.558976,-0.286782089044977,-0.5220652869531475,0.7960700216546533,0.10712791505619106
-0.2825714,-0.29997808,0.558877,-0.2857274103865277,-0.5226168220165508,0.7962425492135242,0.10596842511370187
-0.2824331,-0.2996669199999999,0.558778,-0.2846716737533419,-0.5231662624655292,0.7964133643145066,0.10480865003218455
-0.2822948,-0.2993557599999999,0.558679,-0.28361488325794093,-0.5237136062743726,0.7965824664744442,0.10364859238391476
-0.2821565,-0.2990445999999999,0.55858,-0.28255704301671847,-0.524258851425382,0.7967498552141228,0.1024882547420037
-0.2820182,-0.29873344,0.558481,-0.2814981571499274,-0.5248019959088768,0.7969155300582703,0.10132763968039624
-0.28188134,-0.2984283599999999,0.5583872599999999,-0.28045114061258436,-0.525347667536275,0.797073636308424,0.10015290432814229
-0.28174736,-0.29813544,0.55830404,-0.2794288872588875,-0.5259005863316154,0.7972182371385164,0.09895025333509389
-0.2816133799999999,-0.2978425199999999,0.55822082,-0.27840556871542343,-0.5264515367505864,0.7973609996383433,0.09774740414419958
-0.2814794,-0.2975496,0.5581376,-0.27738118874362905,-0.5270005167700567,0.7975019235606852,0.09654435960879124
-0.28134542,-0.29725668,0.55805438,-0.27635575110875005,-0.5275475243740421,0.7976410086628297,0.09534112258244969
-0.28121144,-0.29696376,0.55797116,-0.2753292595798285,-0.528092557553714,0.7977782547065713,0.09413769591899845
-0.28107746,-0.29667084,0.55788794,-0.27430171792968716,-0.5286356143074061,0.7979136614582116,0.0929340824724944
-0.28094348,-0.29637792,0.55780472,-0.27327312993491837,-0.5291766926406205,0.7980472286885593,0.09173028509722299
-0.2808095,-0.296085,0.5577215,-0.2722434993758688,-0.5297157905660363,0.7981789561729307,0.09052630664768936
-0.28067552,-0.29579208,0.5576382799999999,-0.2712128300366269,-0.5302529061035153,0.7983088436911486,0.0893221499786119
-0.28054154,-0.29549916,0.55755506,-0.2701811257050082,-0.53078803728011,0.7984368910275439,0.08811781794491433
-0.28040756,-0.29520624,0.5574718399999999,-0.26914839017254294,-0.5313211821300704,0.7985630979709545,0.08691331340171908
-0.28027358,-0.29491332,0.55738862,-0.2681146272344618,-0.5318523386948495,0.7986874643147249,0.0857086392043399
-0.2801396,-0.2946204,0.5573054,-0.267079840689682,-0.5323815050231129,0.7988099898567085,0.08450379820827383
-0.28000562,-0.29432748,0.55722218,-0.26604403434079427,-0.5329086791707436,0.7989306743992645,0.08329879326919533
-0.27987164,-0.29403456,0.55713896,-0.265007211994049,-0.5334338592008494,0.7990495177492601,0.08209362724294798
-0.27973766,-0.29374164,0.5570557399999999,-0.263969377459342,-0.5339570431837705,0.7991665197180701,0.0808883029855373
-0.2796066,-0.29346132,0.55697656,-0.2629393962603624,-0.5345218956498707,0.7992490840350723,0.07968763162626095
-0.279477,-0.2931873,0.5568993999999999,-0.2619126837890604,-0.5351066169364997,0.7993135015907477,0.0784893671520149
-0.2793474,-0.29291328,0.55682224,-0.26088478141013943,-0.5356893786339504,0.7993760693283412,0.07729113941796299
-0.2792178,-0.29263926,0.55674508,-0.2598556928508994,-0.5362701784238156,0.7994367876060209,0.07609295137155651
-0.2790882,-0.29236524,0.55666792,-0.25882542184305696,-0.5368490139947675,0.7994956567868061,0.07489480595904545
-0.2789586,-0.29209122,0.55659076,-0.2577939721227331,-0.5374258830425663,0.7995526772385653,0.07369670612547102
-0.278829,-0.2918172,0.5565135999999999,-0.2567613474304393,-0.5380007832700678,0.799607849334012,0.07249865481465774
-0.2786994,-0.2915431799999999,0.5564364399999999,-0.2557275515110637,-0.5385737123872323,0.7996611734507019,0.0713006549692042
-0.2785698,-0.29126916,0.55635928,-0.2546925881138584,-0.5391446681111327,0.7997126499710299,0.07010270953047594
-0.2784401999999999,-0.29099514,0.55628212,-0.253656460992425,-0.5397136481659625,0.799762279282226,0.06890482143859628
-0.2783106,-0.29072112,0.55620496,-0.25261917390470157,-0.5402806502830448,0.7998100617763529,0.06770699363243848
-0.2781809999999999,-0.2904470999999999,0.5561278,-0.25158073061294955,-0.5408456722008388,0.7998559978503024,0.06650922904961826
-0.2780514,-0.2901730799999999,0.5560506399999999,-0.25054113488373925,-0.5414087116649499,0.7999000879057915,0.06531153062648412
-0.2779218,-0.2898990599999999,0.5559734799999999,-0.2495003904879371,-0.5419697664281362,0.7999423323493604,0.06411390129811056
-0.2777922,-0.28962504,0.55589632,-0.24845850120069182,-0.5425288342503181,0.7999827315923673,0.06291634399828946
-0.2776626,-0.2893510199999999,0.55581916,-0.24741547080142012,-0.5430859128985849,0.8000212860509871,0.06171886165952088
-0.277533,-0.289077,0.555742,-0.2463713030737944,-0.5436410001472036,0.8000579961462061,0.06052145721300686
-0.2773985399999999,-0.2887991399999999,0.5556627399999999,-0.2453063973441803,-0.5442255417016887,0.8000732638276504,0.05938100445170652
-0.2772640799999999,-0.28852128,0.55558348,-0.24424028484352678,-0.544808018924142,0.8000868233313095,0.0582407152009512
-0.2771296199999999,-0.2882434199999999,0.55550422,-0.24317296955613665,-0.54538842945866,0.8000986753301392,0.05710059215825254
-0.2769951599999999,-0.2879655599999999,0.55542496,-0.2421044554708094,-0.5459667709570213,0.8001088205015825,0.05596063801917027
-0.2768606999999999,-0.2876876999999999,0.5553456999999999,-0.24103474658082444,-0.5465430410786987,0.800117259527566,0.05482085547730285
-0.2767262399999999,-0.2874098399999999,0.55526644,-0.23996384688392736,-0.5471172374908645,0.8001239930944939,0.05368124722428014
-0.2765917799999999,-0.2871319799999999,0.55518718,-0.23889176038231402,-0.5476893578684011,0.8001290218932442,0.05254181594975507
-0.2764573199999999,-0.28685412,0.55510792,-0.23781849108261666,-0.5482593998939086,0.8001323466191622,0.05140256434139667
-0.2763228599999999,-0.2865762599999999,0.55502866,-0.23674404299588864,-0.5488273612577134,0.8001339679720568,0.050263495084881746
-0.2761883999999999,-0.2862983999999999,0.5549494,-0.23566842013758924,-0.5493932396578762,0.8001338866561944,0.04912461086388735
-0.2760539399999999,-0.2860205399999999,0.55487014,-0.23459162652756876,-0.5499570328002014,0.800132103380295,0.04798591436008226
-0.27591948,-0.2857426799999999,0.55479088,-0.23351366619005448,-0.5505187383982436,0.8001286188575254,0.046847408253120976
-0.2757850199999999,-0.2854648199999999,0.5547116200000001,-0.23243454315363407,-0.5510783541733181,0.8001234338054968,0.045709095220633725
-0.27565056,-0.2851869599999999,0.55463236,-0.23135426145124238,-0.5516358778545073,0.800116548946257,0.04457097793822108
-0.2755160999999999,-0.2849090999999999,0.5545531,-0.2302728251201448,-0.5521913071786696,0.8001079650062864,0.04343305907944382
-0.27538164,-0.2846312399999999,0.55447384,-0.2291902382019237,-0.5527446398904482,0.8000976827164934,0.04229534131581775
-0.2752464799999999,-0.2843495799999999,0.5543969200000001,-0.22811106878148885,-0.5532981038483111,0.8000816415210154,0.04118149436661546
-0.2751099199999999,-0.28406032,0.55432468,-0.2270398943657247,-0.5538539664847175,0.8000558978142331,0.040115215918741384
-0.2749733599999999,-0.2837710599999999,0.5542524400000001,-0.2259675955016477,-0.5544077852090737,0.8000286334743167,0.03904918826288693
-0.2748368,-0.2834817999999999,0.5541802,-0.22489417607002465,-0.554959557887288,0.7999998493505456,0.037983413728031545
-0.2747002399999999,-0.2831925399999999,0.5541079600000001,-0.22381963995558896,-0.5555092823926383,0.7999695462960152,0.03691789464086637
-0.27456368,-0.28290328,0.55403572,-0.22274399104702697,-0.5560569566057793,0.7999377251676328,0.035852633325787406
-0.2744271199999999,-0.2826140199999999,0.55396348,-0.22166723323696402,-0.5566025784147491,0.7999043868261115,0.034787632104889804
-0.2742905599999999,-0.2823247599999999,0.55389124,-0.22058937042195048,-0.5571461457149777,0.7998695321359643,0.033722893297960535
-0.2741539999999999,-0.2820354999999999,0.553819,-0.21951040650244688,-0.557687656409294,0.7998331619654995,0.03265841922247148
-0.2740174399999999,-0.28174624,0.55374676,-0.21843034538281164,-0.5582271084079319,0.7997952771868135,0.03159421219357442
-0.2738808799999999,-0.2814569799999999,0.55367452,-0.21734919097128416,-0.5587644996285391,0.7997558786757869,0.030530274524092016
-0.27374432,-0.2811677199999999,0.55360228,-0.21626694717997436,-0.5592998279961834,0.7997149673120775,0.029466608524514507
-0.2736077599999999,-0.2808784599999999,0.55353004,-0.21518361792484408,-0.5598330914433597,0.7996725439791151,0.02840321650298891
-0.2734711999999999,-0.2805892,0.5534578,-0.21409920712569797,-0.560364287909998,0.7996286095640968,0.027340100765317496
-0.2733346399999999,-0.2802999399999999,0.5533855599999999,-0.21301371870616415,-0.5608934153434701,0.7995831649579795,0.02627726361494609
-0.2731980799999999,-0.2800106799999999,0.55331332,-0.211927156593685,-0.5614204716985958,0.7995362110554758,0.02521470735296258
-0.2730615199999999,-0.2797214199999999,0.5532410799999999,-0.21083952471949885,-0.5619454549376518,0.7994877487550476,0.024152434278086263
-0.2729314,-0.27943228,0.5531801999999999,-0.2097976553056357,-0.5624491226526496,0.7994388313109825,0.023097256279766998
-0.2728044999999999,-0.2791431999999999,0.553125,-0.208778220461885,-0.5629413009417636,0.7993889738209111,0.02204574535627693
-0.2726775999999999,-0.27885412,0.5530698,-0.20775782585287322,-0.5634316497986417,0.7993376589612664,0.020994493763601213
-0.2725507,-0.27856504,0.5530146,-0.20673647475231902,-0.5639201674768518,0.7992848874979641,0.019943503634770154
-0.2724238,-0.27827596,0.5529594,-0.20571417043703433,-0.5644068522358261,0.7992306602002102,0.018892777100921285
-0.2722969,-0.27798688,0.5529042,-0.20469091618691254,-0.564891702340868,0.7991749778404977,0.017842316291291932
-0.2721699999999999,-0.2776978,0.552849,-0.20366671528491798,-0.5653747160631558,0.7991178411946014,0.01679212333321499
-0.2720431,-0.27740872,0.5527938,-0.2026415710170755,-0.565855891679749,0.7990592510415743,0.015742200352112865
-0.2719162,-0.27711964,0.5527386,-0.2016154866724598,-0.5663352274735937,0.7989992081637426,0.014692549471492719
-0.2717893,-0.27683056,0.5526834,-0.20058846554318507,-0.5668127217335274,0.7989377133467024,0.013643172812941001
-0.2716623999999999,-0.27654148,0.5526282,-0.1995605109243939,-0.567288372754285,0.7988747673793138,0.012594072496117978
-0.2715355,-0.2762524,0.552573,-0.1985316261142478,-0.5677621788365037,0.7988103710536983,0.011545250638753154
-0.2714086,-0.27596332,0.5525178000000001,-0.1975018144139146,-0.5682341382867282,0.7987445251652329,0.010496709356638642
-0.2712817,-0.27567424,0.5524626,-0.1964710791275605,-0.5687042494174166,0.798677230512547,0.009448450763625826
-0.2711548,-0.27538516,0.5524074,-0.19543942356233657,-0.569172510546945,0.798608487897517,0.008400476971617984
-0.2710279,-0.2750960800000001,0.5523522000000001,-0.1944068510283708,-0.5696389199996128,0.7985382981252632,0.007352790090567371
-0.270901,-0.274807,0.552297,-0.1933733648387551,-0.5701034761056487,0.7984666620041433,0.006305392228467405
-0.2707858,-0.2745331,0.5522559,-0.19242140183051717,-0.5705235838147994,0.7984043182601273,0.0052334512778390435
-0.2706706,-0.2742592,0.5522148,-0.19146865005944375,-0.5709421070832371,0.7983404952341544,0.004161739186036212
-0.2705554,-0.2739853,0.5521737,-0.19051511216197375,-0.571359044524817,0.7982751935158486,0.003090258052868014
-0.2704402,-0.2737114,0.5521326,-0.18956079077690063,-0.5717743947577875,0.7982084136978984,0.00201900997681935
-0.270325,-0.2734375,0.5520915000000001,-0.18860568854536566,-0.5721881564047958,0.7981401563760546,0.0009479970550463762
-0.2702098,-0.2731636,0.5520504,-0.1876498081108502,-0.5726003280928909,0.7980704221491272,-0.00012277861662790546
-0.2700946,-0.2728897,0.5520093,-0.18669315211916848,-0.5730109084535276,0.7979992116189821,-0.0011933149437185486
-0.2699794,-0.2726158,0.5519682,-0.18573572321846038,-0.5734198961225702,0.7979265253905399,-0.0022636098330825333
-0.2698642,-0.2723419,0.5519271,-0.1847775240591836,-0.5738272897402972,0.7978523640717708,-0.003333661192924789
-0.269749,-0.272068,0.551886,-0.18381855729410673,-0.5742330879514039,0.7977767282736945,-0.004403466932800915
-0.2696338,-0.2717941,0.5518449,-0.1828588255783019,-0.5746372894050077,0.7976996186103746,-0.005473024963623008
-0.2695186,-0.2715202,0.5518038,-0.18189833156913696,-0.5750398927546505,0.7976210356989184,-0.006542333197663688
-0.2694034,-0.2712463,0.5517627,-0.18093707792626867,-0.5754408966583037,0.7975409801594717,-0.007611389548560901
-0.2692882,-0.2709723999999999,0.5517216,-0.17997506731163446,-0.5758402997783716,0.7974594526152181,-0.00868019193132255
-0.269173,-0.2706985,0.5516805,-0.17901230238944602,-0.5762381007816948,0.7973764536923746,-0.009748738262330636
-0.2690578,-0.2704245999999999,0.5516394,-0.17804878582618092,-0.5766342983395545,0.7972919840201895,-0.010817026459346069
-0.26894418,-0.27015758,0.55159908,-0.17709268367627132,-0.5770351498484436,0.7971998573843158,-0.011874536376079076
-0.26883372,-0.26990432,0.55156032,-0.1761521393361845,-0.5774469634354747,0.7970939353418486,-0.012910711354516324
-0.26872326,-0.26965106,0.55152156,-0.1752108172413222,-0.5778572456756133,0.796986616200497,-0.013946567287456121
-0.2686128,-0.2693977999999999,0.5514827999999999,-0.17426871989189013,-0.5782659952175118,0.7968779007196368,-0.014982102222555957
-0.26850234,-0.26914454,0.55144404,-0.17332584979035187,-0.5786732107139255,0.7967677896614649,-0.016017314209095745
-0.26839188,-0.2688912799999999,0.55140528,-0.1723822094414205,-0.5790788908217163,0.7966562837909948,-0.017052201297983197
-0.26828142,-0.26863802,0.55136652,-0.1714378013520531,-0.5794830342018551,0.7965433838760556,-0.018086761541757174
-0.26817096,-0.2683847599999999,0.55132776,-0.1704926280314436,-0.5798856395194267,0.7964290906872864,-0.019120992994591385
-0.2680605,-0.2681314999999999,0.5512889999999999,-0.16954669199101613,-0.5802867054436335,0.7963134049981347,-0.02015489371229956
-0.26795004,-0.26787824,0.55125024,-0.16859999574441772,-0.5806862306477972,0.7961963275848521,-0.021188461752338614
-0.26783958,-0.26762498,0.55121148,-0.167652541807512,-0.5810842138093658,0.7960778592264915,-0.022221695173814282
-0.26772912,-0.26737172,0.55117272,-0.16670433269837215,-0.5814806536099139,0.795958000704904,-0.023254592037483562
-0.26761866,-0.26711846,0.5511339599999999,-0.16575537093727438,-0.5818755487351486,0.7958367528047345,-0.024287150405760044
-0.2675082,-0.2668651999999999,0.5510952,-0.1648056590466908,-0.5822688978749119,0.79571411631342,-0.02531936834271739
-0.26739774,-0.26661194,0.55105644,-0.16385519955128253,-0.582660699723185,0.7955900920211851,-0.026351243914094373
-0.2672872799999999,-0.2663586799999999,0.55101768,-0.1629039949778931,-0.5830509529780913,0.7954646807210385,-0.02738277518729792
-0.26717682,-0.26610542,0.5509789199999999,-0.16195204785554188,-0.5834396563419004,0.7953378832087713,-0.028413960231407666
-0.2670597999999999,-0.2658585599999999,0.5509355199999999,-0.16097959512074558,-0.5838668000706327,0.7951864305304048,-0.02938827028517095
-0.2669395,-0.2656149,0.5508898,-0.15999642964166894,-0.5843123096836029,0.7950220905819881,-0.030333854696972605
-0.2668192,-0.2653712399999999,0.55084408,-0.1590124184717396,-0.5847561724899323,0.7948565258105817,-0.03127895271623884
-0.2666989,-0.26512758,0.5507983599999999,-0.15802756438857318,-0.5851983870430818,0.7946897373862349,-0.032223562630282955
-0.2665786,-0.26488392,0.55075264,-0.1570418701721794,-0.5856389519012528,0.7945217264815464,-0.03316768272896171
-0.2664583,-0.26464026,0.55070692,-0.156055338604956,-0.5860778656273908,0.7943524942716613,-0.03411131130467689
-0.2663379999999999,-0.2643966,0.5506612,-0.1550679724716787,-0.5865151267891893,0.7941820419342654,-0.03505444665238109
-0.2662177,-0.26415294,0.5506154799999999,-0.1540797745594942,-0.5869507339590933,0.7940103706495791,-0.03599708706958107
-0.2660974,-0.26390928,0.55056976,-0.15309074765791134,-0.587384685714304,0.7938374816003536,-0.036939230856341494
-0.2659771,-0.26366562,0.55052404,-0.1521008945587933,-0.5878169806367826,0.7936633759718644,-0.03788087631528939
-0.2658568,-0.26342196,0.55047832,-0.1511102180563489,-0.5882476173132531,0.7934880549519068,-0.03882202175161751
-0.2657365,-0.2631783,0.5504326,-0.15011872094712492,-0.5886765943352078,0.7933115197307898,-0.03976266547308885
-0.2656162,-0.26293464,0.55038688,-0.14912640602999727,-0.5891039102989097,0.793133771501333,-0.040702805790040056
-0.2654959,-0.26269098,0.55034116,-0.1481332761061634,-0.5895295638053973,0.792954811458858,-0.04164244101538572
-0.2653756,-0.26244732,0.55029544,-0.14713933397913317,-0.5899535534604882,0.7927746408011862,-0.042581569464622195
-0.2652553,-0.26220366,0.55024972,-0.14614458245472206,-0.590375877874782,0.7925932607286313,-0.04352018945583081
-0.265135,-0.26196,0.550204,-0.14514902434104068,-0.5907965356636654,0.7924106724439959,-0.04445829930968339
-0.2650087,-0.26172618,0.550156,-0.14416422956190889,-0.5912733582281742,0.7921849287544305,-0.04533794678562942
-0.2648824,-0.26149236,0.550108,-0.14317854465551677,-0.5917485389783698,0.791958057802351,-0.04621694114955076
-0.2647561,-0.26125854,0.55006,-0.1421919724144633,-0.5922220764288489,0.791730061130774,-0.047095280793811235
-0.2646298,-0.26102472,0.5500120000000001,-0.1412045156337744,-0.5926939690990719,0.7915009402851827,-0.04797296411408261
-0.2645035,-0.2607909,0.549964,-0.1402161771108958,-0.5931642155133667,0.7912706968135208,-0.04884998950934844
-0.2643772,-0.26055708,0.5499160000000001,-0.1392269596456827,-0.5936328142009326,0.7910393322661855,-0.04972635538190847
-0.2642509,-0.26032326,0.549868,-0.13823686604039248,-0.5940997636958445,0.7908068481960212,-0.05060206013738235
-0.2641246,-0.26008944,0.54982,-0.13724589909967497,-0.5945650625370574,0.7905732461583121,-0.051477102184713824
-0.2639983,-0.25985562,0.549772,-0.13625406163056483,-0.5950287092684092,0.7903385277107763,-0.05235147993617383
-0.263872,-0.2596218,0.549724,-0.13526135644247195,-0.5954907024386256,0.7901026944135578,-0.05322519180736559
-0.2637457,-0.25938798,0.549676,-0.1342677863471731,-0.5959510406013234,0.7898657478292211,-0.054098236217227993
-0.2636194,-0.2591541599999999,0.549628,-0.13327335415880348,-0.5964097223150148,0.7896276895227435,-0.05497061158803873
-0.2634931,-0.25892034,0.54958,-0.13227806269384776,-0.596866746143111,0.7893885210615085,-0.05584231634541975
-0.2633667999999999,-0.25868652,0.549532,-0.1312819147711311,-0.5973221106539265,0.7891482440152994,-0.05671334891833972
-0.2632405,-0.2584527,0.549484,-0.13028491321181104,-0.5977758144206824,0.7889068599562921,-0.05758370773911885
-0.2631141999999999,-0.25821888,0.549436,-0.12928706083936853,-0.5982278560215103,0.7886643704590482,-0.05845339124343155
-0.2629886,-0.2579879,0.54938982,-0.12830539664145615,-0.5986827328029694,0.7884154248840742,-0.059311284264561594
-0.2628644,-0.2577625999999999,0.54934728,-0.12735696243991837,-0.5991450421275437,0.788154712118852,-0.06014625821205024
-0.2627402,-0.2575372999999999,0.54930474,-0.1264076898962564,-0.5996058351097651,0.787892957920797,-0.06098053210845385
-0.2626159999999999,-0.257312,0.5492622,-0.12545758150728947,-0.60006511040237,0.7876301638488001,-0.06181410450411353
-0.2624918,-0.2570867,0.54921966,-0.12450663977195667,-0.6005228666623315,0.7873663314639132,-0.06264697395254593
-0.2623676,-0.2568613999999999,0.54917712,-0.12355486719130829,-0.6009791025508622,0.7871014623293434,-0.06347913901044741
-0.2622434,-0.2566361,0.54913458,-0.12260226626849932,-0.6014338167334186,0.7868355580104461,-0.06431059823769719
-0.2621192,-0.2564107999999999,0.54909204,-0.12164883950878207,-0.601887007879704,0.7865686200747195,-0.0651413501973599
-0.261995,-0.2561854999999999,0.5490495,-0.12069458941949845,-0.6023386746636713,0.7863006500917985,-0.0659713934556902
-0.2618708,-0.2559601999999999,0.54900696,-0.11973951851007246,-0.6027888157635273,0.7860316496334478,-0.0668007265821353
-0.2617466,-0.2557349,0.54896442,-0.11878362929200371,-0.6032374298617346,0.7857616202735562,-0.06762934814933812
-0.2616224,-0.2555095999999999,0.54892188,-0.11782692427885856,-0.6036845156450167,0.7854905635881303,-0.06845725673314135
-0.2614982,-0.2552842999999999,0.54887934,-0.11686940598626441,-0.6041300718043596,0.7852184811552883,-0.06928445091258985
-0.261374,-0.2550589999999999,0.5488368,-0.11591107693190071,-0.6045740970350166,0.7849453745552537,-0.07011092926993474
-0.2612498,-0.2548337,0.5487942600000001,-0.11495193963549254,-0.6050165900365099,0.7846712453703492,-0.07093669039063642
-0.2611256,-0.2546083999999999,0.54875172,-0.11399199661880284,-0.6054575495126353,0.7843960951849903,-0.07176173286336715
-0.2610014,-0.2543831,0.54870918,-0.11303125040562562,-0.6058969741714642,0.7841199255856796,-0.07258605528001495
-0.2608784,-0.2541625599999999,0.54867332,-0.1121022385592617,-0.6063376815654398,0.7838396793041216,-0.07336934763415408
-0.260756,-0.2539443999999999,0.5486408,-0.11118873226977213,-0.6067783816288147,0.7835569803455325,-0.07413177426683128
-0.2606336,-0.2537262399999999,0.5486082800000001,-0.11027447349595772,-0.6072176879123219,0.7832733782381522,-0.07489349053820304
-0.2605112,-0.2535080799999999,0.5485757600000001,-0.10935946444483169,-0.6076555992781714,0.7829888744750452,-0.07565449524336236
-0.2603888,-0.2532899199999999,0.54854324,-0.10844370732510243,-0.6080921145921925,0.7827034705509964,-0.07641478718028712
-0.2602664,-0.25307176,0.54851072,-0.10752720434716669,-0.6085272327238369,0.7824171679625073,-0.07717436514984438
-0.260144,-0.2528535999999999,0.5484782,-0.10660995772310426,-0.6089609525461807,0.7821299682077889,-0.07793322795579141
-0.2600216,-0.25263544,0.54844568,-0.1056919696666709,-0.6093932729359269,0.7818418727867582,-0.07869137440477948
-0.2598992,-0.2524172799999999,0.5484131600000001,-0.10477324239329332,-0.6098241927734087,0.7815528832010312,-0.07944880330635534
-0.2597768,-0.25219912,0.54838064,-0.10385377812006198,-0.6102537109425912,0.7812630009539192,-0.08020551347296487
-0.2596543999999999,-0.25198096,0.54834812,-0.1029335790657259,-0.6106818263310743,0.7809722275504215,-0.08096150371995446
-0.259532,-0.2517627999999999,0.5483156,-0.10201264745068614,-0.6111085378300951,0.7806805644972221,-0.08171677286557431
-0.2594095999999999,-0.2515446399999999,0.54828308,-0.10109098549698961,-0.6115338443345307,0.7803880133026825,-0.0824713197309804
-0.2592872,-0.2513264799999999,0.54825056,-0.10016859542832313,-0.6119577447429001,0.7800945754768376,-0.08322514314023782
-0.2591648,-0.2511083199999999,0.54821804,-0.09924547947000678,-0.6123802379573667,0.7798002525313896,-0.08397824192032241
-0.2590423999999999,-0.25089016,0.54818552,-0.09832163984898903,-0.612801322883742,0.7795050459797033,-0.0847306149011233
-0.2589199999999999,-0.2506719999999999,0.548153,-0.09739707879383876,-0.613220998431486,0.7792089573367993,-0.08548226091544625
-0.25879016,-0.2504632,0.54812714,-0.09648813961323546,-0.6136764636836213,0.7788902948712595,-0.08614607007928135
-0.2586603199999999,-0.2502544,0.54810128,-0.09557849292089785,-0.6141305625190392,0.7785708616694896,-0.08680908495224912
-0.2585304799999999,-0.2500456,0.54807542,-0.09466814088691536,-0.6145832939317024,0.7782506593691355,-0.08747130450942091
-0.2584006399999999,-0.2498367999999999,0.54804956,-0.09375708568283052,-0.615034656919176,0.7779296896093009,-0.08813272772898073
-0.2582707999999999,-0.249628,0.5480237,-0.09284532948163267,-0.6154846504826302,0.777607954030543,-0.0887933535922294
-0.25814096,-0.2494191999999999,0.54799784,-0.09193287445775193,-0.6159332736268415,0.7772854542748661,-0.08945318108358495
-0.25801112,-0.2492104,0.54797198,-0.09101972278705375,-0.6163805253601959,0.7769621919857161,-0.0901122091905852
-0.25788128,-0.2490015999999999,0.54794612,-0.09010587664683184,-0.6168264046946902,0.7766381688079752,-0.09077043690388997
-0.25775144,-0.2487927999999999,0.54792026,-0.08919133821580268,-0.6172709106459344,0.7763133863879553,-0.09142786321728319
-0.2576215999999999,-0.2485839999999999,0.5478944,-0.08827610967409825,-0.6177140422331546,0.7759878463733927,-0.09208448712767568
-0.2574917599999999,-0.2483752,0.5478685400000001,-0.08736019320326198,-0.618155798479193,0.7756615504134431,-0.09274030763510553
-0.2573619199999999,-0.2481663999999999,0.54784268,-0.08644359098624009,-0.6185961784105127,0.775334500158674,-0.09339532374274234
-0.25723208,-0.2479576,0.54781682,-0.0855263052073769,-0.6190351810571985,0.7750066972610615,-0.09404953445688816
-0.25710224,-0.2477487999999999,0.54779096,-0.08460833805240846,-0.6194728054529579,0.7746781433739826,-0.09470293878697955
-0.2569724,-0.24754,0.5477651,-0.0836896917084566,-0.6199090506351252,0.7743488401522101,-0.09535553574558939
-0.25684256,-0.2473312,0.5477392400000001,-0.08277036836402166,-0.6203439156446624,0.7740187892519067,-0.09600732434843012
-0.256712,-0.24712848,0.54771514,-0.08186522527975766,-0.620791965026322,0.7736767565216308,-0.09664211021506847
-0.25658,-0.24693792,0.54769456,-0.08098910908061344,-0.6212678296049384,0.7733115278273807,-0.09724365808411331
-0.256448,-0.24674736,0.54767398,-0.0801123063770409,-0.6217424105751718,0.7729455864995003,-0.09784433335696806
-0.256316,-0.2465568,0.5476534000000001,-0.07923481920604812,-0.6222157069986148,0.7725789342562427,-0.09844413508730315
-0.2561839999999999,-0.24636624,0.54763282,-0.07835664960596267,-0.6226877179402596,0.7722115728171852,-0.09904306233194318
-0.256052,-0.24617568,0.54761224,-0.07747779961642706,-0.6231584424684979,0.7718435039032241,-0.09964111415086732
-0.25592,-0.24598512,0.54759166,-0.07659827127839167,-0.6236278796551248,0.7714747292365677,-0.10023828960721254
-0.255788,-0.24579456,0.54757108,-0.07571806663410963,-0.6240960285753393,0.7711052505407323,-0.10083458776727489
-0.255656,-0.245604,0.5475505,-0.07483718772713122,-0.6245628883077465,0.7707350695405353,-0.10143000770051105
-0.255524,-0.24541344,0.54752992,-0.07395563660229731,-0.6250284579343602,0.7703641879620903,-0.10202454847954112
-0.255392,-0.24522288,0.54750934,-0.07307341530573391,-0.6254927365406036,0.7699926075328009,-0.10261820918015005
-0.25526,-0.24503232,0.54748876,-0.07219052588484673,-0.6259557232153125,0.7696203299813558,-0.103210988881289
-0.255128,-0.24484176,0.54746818,-0.07130697038831439,-0.6264174170507358,0.7692473570377225,-0.10380288666507838
-0.254996,-0.2446512,0.5474475999999999,-0.07042275086608384,-0.6268778171425388,0.7688736904331422,-0.10439390161680848
-0.254864,-0.24446064,0.54742702,-0.06953786936936308,-0.6273369225898038,0.768499331900123,-0.10498403282494213
-0.254732,-0.24427008,0.5474064399999999,-0.06865232795061646,-0.6277947324950321,0.7681242831724362,-0.10557327938111655
-0.2546,-0.24407952,0.54738586,-0.0677661286635584,-0.6282512459641473,0.767748545985108,-0.10616164038014421
-0.25447272,-0.24390116,0.54737056,-0.0669277526451765,-0.6287248360583875,0.7673557128367201,-0.10672847055059378
-0.2543478,-0.2437289,0.5473579,-0.0661129619453413,-0.6292064466438169,0.7669540052841711,-0.10728409734551984
-0.25422288,-0.24355664,0.54734524,-0.0652975187268614,-0.6296869162281395,0.766551632606438,-0.10783884331545662
-0.25409796,-0.24338438,0.54733258,-0.0644814247552172,-0.6301662439547714,0.7661485964098668,-0.10839270759910027
-0.25397304,-0.24321212,0.54731992,-0.06366468179704148,-0.6306444289699943,0.7657448983019588,-0.1089456893379171
-0.25384812,-0.24303986,0.54730726,-0.06284729162011467,-0.6311214704229599,0.7653405398913657,-0.10949778767614442
-0.2537232,-0.2428676,0.5472946,-0.06202925599336001,-0.6315973674656891,0.7649355227878847,-0.11004900176079353
-0.25359828,-0.2426953399999999,0.54728194,-0.06121057668683853,-0.6320721192530749,0.7645298486024534,-0.11059933074165008
-0.25347336,-0.24252308,0.54726928,-0.06039125547174502,-0.6325457249428835,0.7641235189471464,-0.11114877377127641
-0.2533484399999999,-0.24235082,0.54725662,-0.05957129412040238,-0.6330181836957561,0.763716535435169,-0.11169733000501257
-0.25322352,-0.24217856,0.54724396,-0.05875069440625761,-0.6334894946752103,0.7633088996808537,-0.11224499860097853
-0.2530985999999999,-0.2420062999999999,0.5472313,-0.05792945810387664,-0.6339596570476412,0.7629006132996553,-0.1127917787200748
-0.25297368,-0.24183404,0.54721864,-0.057107586988940105,-0.6344286699823243,0.762491677908145,-0.11333766952598454
-0.2528487599999999,-0.24166178,0.54720598,-0.05628508283823724,-0.6348965326514153,0.7620820951240079,-0.1138826701851757
-0.25272384,-0.24148952,0.54719332,-0.05546194742966275,-0.6353632442299532,0.7616718665660364,-0.11442677986690147
-0.2525989199999999,-0.2413172599999999,0.54718066,-0.054638182542210915,-0.6358288038958605,0.7612609938541258,-0.11496999774320221
-0.252474,-0.241145,0.547168,-0.053813789955971365,-0.6362932108299457,0.7608494786092709,-0.11551232298890741
-0.25235892,-0.24098234,0.54716356,-0.053034211852530974,-0.6367853172825838,0.7604237225418907,-0.11596376271074382
-0.25224384,-0.24081968,0.54715912,-0.052254077985124915,-0.6372763690418174,0.7599974008437916,-0.11641430971097634
-0.2521287599999999,-0.2406570199999999,0.54715468,-0.05147338997451992,-0.6377663654206637,0.759570515057314,-0.11686396330012988
-0.2520136799999999,-0.24049436,0.54715024,-0.05069214944235965,-0.6382553057347371,0.7591430667256766,-0.11731272279128892
-0.2518986,-0.2403316999999999,0.5471458,-0.04991035801115928,-0.6387431893022503,0.758715057392971,-0.11776058750009896
-0.25178352,-0.24016904,0.54714136,-0.04912801730430352,-0.6392300154440144,0.7582864886041595,-0.1182075567447661
-0.25166844,-0.24000638,0.54713692,-0.04834512894603979,-0.6397157834834422,0.757857361905069,-0.1186536298460601
-0.25155336,-0.23984372,0.54713248,-0.04756169456147579,-0.6402004927465466,0.7574276788423883,-0.11909880612731465
-0.2514382799999999,-0.2396810599999999,0.5471280399999999,-0.04677771577657462,-0.640684142561945,0.7569974409636622,-0.11954308491442817
-0.2513231999999999,-0.2395184,0.5471235999999999,-0.04599319421815096,-0.6411667322608569,0.756566649817289,-0.11998646553586523
-0.25120812,-0.2393557399999999,0.5471191599999999,-0.04520813151386572,-0.641648261177108,0.7561353069525156,-0.12042894732265852
-0.25109304,-0.23919308,0.5471147199999999,-0.04442252929222378,-0.6421287286471293,0.7557034139194327,-0.1208705296084079
-0.25097796,-0.2390304199999999,0.54711028,-0.043636389182567674,-0.6426081340099598,0.7552709722689717,-0.12131121172928391
-0.25086288,-0.2388677599999999,0.54710584,-0.04284971281507439,-0.6430864766072459,0.7548379835528992,-0.12175099302402753
-0.2507477999999999,-0.2387050999999999,0.5471014,-0.04206250182075114,-0.6435637557832441,0.7544044493238141,-0.12218987283395144
-0.25063272,-0.23854244,0.54709696,-0.04127475783143168,-0.6440399708848207,0.7539703711351424,-0.12262785050294035
-0.25051668,-0.2383774,0.5470912,-0.04047643809967291,-0.6445177913079564,0.7535415570193478,-0.12301868350431186
-0.25039872,-0.2382076,0.5470828,-0.03965760289440288,-0.6449998692089801,0.7531238815431102,-0.12331610723059569
-0.25028076,-0.2380377999999999,0.5470744,-0.03883839418858047,-0.6454808553651218,0.752705766635513,-0.12361259388754853
-0.2501628,-0.237868,0.5470659999999999,-0.038018813708009656,-0.6459607493095808,0.7522872139339674,-0.12390814302179604
-0.25004484,-0.2376981999999999,0.5470576,-0.03719886317906242,-0.6464395505783804,0.7518682250764605,-0.12420275418274787
-0.24992688,-0.2375284,0.5470492,-0.03637854432867626,-0.6469172587103676,0.7514488017015504,-0.12449642692259764
-0.24980892,-0.2373585999999999,0.5470408,-0.03555785888434711,-0.6473938732472151,0.7510289454483621,-0.12478916079632438
-0.24969096,-0.2371888,0.5470324,-0.03473680857412706,-0.6478693937334201,0.7506086579565822,-0.12508095536169267
-0.249573,-0.2370189999999999,0.547024,-0.033915395126617454,-0.6483438197163074,0.7501879408664546,-0.12537181017925408
-0.24945504,-0.2368492,0.5470156,-0.033093620270966025,-0.6488171507460276,0.7497667958187756,-0.1256617248123474
-0.24933708,-0.2366793999999999,0.5470072,-0.032271485736861054,-0.6492893863755607,0.7493452244548897,-0.1259506988270992
-0.24921912,-0.2365096,0.5469988,-0.03144899325452684,-0.6497605261607144,0.7489232284166836,-0.1262387317924255
-0.24910116,-0.2363398,0.5469904,-0.030626144554719105,-0.6502305696601264,0.7485008093465837,-0.12652582328003176
-0.2489832,-0.23617,0.5469820000000001,-0.029802941368720894,-0.6506995164352639,0.7480779688875496,-0.12681197286441329
-0.24886524,-0.2360002,0.5469736000000001,-0.028979385428336425,-0.6511673660504251,0.7476547086830695,-0.12709718012285698
-0.24874728,-0.2358304,0.5469652,-0.028155478465888124,-0.65163411807274,0.7472310303771567,-0.12738144463544093
-0.24862932,-0.2356606,0.5469568,-0.027331222214210256,-0.6520997720721704,0.7468069356143439,-0.1276647659850362
-0.24851224,-0.23548796,0.54694608,-0.02652767609158173,-0.6525458290582457,0.7464031310867545,-0.12791633704791708
-0.2483956,-0.2353139,0.5469342,-0.025734373181831048,-0.6529816219285195,0.7460093170603433,-0.1281516379906954
-0.24827896,-0.23513984,0.5469223200000001,-0.024940798209427045,-0.6534164164334321,0.7456151526827175,-0.1283860872910166
-0.24816232,-0.2349657799999999,0.54691044,-0.02414695267745319,-0.6538502122463964,0.7452206393711531,-0.12861968464035703
-0.24804568,-0.23479172,0.54689856,-0.02335283808935202,-0.6542830090431653,0.7448257785432953,-0.12885242973249522
-0.24792904,-0.23461766,0.5468866800000001,-0.022558455948920614,-0.6547148065018299,0.7444305716171533,-0.12908432226351238
-0.2478124,-0.2344436,0.5468748,-0.02176380776030829,-0.6551456043028213,0.7440350200110967,-0.12931536193179205
-0.24769576,-0.23426954,0.54686292,-0.020968895028011282,-0.6555754021289107,0.7436391251438521,-0.1295455484380216
-0.24757912,-0.23409548,0.5468510400000001,-0.02017371925687069,-0.6560041996652092,0.7432428884344995,-0.12977488148519162
-0.2474624799999999,-0.23392142,0.54683916,-0.019378281952067082,-0.65643199659917,0.7428463113024681,-0.1300033607785973
-0.24734584,-0.23374736,0.54682728,-0.01858258461911854,-0.6568587926205866,0.7424493951675336,-0.13023098602583816
-0.2472291999999999,-0.2335732999999999,0.5468154000000001,-0.017786628763875115,-0.6572845874215949,0.7420521414498134,-0.130457756936819
-0.24711256,-0.23339924,0.54680352,-0.01699041589251677,-0.6577093806966728,0.7416545515697632,-0.1306836732237499
-0.2469959199999999,-0.2332251799999999,0.54679164,-0.016193947511548512,-0.6581331721426412,0.741256626948174,-0.13090873460114671
-0.24687928,-0.23305112,0.5467797600000001,-0.015397225127797592,-0.6585559614586635,0.7408583690061675,-0.13113294078583176
-0.24676264,-0.2328770599999999,0.54676788,-0.014600250248408414,-0.6589777483462471,0.7404597791651931,-0.13135629149693426
-0.246646,-0.232703,0.546756,-0.013803024380840745,-0.659398532509243,0.7400608588470236,-0.13157878645589005
-0.24653482,-0.2325253999999999,0.54674316,-0.013065413211518002,-0.6597881987434331,0.7396887890122354,-0.13179272812306847
-0.24642364,-0.2323478,0.54673032,-0.012327579855640251,-0.6601770032132045,0.7393164332942985,-0.13200593420120427
-0.2463124599999999,-0.2321701999999999,0.54671748,-0.01158952551241886,-0.6605649456817173,0.7389437928256314,-0.13221840446540395
-0.24620128,-0.2319926,0.54670464,-0.01085125138129512,-0.6609520259138597,0.7385708687388884,-0.13243013869247436
-0.2460900999999999,-0.2318149999999999,0.5466918,-0.01011275866193595,-0.6613382436762477,0.7381976621669561,-0.13264113666092403
-0.24597892,-0.2316374,0.54667896,-0.009374048554233017,-0.6617235987372251,0.7378241742429514,-0.1328513981509622
-0.24586774,-0.2314597999999999,0.54666612,-0.008635122258298732,-0.6621080908668646,0.737450406100219,-0.13306092294450036
-0.24575656,-0.2312822,0.54665328,-0.00789598097446495,-0.6624917198369675,0.7370763588723277,-0.1332697108251512
-0.24564538,-0.2311045999999999,0.54664044,-0.007156625903279451,-0.6628744854210638,0.7367020336930701,-0.13347776157823
-0.2455342,-0.230927,0.5466276,-0.006417058245503995,-0.6632563873944127,0.7363274316964586,-0.13368507499075444
-0.24542302,-0.2307493999999999,0.54661476,-0.00567727920211171,-0.6636374255340031,0.7359525540167224,-0.13389165085144408
-0.24531184,-0.2305718,0.54660192,-0.004937289974284234,-0.664017599618553,0.7355774017883064,-0.1340974889507223
-0.24520066,-0.2303941999999999,0.54658908,-0.004197091763409669,-0.6643969094285109,0.7352019761458678,-0.13430258908071444
-0.24508948,-0.2302166,0.5465762399999999,-0.0034566857710794513,-0.6647753547460551,0.7348262782242734,-0.1345069510352502
-0.2449782999999999,-0.2300389999999999,0.5465633999999999,-0.0027160731990864967,-0.6651529353550942,0.7344503091585979,-0.13471057460986174
-0.24486712,-0.2298614,0.54655056,-0.001975255249421895,-0.6655296510412672,0.7340740700841204,-0.13491345960178588
-0.24476,-0.2296844799999999,0.54653816,-0.0012642725096022045,-0.6658940804333815,0.7337058654823584,-0.13512652669104733
-0.244661,-0.2295089199999999,0.54652664,-0.0006131568783791369,-0.6662349199981076,0.733354014703574,-0.13536079392463707
-0.244562,-0.2293333599999999,0.54651512,3.817383162939281e-05,-0.6665750707750802,0.7330019193721724,-0.13559446803120967
-0.2444629999999999,-0.2291578,0.5465036,0.0006897187710182412,-0.6669145325738259,0.7326495802980517,-0.1358275488218088
-0.244364,-0.2289822399999999,0.5464920799999999,0.0013414770902193812,-0.6672533052049615,0.7322969982912739,-0.1360600361085528
-0.244265,-0.2288066799999999,0.54648056,0.0019934479395026378,-0.6675913884801924,0.7319441741620655,-0.136291929704635
-0.244166,-0.2286311199999999,0.54646904,0.0026456304689781857,-0.6679287822123139,0.7315911087208141,-0.1365232294243242
-0.244067,-0.2284555599999999,0.54645752,0.0032980238285965635,-0.6682654862152112,0.7312378027780688,-0.13675393508296432
-0.243968,-0.2282799999999999,0.546446,0.003950627168151227,-0.6686015003038587,0.7308842571445372,-0.13698404649697463
-0.243869,-0.2281044399999999,0.54643448,0.004603439637279258,-0.6689368242943214,0.7305304726310857,-0.13721356348385016
-0.24377,-0.2279288799999999,0.54642296,0.005256460385463485,-0.6692714580037544,0.730176450048736,-0.1374424858621616
-0.243671,-0.2277533199999999,0.54641144,0.005909688562033208,-0.6696054012504027,0.729822190208666,-0.13767081345155577
-0.2435719999999999,-0.2275777599999999,0.54639992,0.006563123316165917,-0.6699386538536019,0.7294676939222057,-0.13789854607275484
-0.243473,-0.2274021999999999,0.5463884,0.007216763796888612,-0.6702712156337781,0.7291129620008392,-0.13812568354755794
-0.2433739999999999,-0.2272266399999999,0.54637688,0.0078706091530798,-0.6706030864124484,0.7287579952561996,-0.13835222569883998
-0.243275,-0.2270510799999999,0.54636536,0.008524658533469787,-0.6709342660122203,0.7284027945000702,-0.13857817235055245
-0.2431759999999999,-0.2268755199999999,0.54635384,0.009178911086643537,-0.6712647542567926,0.728047360544382,-0.13880352332772355
-0.243086,-0.2267008799999999,0.54634112,0.009792682516250872,-0.6715638839613646,0.7277186834170902,-0.13903801974121943
-0.2430004999999999,-0.2265266999999999,0.5463278,0.010386300504117332,-0.6718470921886207,0.7274032967073429,-0.13927689477735555
-0.242915,-0.2263525199999999,0.54631448,0.010980103490080412,-0.6721297330441505,0.7270877118922264,-0.1395152984467036
-0.2428294999999999,-0.2261783399999999,0.54630116,0.011574090855129004,-0.6724118063865142,0.7267719295543652,-0.1397532306056885
-0.242744,-0.2260041599999999,0.54628784,0.012168261980143785,-0.6726933120749787,0.726455950276493,-0.1399906911114288
-0.2426584999999999,-0.2258299799999999,0.54627452,0.012762616245898459,-0.6729742499695186,0.7261397746414505,-0.1402276798217365
-0.2425729999999999,-0.2256558,0.5462612,0.013357153033060842,-0.6732546199308154,0.7258234032321864,-0.14046419659511775
-0.2424874999999999,-0.2254816199999999,0.54624788,0.013951871722193428,-0.6735344218202584,0.7255068366317551,-0.14070024129077252
-0.2424019999999999,-0.22530744,0.5462345599999999,0.014546771693754464,-0.6738136554999445,0.7251900754233169,-0.14093581376859501
-0.2423165,-0.22513326,0.5462212399999999,0.015141852328098337,-0.6740923208326777,0.7248731201901365,-0.1411709138891734
-0.2422309999999999,-0.2249590799999999,0.54620792,0.015737113005477366,-0.6743704176819704,0.7245559715155822,-0.14140554151379048
-0.2421454999999999,-0.2247849,0.5461946,0.016332553106041203,-0.6746479459120424,0.7242386299831258,-0.14163969650442304
-0.24206,-0.2246107199999999,0.54618128,0.016928172009838892,-0.6749249053878216,0.7239210961763412,-0.14187337872374223
-0.2419745,-0.22443654,0.54616796,0.01752396909681872,-0.6752012959749428,0.723603370678903,-0.14210658803511364
-0.241889,-0.22426236,0.5461546399999999,0.018119943746830264,-0.6754771175397504,0.7232854540745872,-0.1423393243025978
-0.2418035,-0.22408818,0.5461413199999999,0.018716095339623873,-0.675752369949296,0.7229673469472689,-0.14257158739094944
-0.241718,-0.223914,0.546128,0.019312423254852294,-0.6760270530713393,0.7226490498809228,-0.1428033771656181
-0.241634,-0.22373976,0.5461033999999999,0.01991390469239427,-0.676271162995525,0.7223619418894501,-0.1430173954814076
-0.24155,-0.22356552,0.5460788,0.02051552848763598,-0.6765147148354854,0.7220746770221451,-0.14323098304940785
-0.241466,-0.22339128,0.5460541999999999,0.021117294054464705,-0.6767577084951085,0.7217872558102341,-0.14344413976945267
-0.2413819999999999,-0.22321704,0.5460296,0.021719200806704572,-0.6770001438789316,0.721499678785009,-0.14365686554200197
-0.241298,-0.2230428,0.546005,0.022321248158116,-0.6772420208921398,0.7212119464778262,-0.1438691602681401
-0.2412139999999999,-0.22286856,0.5459804,0.022923435522397492,-0.6774833394405673,0.7209240594201064,-0.14408102384957738
-0.24113,-0.22269432,0.5459558,0.023525762313185823,-0.6777240994306973,0.7206360181433344,-0.14429245618864975
-0.2410459999999999,-0.22252008,0.5459312,0.02412822794405669,-0.677964300769662,0.7203478231790577,-0.14450345718831775
-0.240962,-0.22234584,0.5459066,0.02473083182852575,-0.6782039433652416,0.7200594750588857,-0.14471402675216824
-0.2408779999999999,-0.2221716,0.545882,0.025333573380049636,-0.6784430271258663,0.7197709743144889,-0.14492416478441333
-0.240794,-0.22199736,0.5458574,0.025936452012025428,-0.6786815519606149,0.7194823214775992,-0.14513387118989057
-0.24071,-0.22182312,0.5458328,0.02653946713779328,-0.6789195177792146,0.7191935170800079,-0.14534314587406338
-0.240626,-0.22164888,0.5458082,0.027142618170635138,-0.6791569244920422,0.7189045616535655,-0.1455519887430206
-0.240542,-0.22147464,0.5457836,0.027745904523777308,-0.6793937720101239,0.7186154557301812,-0.14576039970347687
-0.240458,-0.2213004,0.545759,0.028349325610389983,-0.6796300602451342,0.7183261998418218,-0.14596837866277282
-0.240374,-0.22112616,0.5457344000000001,0.028952880843588255,-0.679865789109397,0.7180367945205113,-0.1461759255288742
-0.24028754,-0.2209523,0.5457080400000001,0.029543693965150088,-0.6800924471624341,0.717753823724021,-0.14639290279604478
-0.24019616,-0.2207792,0.54567816,0.030108892267656014,-0.6803015675005148,0.7174838709463588,-0.14662921535146387
-0.24010478,-0.2206061,0.54564828,0.030674228367987937,-0.6805101950101113,0.7172137695526661,-0.14686515912694909
-0.2400134,-0.220433,0.5456184000000001,0.03123970178952975,-0.6807183296024705,0.7169435199675038,-0.1471007340291977
-0.23992202,-0.2202599,0.54558852,0.03180531205560981,-0.6809259711893261,0.7166731226154909,-0.14733593996537242
-0.2398306399999999,-0.2200868,0.54555864,0.0323710586895011,-0.681133119682898,0.7164025779213025,-0.14757077684309977
-0.23973926,-0.2199137,0.5455287600000001,0.032936941214422144,-0.6813397749958926,0.716131886309671,-0.1478052445704715
-0.23964788,-0.2197406,0.54549888,0.033502959153536904,-0.6815459370415021,0.7158610482053849,-0.14803934305604322
-0.2395565,-0.2195675,0.545469,0.03406911202995605,-0.6817516057334064,0.7155900640332883,-0.14827307220883615
-0.23946512,-0.2193944,0.54543912,0.0346353993667368,-0.6819567809857711,0.7153189342182803,-0.1485064319383353
-0.23937374,-0.2192213,0.54540924,0.03520182068688391,-0.6821614627132484,0.7150476591853149,-0.1487394221544912
-0.23928236,-0.2190482,0.54537936,0.03576837551334976,-0.6823656508309774,0.7147762393593996,-0.1489720427677183
-0.23919098,-0.2188751,0.54534948,0.03633506336903535,-0.6825693452545838,0.7145046751655963,-0.1492042936888968
-0.2390996,-0.2187019999999999,0.5453196,0.036901883776790295,-0.6827725459001796,0.71423296702902,-0.14943617482937066
-0.23900822,-0.2185289,0.5452897200000001,0.037468836259413794,-0.6829752526843641,0.7139611153748375,-0.14966768610094977
-0.23891684,-0.2183558,0.54525984,0.0380359203396549,-0.6831774655242225,0.7136891206282683,-0.14989882741590793
-0.23882546,-0.2181827,0.54522996,0.03860313554021266,-0.6833791843373275,0.7134169832145841,-0.1501295986869844
-0.2387272,-0.2180098399999999,0.5452041200000001,0.03913252972640766,-0.6835720894080609,0.7131542766688242,-0.1503623003564256
-0.2386255,-0.2178371,0.5451803000000001,0.03964307498651778,-0.6837604129404049,0.7128962199186671,-0.15059582971269714
-0.2385237999999999,-0.2176643599999999,0.54515648,0.04015374612451993,-0.6839483291663654,0.7126380277563057,-0.15082904593713983
-0.2384221,-0.21749162,0.54513266,0.04066454278144626,-0.6841358380080378,0.712379700506181,-0.15106194894856778
-0.2383204,-0.21731888,0.54510884,0.04117546459828262,-0.6843229393878512,0.7121212384927825,-0.15129453866611542
-0.2382187,-0.21714614,0.54508502,0.04168651121596858,-0.6845096332285674,0.7118626420406464,-0.15152681500923781
-0.238117,-0.2169733999999999,0.5450612,0.042197682275397996,-0.6846959194532819,0.7116039114743558,-0.15175877789771058
-0.2380152999999999,-0.2168006599999999,0.54503738,0.04270897741741923,-0.6848817979854231,0.7113450471185411,-0.1519904272516299
-0.2379135999999999,-0.2166279199999999,0.54501356,0.043220396282835534,-0.6850672687487527,0.7110860492978787,-0.1522217629914125
-0.2378119,-0.21645518,0.54498974,0.04373193851240513,-0.6852523316673657,0.710826918337091,-0.1524527850377959
-0.2377101999999999,-0.2162824399999999,0.54496592,0.04424360374684189,-0.6854369866656904,0.7105676545609464,-0.15268349331183828
-0.2376085,-0.2161097,0.5449421,0.0447553916268153,-0.6856212336684884,0.7103082582942587,-0.1529138877349183
-0.2375068,-0.2159369599999999,0.54491828,0.04526730179295111,-0.685805072600855,0.7100487298618864,-0.1531439682287355
-0.2374051,-0.2157642199999999,0.54489446,0.04577933388583129,-0.6859885033882179,0.7097890695887338,-0.15337373471531016
-0.2373034,-0.2155914799999999,0.54487064,0.04629148754599472,-0.6861715259563396,0.7095292777997485,-0.15360318711698326
-0.2372017,-0.2154187399999999,0.54484682,0.0468037624139372,-0.6863541402313145,0.7092693548199235,-0.15383232535641658
-0.2370999999999999,-0.2152459999999999,0.544823,0.04731615813011202,-0.6865363461395718,0.7090093009742947,-0.15406114935659282
-0.2369828199999999,-0.2150646799999999,0.5448086,0.047774553715482955,-0.6866934201514581,0.7087870015962049,-0.1542424231728775
-0.23686564,-0.2148833599999999,0.5447942,0.04823302982433714,-0.6868501726005181,0.7085646137490077,-0.15442345474481112
-0.23674846,-0.2147020399999999,0.5447797999999999,0.04869158620631188,-0.6870066034476917,0.7083421376564342,-0.15460424403066161
-0.2366312799999999,-0.2145207199999999,0.5447654,0.04915022261102726,-0.6871627126541251,0.7081195735422338,-0.15478479098889378
-0.2365141,-0.2143393999999999,0.544751,0.04960893878808656,-0.6873185001811698,0.7078969216301735,-0.15496509557816937
-0.2363969199999999,-0.2141580799999999,0.5447366,0.0500677344870757,-0.687473965990383,0.7076741821440382,-0.15514515775734647
-0.23627974,-0.21397676,0.5447221999999999,0.05052660945756433,-0.687629110043528,0.7074513553076305,-0.15532497748548052
-0.23616256,-0.2137954399999999,0.5447078,0.05098556344910561,-0.6877839323025738,0.7072284413447703,-0.15550455472182365
-0.23604538,-0.21361412,0.5446934,0.0514445962112361,-0.6879384327296949,0.7070054404792947,-0.15568388942582478
-0.2359281999999999,-0.2134327999999999,0.544679,0.05190370749347655,-0.6880926112872721,0.7067823529350579,-0.1558629815571296
-0.23581102,-0.21325148,0.5446646,0.05236289704533138,-0.6882464679378913,0.706559178935931,-0.15604183107558092
-0.23569384,-0.2130701599999999,0.5446502,0.052822164616289365,-0.688400002644345,0.706335918705802,-0.15622043794121812
-0.23557666,-0.21288884,0.5446358,0.05328150995582369,-0.6885532153696311,0.7061125724685754,-0.1563988021142777
-0.23545948,-0.2127075199999999,0.5446214,0.05374093281339204,-0.6887061060769529,0.7058891404481719,-0.15657692355519276
-0.2353423,-0.2125262,0.5446070000000001,0.054200432938436675,-0.6888586747297202,0.7056656228685282,-0.1567548022245935
-0.2352251199999999,-0.2123448799999999,0.5445926,0.05466001008038498,-0.6890109212915486,0.7054420199535982,-0.1569324380833069
-0.23510588,-0.21216532,0.54458392,0.055083641137944006,-0.6891670924246486,0.705220066322745,-0.15709605104421004
-0.2349825199999999,-0.2119892799999999,0.54458668,0.05543529586928203,-0.6893315124377496,0.7050015061366419,-0.15723189968081033
-0.23485916,-0.21181324,0.5445894400000001,0.05578701624304675,-0.689495726726063,0.7047828755287927,-0.15736756338763988
-0.2347358,-0.2116371999999999,0.5445922000000001,0.05613880212190196,-0.6896597352598519,0.7045641746327571,-0.15750304213471872
-0.23461244,-0.21146116,0.5445949600000001,0.056490653368498345,-0.6898235380094747,0.7043454035821071,-0.15763833589216095
-0.23448908,-0.21128512,0.5445977200000001,0.05684256984547514,-0.6899871349453849,0.7041265625104272,-0.15777344463017545
-0.23436572,-0.21110908,0.54460048,0.057194551415458476,-0.6901505260381307,0.7039076515513142,-0.15790836831906524
-0.2342423599999999,-0.21093304,0.54460324,0.05754659794106333,-0.6903137112583558,0.7036886708383768,-0.15804310692922793
-0.234119,-0.210757,0.544606,0.057898709284891596,-0.690476690576799,0.7034696205052363,-0.1581776604311554
-0.2339956399999999,-0.2105809599999999,0.54460876,0.05825088530953421,-0.6906394639642933,0.7032505006855256,-0.15831202879543418
-0.23387228,-0.21040492,0.54461152,0.05860312587756919,-0.6908020313917683,0.7030313115128901,-0.158446211992745
-0.2337489199999999,-0.2102288799999999,0.54461428,0.05895543085156359,-0.6909643928302475,0.7028120531209866,-0.15858020999386324
-0.2336255599999999,-0.21005284,0.54461704,0.05930780009407169,-0.6911265482508495,0.7025927256434843,-0.1587140227696585
-0.2335021999999999,-0.2098767999999999,0.5446198,0.059660233467637165,-0.691288497624789,0.7023733292140635,-0.15884765029109515
-0.2333788399999999,-0.2097007599999999,0.54462256,0.060012730834790855,-0.6914502409233745,0.7021538639664174,-0.15898109252923165
-0.23325548,-0.2095247199999999,0.5446253200000001,0.06036529205805315,-0.6916117781180108,0.7019343300342498,-0.15911434945522124
-0.23313212,-0.20934868,0.5446280800000001,0.06071791699993178,-0.6917731091801972,0.7017147275512767,-0.15924742104031128
-0.2330085599999999,-0.2091805999999999,0.54463912,0.061013664853736264,-0.6919480439193603,0.7014948561519859,-0.1593430387861085
-0.2328848999999999,-0.2090165,0.5446543,0.06128098869066646,-0.6921297327242593,0.7012748233955604,-0.1594198719597575
-0.2327612399999999,-0.2088523999999999,0.54466948,0.061548355330639765,-0.6923112817213608,0.7010547310552732,-0.15949656178876853
-0.2326375799999999,-0.2086883,0.54468466,0.06181576469015122,-0.6924926908897037,0.7008345792139646,-0.15957310825478743
-0.2325139199999999,-0.2085241999999999,0.54469984,0.062083216685689856,-0.6926739602083767,0.7006143679544816,-0.15964951133950953
-0.23239026,-0.2083601,0.54471502,0.062350711233736436,-0.6928550896565172,0.7003940973596785,-0.1597257710246786
-0.2322666,-0.2081959999999999,0.5447302,0.06261824825076609,-0.693036079213312,0.700173767512417,-0.15980188729208886
-0.23214294,-0.2080319,0.5447453800000001,0.0628858276532461,-0.6932169288579972,0.6999533784955659,-0.159877860123583
-0.2320192799999999,-0.2078677999999999,0.5447605600000001,0.06315344935763775,-0.6933976385698578,0.6997329303920017,-0.1599536895010535
-0.23189562,-0.2077037,0.54477574,0.06342111328039501,-0.6935782083282285,0.6995124232846074,-0.16002937540644196
-0.2317719599999999,-0.2075395999999999,0.54479092,0.06368881933796519,-0.693758638112493,0.6992918572562742,-0.16010491782173936
-0.2316483,-0.2073755,0.5448061,0.06395656744678863,-0.693938927902084,0.6990712323898993,-0.16018031672898575
-0.2315246399999999,-0.2072113999999999,0.54482128,0.0642243575232995,-0.6941190776764837,0.6988505487683877,-0.1602555721102712
-0.23140098,-0.2070472999999999,0.54483646,0.06449218948392488,-0.6942990874152235,0.6986298064746514,-0.16033068394773442
-0.2312773199999999,-0.2068831999999999,0.54485164,0.06476006324508532,-0.694478957097884,0.6984090055916096,-0.16040565222356365
-0.23115366,-0.2067190999999999,0.54486682,0.06502797872319444,-0.6946586867040951,0.6981881462021882,-0.16048047691999648
-0.2310299999999999,-0.2065549999999999,0.544882,0.06529593583466006,-0.6948382762135359,0.69796722838932,-0.16055515801932005
-0.23091432,-0.2064064999999999,0.5449132,0.06548648594514694,-0.6950321040448332,0.6977550720865607,-0.16056074826384753
-0.23079864,-0.2062579999999999,0.5449444,0.06567704234864023,-0.6952258380528293,0.697542861082775,-0.16056623918038487
-0.23068296,-0.2061094999999999,0.5449756,0.06586760499693983,-0.6954194782223629,0.6973305954236602,-0.16057163076641934
-0.2305672799999999,-0.2059609999999999,0.5450068,0.06605817384184554,-0.6956130245382962,0.6971182751549169,-0.16057692301946122
-0.2304516,-0.2058124999999999,0.545038,0.06624874883515636,-0.6958064769855131,0.6969059003222505,-0.16058211593704486
-0.23033592,-0.2056639999999999,0.5450692,0.06643932992867113,-0.6959998355489212,0.6966934709713695,-0.16058720951672772
-0.23022024,-0.2055155,0.5451004,0.06662991707418717,-0.69619310021345,0.6964809871479869,-0.16059220375609062
-0.2301045599999999,-0.2053669999999999,0.5451316,0.06682051022350227,-0.6963862709640524,0.6962684488978192,-0.16059709865273786
-0.22998888,-0.2052185,0.5451628000000001,0.06701110932841275,-0.6965793477857027,0.6960558562665874,-0.16060189420429707
-0.2298732,-0.2050699999999999,0.5451940000000001,0.06720171434071502,-0.6967723306633996,0.6958432093000154,-0.16060659040841946
-0.22975752,-0.2049215,0.5452252000000001,0.0673923252122046,-0.6969652195821628,0.6956305080438324,-0.16061118726277984
-0.2296418399999999,-0.2047729999999999,0.5452564000000001,0.06758294189467648,-0.6971580145270361,0.6954177525437696,-0.16061568476507576
-0.22952616,-0.2046245,0.5452876,0.06777356433992537,-0.6973507154830846,0.695204942845564,-0.16062008291302898
-0.22941048,-0.204476,0.5453188,0.06796419249974506,-0.6975433224353971,0.6949920789949549,-0.16062438170438398
-0.2292948,-0.2043275,0.54535,0.06815482632592902,-0.6977358353690847,0.6947791610376864,-0.16062858113690925
-0.22917912,-0.204179,0.5453812,0.06834546577027065,-0.6979282542692812,0.6945661890195056,-0.16063268120839644
-0.22906492,-0.20403484,0.54541494,0.06851794548317611,-0.6981166877477489,0.6943612089195671,-0.16062656375155873
-0.22895368,-0.20389936,0.54545376,0.06865408943138553,-0.6982972649973713,0.6941722713224915,-0.1606001352070151
-0.22884244,-0.20376388,0.54549258,0.06879022284524555,-0.6984777790427653,0.693983286692834,-0.16057364421161682
-0.2287312,-0.2036284,0.5455314,0.06892634569919856,-0.6986582298718172,0.6937942550543309,-0.16054709076946735
-0.22861996,-0.20349292,0.54557022,0.06906245796768895,-0.6988386174724219,0.6936051764307213,-0.16052047488468082
-0.22850872,-0.20335744,0.54560904,0.06919855962516214,-0.6990189418324834,0.6934160508457471,-0.16049379656138107
-0.22839748,-0.20322196,0.54564786,0.06933465064606537,-0.6991992029399163,0.6932268783231542,-0.16046705580370219
-0.22828624,-0.20308648,0.54568668,0.06947073100484738,-0.6993794007826433,0.6930376588866906,-0.1604402526157885
-0.228175,-0.202951,0.5457255000000001,0.06960680067595837,-0.699559535348597,0.6928483925601077,-0.16041338700179436
-0.22806376,-0.20281552,0.54576432,0.0697428596338506,-0.6997396066257194,0.6926590793671595,-0.16038645896588466
-0.22795252,-0.20268004,0.5458031400000001,0.06987890785297737,-0.6999196146019617,0.6924697193316037,-0.16035946851223412
-0.22784128,-0.20254456,0.5458419600000001,0.07001494530779384,-0.7000995592652848,0.692280312477201,-0.16033241564502773
-0.22773004,-0.20240908,0.5458807800000001,0.07015097197275666,-0.7002794406036581,0.692090858827714,-0.1603053003684606
-0.2276188,-0.2022736,0.5459196000000001,0.070286987822324,-0.7004592586050615,0.6919013584069095,-0.1602781226867379
-0.22750756,-0.20213812,0.54595842,0.07042299283095607,-0.700639013257484,0.6917118112385571,-0.1602508826040755
-0.22739632,-0.20200264,0.54599724,0.07055898697311422,-0.7008187045489231,0.6915222173464287,-0.1602235801246988
-0.22728508,-0.20186716,0.54603606,0.07069497022326152,-0.7009983324673865,0.6913325767542998,-0.16019621525284367
-0.2271694,-0.20173428,0.54606892,0.07080649220148255,-0.7011614219257901,0.6911600532110672,-0.1601776573383455
-0.2270515,-0.2016027,0.5460988,0.07090578442890505,-0.7013162267822723,0.6909960748782862,-0.16016349237326188
-0.2269336,-0.20147112,0.54612868,0.07100507334256659,-0.7014709878327251,0.6908320619074702,-0.16014928981819085
-0.2268157,-0.2013395399999999,0.54615856,0.07110435892985639,-0.7016257050694557,0.6906680143114038,-0.1601350496740362
-0.2266978,-0.20120796,0.54618844,0.07120364117816388,-0.7017803784847747,0.6905039321028736,-0.1601207719417058
-0.2265799,-0.20107638,0.54621832,0.07130292007487897,-0.7019350080709976,0.6903398152946676,-0.1601064566221116
-0.226462,-0.2009448,0.5462482,0.07140219560739156,-0.7020895938204431,0.6901756638995756,-0.1600921037161696
-0.2263441,-0.20081322,0.54627808,0.07150146776309219,-0.7022441357254341,0.6900114779303895,-0.16007771322480008
-0.2262262,-0.20068164,0.54630796,0.0716007365293711,-0.7023986337782973,0.6898472573999018,-0.1600632851489268
-0.2261083,-0.20055006,0.54633784,0.07170000189361941,-0.7025530879713634,0.6896830023209077,-0.16004881948947808
-0.2259904,-0.20041848,0.54636772,0.07179926384322821,-0.7027074982969669,0.6895187127062038,-0.16003431624738623
-0.2258725,-0.2002869,0.5463976,0.071898522365589,-0.7028618647474465,0.689354388568588,-0.16001977542358753
-0.2257546,-0.20015532,0.54642748,0.07199777744809349,-0.7030161873151446,0.6891900299208603,-0.16000519701902233
-0.2256367,-0.2000237399999999,0.54645736,0.07209702907813376,-0.7031704659924074,0.6890256367758221,-0.1599905810346351
-0.2255188,-0.19989216,0.54648724,0.07219627724310207,-0.7033247007715854,0.6888612091462769,-0.1599759274713743
-0.2254009,-0.19976058,0.54651712,0.07229552193039096,-0.7034788916450325,0.6886967470450294,-0.1599612363301925
-0.225283,-0.199629,0.546547,0.07239476312739347,-0.7036330386051073,0.688532250484886,-0.15994650761204626
-0.22515556,-0.1994966999999999,0.54656392,0.07243848332155546,-0.7037693819486603,0.6883871256537754,-0.1599515189043435
-0.22502812,-0.1993644,0.54658084,0.07248220838746464,-0.7039056951926244,0.688241973275188,-0.15995651898231514
-0.22490068,-0.1992321,0.54659776,0.07252593832235604,-0.7040419783313242,0.6880967933554013,-0.1599615078442031
-0.22477324,-0.1990998,0.54661468,0.07256967312346399,-0.7041782313590865,0.6879515859006939,-0.15996648548824968
-0.2246457999999999,-0.1989675,0.5466316,0.07261341278802286,-0.7043144542702391,0.6878063509173455,-0.15997145191269846
-0.22451836,-0.1988352,0.54664852,0.07265715731326591,-0.704450647059111,0.687661088411637,-0.15997640711579306
-0.22439092,-0.1987029,0.5466654400000001,0.0727009066964262,-0.7045868097200325,0.6875157983898506,-0.15998135109577805
-0.22426348,-0.1985705999999999,0.54668236,0.07274466093473622,-0.7047229422473354,0.6873704808582697,-0.15998628385089864
-0.2241360399999999,-0.1984382999999999,0.54669928,0.07278842002542785,-0.7048590446353528,0.6872251358231786,-0.15999120537940065
-0.2240086,-0.1983059999999999,0.5467162,0.07283218396573242,-0.7049951168784189,0.6870797632908632,-0.15999611567953045
-0.2238811599999999,-0.1981736999999999,0.54673312,0.07287595275288118,-0.7051311589708698,0.6869343632676101,-0.1600010147495355
-0.22375372,-0.1980413999999999,0.54675004,0.07291972638410435,-0.7052671709070418,0.6867889357597079,-0.16000590258766353
-0.2236262799999999,-0.1979090999999999,0.54676696,0.07296350485663186,-0.7054031526812737,0.6866434807734454,-0.160010779192163
-0.22349884,-0.1977767999999999,0.54678388,0.07300728816769317,-0.7055391042879051,0.6864979983151133,-0.16001564456128317
-0.2233713999999999,-0.1976444999999999,0.5468008,0.0730510763145171,-0.7056750257212769,0.6863524883910028,-0.16002049869327378
-0.22324396,-0.1975121999999999,0.5468177200000001,0.0730948692943319,-0.7058109169757313,0.6862069510074074,-0.1600253415863853
-0.2231180799999999,-0.1973836199999999,0.54683372,0.07312174699135066,-0.7059545741585744,0.6860597784983531,-0.1600104048751507
-0.22299532,-0.19726248,0.5468478800000001,0.07311477198617072,-0.7061137904638649,0.6859093554752508,-0.15995593488735965
-0.2228725599999999,-0.1971413399999999,0.54686204,0.0731077758559512,-0.7062729722000234,0.6857588934293426,-0.15990147570208496
-0.2227498,-0.1970201999999999,0.5468762,0.07310075860526133,-0.7064321193570552,0.6856083923691363,-0.15984702732626316
-0.2226270399999999,-0.1968990599999999,0.54689036,0.07309372023867258,-0.7065912319249684,0.6854578523031419,-0.15979258976682922
-0.22250428,-0.19677792,0.54690452,0.07308666076075854,-0.7067503098937732,0.6853072732398727,-0.15973816303071664
-0.2223815199999999,-0.1966567799999999,0.54691868,0.07307958017609444,-0.7069093532534821,0.6851566551878441,-0.1596837471248568
-0.22225876,-0.1965356399999999,0.54693284,0.07307247848925841,-0.7070683619941096,0.6850059981555742,-0.15962934205618046
-0.222136,-0.1964145,0.5469470000000001,0.07306535570483025,-0.7072273361056727,0.6848553021515843,-0.15957494783161613
-0.22201324,-0.19629336,0.5469611600000001,0.0730582118273921,-0.70738627557819,0.6847045671843973,-0.15952056445809115
-0.22189048,-0.1961722199999999,0.54697532,0.07305104686152769,-0.707545180401683,0.6845537932625403,-0.15946619194253084
-0.22176772,-0.19605108,0.54698948,0.07304386081182349,-0.7077040505661755,0.6844029803945412,-0.1594118302918593
-0.22164496,-0.19592994,0.54700364,0.07303665368286774,-0.7078628860616925,0.6842521285889319,-0.159357479512999
-0.2215222,-0.1958088,0.5470178,0.07302942547925101,-0.7080216868782625,0.6841012378542464,-0.1593031396128709
-0.22139944,-0.1956876599999999,0.54703196,0.07302217620556584,-0.7081804530059155,0.6839503081990214,-0.1592488105983943
-0.22127668,-0.19556652,0.54704612,0.07301490586640694,-0.7083391844346837,0.6837993396317963,-0.15919449247648693
-0.22115392,-0.19544538,0.5470602800000001,0.07300761446637108,-0.7084978811546014,0.6836483321611132,-0.1591401852540651
-0.22103624,-0.19533248,0.54706672,0.0730148627371662,-0.7086675801955674,0.6835006757971235,-0.15901546083355245
-0.2209211,-0.1952237,0.5470693,0.07302932436585303,-0.7088427672700941,0.6833546462511441,-0.15885552089403776
-0.22080596,-0.19511492,0.5470718800000001,0.07304370979620287,-0.7090179246757798,0.6832085426680822,-0.15869557704300935
-0.22069082,-0.19500614,0.54707446,0.07305801902554311,-0.709193052379049,0.6830623650525047,-0.1585356293147685
-0.22057568,-0.19489736,0.54707704,0.07307225205121609,-0.7093681503463259,0.6829161134089936,-0.15837567774361816
-0.2204605399999999,-0.19478858,0.54707962,0.07308640887058036,-0.7095432185440346,0.6827697877421466,-0.15821572236386305
-0.2203454,-0.1946798,0.5470822000000001,0.07310048948100967,-0.7097182569385986,0.6826233880565759,-0.15805576320981007
-0.2202302599999999,-0.1945710199999999,0.54708478,0.07311449387989304,-0.7098932654964416,0.6824769143569099,-0.15789580031576705
-0.22011512,-0.19446224,0.54708736,0.07312842206463521,-0.7100682441839873,0.6823303666477921,-0.15773583371604435
-0.2199999799999999,-0.1943534599999999,0.54708994,0.07314227403265675,-0.7102431929676585,0.682183744933881,-0.15757586344495375
-0.21988484,-0.19424468,0.5470925200000001,0.07315604978139292,-0.7104181118138786,0.6820370492198508,-0.15741588953680863
-0.2197696999999999,-0.1941358999999999,0.5470951000000001,0.07316974930829526,-0.7105930006890706,0.6818902795103905,-0.15725591202592418
-0.21965456,-0.19402712,0.54709768,0.07318337261083052,-0.710767859559657,0.6817434358102051,-0.15709593094661772
-0.2195394199999999,-0.1939183399999999,0.54710026,0.07319691968648073,-0.7109426883920611,0.6815965181240147,-0.15693594633320748
-0.21942428,-0.19380956,0.5471028400000001,0.07321039053274372,-0.7111174871527047,0.6814495264565545,-0.15677595822001408
-0.2193091399999999,-0.1937007799999999,0.5471054200000001,0.07322378514713304,-0.7112922558080107,0.6813024608125752,-0.15661596664135963
-0.219194,-0.193592,0.547108,0.07323710352717694,-0.7114669943244011,0.6811553211968429,-0.15645597163156766
-0.2190782,-0.19349342,0.54708172,0.07330243486471137,-0.7116265949627711,0.6810191264968671,-0.1562923278028735
-0.2189623999999999,-0.1933948399999999,0.5470554400000001,0.0733676921827606,-0.7117861694501977,0.6808828635701335,-0.15612865470414222
-0.2188465999999999,-0.1932962599999999,0.54702916,0.07343287546944141,-0.7119457177558736,0.6807465324202776,-0.15596495236793212
-0.2187308,-0.1931976799999999,0.5470028800000001,0.07349798471288535,-0.7121052398489919,0.6806101330509493,-0.15580122082680603
-0.218615,-0.1930991,0.5469766,0.07356301990123777,-0.7122647356987454,0.680473665465812,-0.1556374601133312
-0.2184991999999999,-0.1930005199999999,0.54695032,0.07362798102265922,-0.7124242052743258,0.6803371296685433,-0.15547367026008
-0.2183833999999999,-0.19290194,0.5469240400000001,0.07369286806532385,-0.7125836485449252,0.6802005256628346,-0.15530985129962904
-0.2182676,-0.19280336,0.54689776,0.07375768101742101,-0.7127430654797348,0.6800638534523915,-0.15514600326456007
-0.2181518,-0.19270478,0.54687148,0.07382241986715396,-0.7129024560479464,0.6799271130409331,-0.154982126187459
-0.2180359999999999,-0.1926061999999999,0.5468452,0.07388708460274096,-0.7130618202187508,0.6797903044321929,-0.1548182201009169
-0.2179201999999999,-0.19250762,0.54681892,0.07395167521241391,-0.7132211579613381,0.6796534276299182,-0.15465428503752904
-0.2178044,-0.19240904,0.54679264,0.07401619168442009,-0.7133804692448991,0.6795164826378699,-0.1544903210298958
-0.2176886,-0.19231046,0.54676636,0.07408063400702039,-0.7135397540386235,0.6793794694598234,-0.15432632811062172
-0.2175727999999999,-0.1922118799999999,0.54674008,0.07414500216849085,-0.7136990123117014,0.6792423880995678,-0.15416230631231628
-0.2174569999999999,-0.1921133,0.5467138,0.07420929615712171,-0.7138582440333219,0.6791052385609062,-0.15399825566759376
-0.2173412,-0.19201472,0.54668752,0.07427351596121731,-0.7140174491726744,0.6789680208476553,-0.15383417620907244
-0.21722242,-0.191918,0.54665244,0.07434150308227744,-0.7141696516083423,0.6788310590983093,-0.15369919597888082
-0.2170976799999999,-0.1918249999999999,0.54659976,0.07441712899052087,-0.7143078738892181,0.6786947006477348,-0.15362244473173398
-0.2169729399999999,-0.1917319999999999,0.54654708,0.07449272563506838,-0.714446067517816,0.6785583088307116,-0.15354566731950267
-0.2168482,-0.191639,0.5464944,0.07456829300785,-0.7145842324851321,0.6784218836537598,-0.15346886375162427
-0.21672346,-0.191546,0.54644172,0.07464383110079793,-0.7147223687821637,0.6782854251234027,-0.15339203403753798
-0.2165987199999999,-0.1914529999999999,0.54638904,0.07471933990584775,-0.7148604763999097,0.6781489332461664,-0.15331517818668572
-0.2164739799999999,-0.19136,0.54633636,0.07479481941493779,-0.7149985553293704,0.6780124080285791,-0.15323829620851193
-0.21634924,-0.191267,0.54628368,0.07487026962000895,-0.7151366055615482,0.6778758494771719,-0.15316138811246288
-0.2162245,-0.191174,0.546231,0.07494569051300534,-0.7152746270874463,0.6777392575984782,-0.15308445390798764
-0.2160997599999999,-0.1910809999999999,0.54617832,0.07502108208587417,-0.7154126198980704,0.6776026323990343,-0.15300749360453755
-0.2159750199999999,-0.190988,0.54612564,0.07509644433056484,-0.715550583984427,0.6774659738853789,-0.15293050721156612
-0.2158502799999999,-0.190895,0.54607296,0.07517177723903024,-0.7156885193375245,0.6773292820640531,-0.15285349473852952
-0.21572554,-0.190802,0.54602028,0.0752470808032261,-0.7158264259483729,0.6771925569416007,-0.15277645619488622
-0.2156007999999999,-0.190709,0.5459676,0.0753223550151107,-0.7159643038079838,0.6770557985245684,-0.15269939159009663
-0.2154760599999999,-0.1906159999999999,0.5459149200000001,0.07539759986664542,-0.7161021529073701,0.6769190068195051,-0.1526223009336241
-0.2153513199999999,-0.190523,0.54586224,0.07547281534979473,-0.7162399732375466,0.6767821818329619,-0.1525451842349342
-0.2152265799999999,-0.19043,0.54580956,0.0755480014565255,-0.7163777647895294,0.6766453235714935,-0.15246804150349452
-0.2150959599999999,-0.1903459199999999,0.54575684,0.07559211625531219,-0.7165200174581264,0.6764971248718288,-0.15243535213984594
-0.2149623999999999,-0.1902663,0.5457041,0.07562070433830675,-0.7166644827265609,0.676343241292206,-0.15242489374115398
-0.2148288399999999,-0.19018668,0.54565136,0.07564929139320636,-0.7168089149248775,0.6761893268179406,-0.15241443006954944
-0.21469528,-0.19010706,0.54559862,0.07567787741905957,-0.7169533140464599,0.6760353814561443,-0.15240396112499588
-0.2145617199999999,-0.1900274399999999,0.54554588,0.075706462414915,-0.7170976800846935,0.6758814052139299,-0.15239348690745702
-0.2144281599999999,-0.18994782,0.54549314,0.07573504637982123,-0.7172420130329648,0.6757273980984113,-0.1523830074168968
-0.2142945999999999,-0.1898682,0.5454404,0.07576362931282668,-0.7173863128846617,0.6755733601167048,-0.15237252265327939
-0.21416104,-0.1897885799999999,0.54538766,0.07579221121297991,-0.7175305796331746,0.6754192912759267,-0.152362032616569
-0.2140274799999999,-0.1897089599999999,0.54533492,0.07582079207932912,-0.7176748132718944,0.6752651915831962,-0.15235153730673
-0.2138939199999999,-0.1896293399999999,0.54528218,0.07584937191092292,-0.7178190137942143,0.6751110610456329,-0.15234103672372729
-0.2137603599999999,-0.1895497199999999,0.54522944,0.0758779507068094,-0.7179631811935281,0.6749568996703582,-0.15233053086752546
-0.2136267999999999,-0.1894701,0.5451767,0.0759065284660368,-0.7181073154632321,0.6748027074644949,-0.1523200197380895
-0.2134932399999999,-0.1893904799999999,0.54512396,0.07593510518765326,-0.7182514165967238,0.6746484844351671,-0.1523095033353846
-0.2133596799999999,-0.1893108599999999,0.54507122,0.07596368087070676,-0.7183954845874021,0.6744942305895005,-0.1522989816593759
-0.21322612,-0.1892312399999999,0.54501848,0.0759922555142453,-0.7185395194286675,0.6743399459346221,-0.15228845471002878
-0.21309256,-0.18915162,0.54496574,0.07602082911731704,-0.7186835211139215,0.6741856304776601,-0.15227792248730918
-0.212959,-0.189072,0.544913,0.07604940167896973,-0.7188274896365685,0.6740312842257447,-0.15226738499118264
-0.2128206399999999,-0.1890113999999999,0.54485858,0.07604099594239025,-0.7189922693429963,0.6738475076522262,-0.1523069925905584
-0.2126822799999999,-0.1889507999999999,0.54480416,0.07603261302443266,-0.7191569991843265,0.6736636862427388,-0.15234661177300995
-0.21254392,-0.1888901999999999,0.54474974,0.0760242529300734,-0.7193216791474444,0.6734798200114321,-0.15238624252961405
-0.21240556,-0.1888296,0.54469532,0.07601591566428584,-0.7194863092192392,0.6732959089724602,-0.15242588485144573
-0.2122671999999999,-0.1887689999999999,0.5446409,0.07600760123204023,-0.7196508893866043,0.6731119531399811,-0.15246553872957838
-0.2121288399999999,-0.1887083999999999,0.54458648,0.07599930963830356,-0.7198154196364371,0.672927952528157,-0.15250520415508367
-0.2119904799999999,-0.1886477999999999,0.54453206,0.07599104088803993,-0.7199798999556394,0.672743907151154,-0.15254488111903142
-0.21185212,-0.1885871999999999,0.54447764,0.07598279498620995,-0.7201443303311171,0.6725598170231417,-0.15258456961248956
-0.2117137599999999,-0.1885266,0.54442322,0.07597457193777177,-0.7203087107497801,0.6723756821582946,-0.15262426962652487
-0.2115753999999999,-0.188466,0.5443688,0.07596637174767973,-0.7204730411985422,0.6721915025707906,-0.1526639811522019
-0.21143704,-0.1884054,0.54431438,0.07595819442088544,-0.720637321664322,0.6720072782748117,-0.15270370418058357
-0.21129868,-0.1883448,0.54425996,0.07595003996233718,-0.7208015521340421,0.671823009284544,-0.1527434387027311
-0.2111603199999999,-0.1882841999999999,0.54420554,0.07594190837698028,-0.7209657325946286,0.6716386956141772,-0.152783184709704
-0.2110219599999999,-0.1882236,0.54415112,0.07593379966975683,-0.7211298630330125,0.6714543372779056,-0.15282294219256004
-0.2108835999999999,-0.188163,0.5440967,0.07592571384560584,-0.7212939434361287,0.671269934289927,-0.15286271114235528
-0.21074524,-0.1881024,0.54404228,0.07591765090946315,-0.7214579737909158,0.6710854866644437,-0.1529024915501441
-0.2106083599999999,-0.18804912,0.5439871599999999,0.07590562449043667,-0.7216321701377415,0.6708901207754923,-0.15294375776361796
-0.2104744399999999,-0.18801048,0.54393064,0.07588565307230666,-0.7218267344690428,0.6706729513157891,-0.1529879911526289
-0.2103405199999999,-0.18797184,0.54387412,0.07586571184365319,-0.722021227634608,0.6704557197473613,-0.15303224650222289
-0.2102066,-0.1879332,0.5438176,0.07584580081539662,-0.722215649613235,0.6702384260948904,-0.15307652379855094
-0.2100726799999999,-0.18789456,0.54376108,0.07582591999845177,-0.7224100003837305,0.6700210703830654,-0.15312082302775992
-0.2099387599999999,-0.18785592,0.54370456,0.07580606940372733,-0.7226042799249088,0.6698036526365836,-0.15316514417599142
-0.20980484,-0.18781728,0.54364804,0.07578624904212677,-0.7227984882155947,0.6695861728801493,-0.15320948722938296
-0.20967092,-0.18777864,0.54359152,0.07576645892454784,-0.7229926252346205,0.6693686311384747,-0.15325385217406737
-0.2095369999999999,-0.18774,0.543535,0.0757466990618825,-0.7231866909608288,0.6691510274362789,-0.15329823899617293
-0.20940308,-0.18770136,0.54347848,0.07572696946501722,-0.7233806853730692,0.6689333617982894,-0.15334264768182346
-0.20926916,-0.18766272,0.54342196,0.07570727014483244,-0.7235746084502018,0.6687156342492406,-0.15338707821713765
-0.20913524,-0.18762408,0.54336544,0.07568760111220334,-0.7237684601710951,0.6684978448138743,-0.1534315305882303
-0.20900132,-0.18758544,0.54330892,0.07566796237799919,-0.723962240514626,0.6682799935169405,-0.1534760047812114
-0.2088674,-0.1875468,0.5432524,0.07564835395308389,-0.7241559494596809,0.6680620803831961,-0.15352050078218635
-0.20873348,-0.18750816,0.54319588,0.07562877584831512,-0.7243495869851544,0.6678441054374056,-0.15356501857725569
-0.20859956,-0.18746952,0.54313936,0.07560922807454534,-0.724543153069951,0.6676260687043412,-0.15360955815251592
-0.2084656399999999,-0.18743088,0.54308284,0.0755897106426211,-0.724736647692983,0.6674079702087826,-0.15365411949405883
-0.20833904,-0.18739912,0.54302544,0.07553474572207836,-0.7249145956485665,0.6671983827470896,-0.15375190816391204
-0.2082161,-0.1873708,0.5429676,0.0754620984790397,-0.7250847306906647,0.666993012510296,-0.15387633435595652
-0.20809316,-0.18734248,0.54290976,0.0753895130956293,-0.7252547896183275,0.6667875716529565,-0.15400079785518198
-0.2079702199999999,-0.18731416,0.54285192,0.07531698958684427,-0.7254247724006779,0.6665820602056619,-0.1541252986338552
-0.20784728,-0.18728584,0.54279408,0.07524452796766937,-0.7255946790068504,0.6663764781990169,-0.15424983666423708
-0.20772434,-0.18725752,0.54273624,0.07517212825307705,-0.7257645094059921,0.6661708256636388,-0.15437441191858292
-0.2076014,-0.1872292,0.5426784,0.07509979045802746,-0.7259342635672632,0.6659651026301595,-0.15449902436914204
-0.2074784599999999,-0.18720088,0.54262056,0.07502751459746848,-0.726103941459836,0.665759309129224,-0.15462367398815832
-0.20735552,-0.18717256,0.54256272,0.07495530068633569,-0.7262735430528954,0.6655534451914904,-0.15474836074786957
-0.20723258,-0.18714424,0.54250488,0.07488314873955229,-0.7264430683156391,0.6653475108476313,-0.15487308462050806
-0.20710964,-0.18711592,0.54244704,0.07481105877202918,-0.7266125172172772,0.6651415061283317,-0.15499784557830026
-0.2069867,-0.1870876,0.5423892,0.0747390307986647,-0.7267818897270322,0.664935431064291,-0.15512264359346686
-0.20686376,-0.18705928,0.54233136,0.0746670648343456,-0.7269511858141394,0.6647292856862219,-0.15524747863822305
-0.20674082,-0.18703096,0.5422735200000001,0.07459516089394552,-0.7271204054478467,0.6645230700248499,-0.1553723506847781
-0.20661788,-0.18700264,0.5422156800000001,0.07452331899232612,-0.7272895485974146,0.6643167841109151,-0.15549725970533554
-0.20649494,-0.18697432,0.54215784,0.07445153914433661,-0.727458615232116,0.6641104279751705,-0.1556222056720933
-0.206372,-0.186946,0.5421,0.07437982136481405,-0.7276276053212366,0.6639040016483827,-0.15574718855724357
-0.20625536,-0.18691414,0.5420349,0.07425487185820674,-0.7277319974047133,0.6637485009564301,-0.15598167019480091
-0.20613872,-0.18688228,0.5419698000000001,0.07412998418767855,-0.7278363234527055,0.6635929022398689,-0.15621617011068684
-0.20602208,-0.18685042,0.5419047,0.07400515835975598,-0.7279405834285051,0.6634372055256704,-0.15645068826376096
-0.20590544,-0.18681856,0.5418396,0.07388039438094736,-0.7280447772954137,0.6632814108408269,-0.1566852246128817
-0.2057888,-0.1867867,0.5417745,0.0737556922577433,-0.7281489050167445,0.6631255182123503,-0.15691977911690724
-0.20567216,-0.18675484,0.5417094,0.07363105199661654,-0.728252966555821,0.662969527667272,-0.15715435173469514
-0.20555552,-0.1867229799999999,0.5416443,0.0735064736040218,-0.7283569618759773,0.6628134392326436,-0.1573889424251025
-0.20543888,-0.18669112,0.5415792,0.07338195708639661,-0.7284608909405587,0.6626572529355363,-0.15762355114698604
-0.20532224,-0.18665926,0.5415141,0.07325750245016019,-0.7285647537129208,0.6625009688030413,-0.15785817785920153
-0.2052056,-0.1866274,0.5414490000000001,0.07313310970171387,-0.7286685501564304,0.6623445868622702,-0.1580928225206046
-0.20508896,-0.18659554,0.5413839,0.07300877884744139,-0.7287722802344649,0.6621881071403533,-0.1583274850900504
-0.2049723199999999,-0.18656368,0.5413188,0.0728845098937085,-0.7288759439104119,0.6620315296644417,-0.15856216552639302
-0.20485568,-0.18653182,0.5412537000000001,0.07276030284686355,-0.728979541147671,0.6618748544617059,-0.15879686378848695
-0.20473904,-0.18649996,0.5411886,0.07263615771323648,-0.7290830719096515,0.6617180815593364,-0.15903157983518562
-0.2046223999999999,-0.1864681,0.5411235,0.07251207449913971,-0.7291865361597741,0.6615612109845436,-0.15926631362534216
-0.2045057599999999,-0.18643624,0.5410584,0.07238805321086775,-0.72928993386147,0.6614042427645573,-0.15950106511780904
-0.20438936,-0.18640516,0.54099118,0.07226094846961624,-0.7293878794588574,0.6612532698289206,-0.15973662624878318
-0.20427344,-0.18637564,0.54091972,0.07212760690666017,-0.7294749907265726,0.6611143881197885,-0.1599737855005718
-0.2041575199999999,-0.18634612,0.54084826,0.07199431530338102,-0.7295620403374596,0.6609754133631336,-0.16021095715360714
-0.2040416,-0.1863166,0.5407768000000001,0.07186107366591485,-0.7296490282620358,0.6608363455823689,-0.16044814117087336
-0.20392568,-0.18628708,0.54070534,0.0717278820003832,-0.7297359544708271,0.6606971848009243,-0.16068533751535446
-0.20380976,-0.18625756,0.54063388,0.0715947403128939,-0.7298228189343676,0.660557931042246,-0.1609225461500342
-0.20369384,-0.1862280399999999,0.54056242,0.07146164860954093,-0.7299096216232014,0.6604185843297966,-0.16115976703789633
-0.20357792,-0.18619852,0.54049096,0.07132860689640406,-0.7299963625078799,0.660279144687056,-0.16139700014192365
-0.203462,-0.186169,0.5404195,0.0711956151795494,-0.7300830415589651,0.6601396121375196,-0.16163424542509955
-0.20334608,-0.18613948,0.54034804,0.07106267346502909,-0.7301696587470263,0.6599999867047003,-0.1618715028504069
-0.2032301599999999,-0.18610996,0.54027658,0.0709297817588812,-0.7302562140426427,0.659860268412127,-0.1621087723808287
-0.20311424,-0.1860804399999999,0.54020512,0.07079694006713036,-0.7303427074164014,0.6597204572833456,-0.16234605397934743
-0.20299832,-0.18605092,0.54013366,0.07066414839578652,-0.7304291388388993,0.6595805533419183,-0.16258334760894533
-0.2028824,-0.1860214,0.5400621999999999,0.07053140675084626,-0.7305155082807416,0.6594405566114238,-0.1628206532326048
-0.2027664799999999,-0.18599188,0.5399907399999999,0.07039871513829213,-0.7306018157125423,0.6593004671154572,-0.16305797081330828
-0.2026505599999999,-0.18596236,0.53991928,0.07026607356409245,-0.7306880611049248,0.659160284877631,-0.16329530031403705
-0.20253464,-0.18593284,0.53984782,0.07013348203420244,-0.7307742444285207,0.6590200099215732,-0.16353264169777373
-0.20241908,-0.18591444,0.5397765999999999,0.07002793907938967,-0.7308884602013401,0.6588666299384904,-0.16368540083435593
-0.2023036999999999,-0.1859016,0.5397055,0.06993593672158062,-0.7310166652233142,0.6587066915178973,-0.16379589271470116
-0.2021883199999999,-0.18588876,0.5396344,0.06984397396540543,-0.7311448130242997,0.6585467089267094,-0.16390641796519614
-0.20207294,-0.18587592,0.5395633,0.06975205082290126,-0.7312729035887872,0.6583866821853401,-0.1640169765719503
-0.20195756,-0.18586308,0.5394922,0.06966016730609992,-0.7314009369012752,0.6582266113142077,-0.164127568521068
-0.2018421799999999,-0.18585024,0.5394211,0.06956832342702847,-0.7315289129462694,0.6580664963337362,-0.16423819379864943
-0.2017267999999999,-0.1858374,0.53935,0.06947651919770939,-0.7316568317082826,0.6579063372643544,-0.16434885239079047
-0.2016114199999999,-0.18582456,0.5392789,0.0693847546301602,-0.7317846931718346,0.6577461341264975,-0.16445954428358303
-0.20149604,-0.18581172,0.5392078,0.06929302973639304,-0.7319124973214535,0.6575858869406056,-0.16457026946311398
-0.2013806599999999,-0.18579888,0.5391366999999999,0.06920134452841592,-0.7320402441416733,0.6574255957271241,-0.16468102791546657
-0.20126528,-0.18578604,0.5390655999999999,0.0691096990182313,-0.7321679336170365,0.6572652605065046,-0.16479181962671902
-0.2011499,-0.1857732,0.5389944999999999,0.06901809321783735,-0.7322955657320919,0.657104881299203,-0.16490264458294596
-0.20103452,-0.18576036,0.5389233999999999,0.06892652713922674,-0.7324231404713967,0.6569444581256819,-0.16501350277021698
-0.2009191399999999,-0.18574752,0.5388523,0.06883500079438795,-0.7325506578195146,0.6567839910064078,-0.165124394174598
-0.2008037599999999,-0.18573468,0.5387812,0.06874351419530392,-0.7326781177610167,0.6566234799618542,-0.16523531878214998
-0.20068838,-0.18572184,0.5387101,0.06865206735395324,-0.7328055202804813,0.6564629250124986,-0.1653462765789302
-0.200573,-0.185709,0.538639,0.06856066028230907,-0.7329328653624947,0.6563023261788249,-0.16545726755099097
-0.2004669199999999,-0.18569838,0.53857174,0.06841961830873808,-0.7330248930214439,0.6561789933400283,-0.1655970734664549
-0.2003608399999999,-0.18568776,0.53850448,0.06827860721712448,-0.7331168607751093,0.6560556205983797,-0.16573690875907315
-0.2002547599999999,-0.18567714,0.5384372199999999,0.06813762702079826,-0.7332087686111901,0.6559322079729145,-0.16587677341754078
-0.20014868,-0.18566652,0.53836996,0.06799667773308612,-0.7333006165173915,0.6558087554826717,-0.16601666743054863
-0.2000425999999999,-0.1856559,0.5383027,0.06785575936731102,-0.7333924044814268,0.6556852631466948,-0.1661565907867826
-0.1999365199999999,-0.18564528,0.53823544,0.0677148719367924,-0.7334841324910152,0.6555617309840313,-0.16629654347492406
-0.19983044,-0.18563466,0.53816818,0.06757401545484615,-0.7335758005338832,0.6554381590137326,-0.16643652548364973
-0.19972436,-0.18562404,0.53810092,0.06743318993478463,-0.7336674085977646,0.6553145472548542,-0.16657653680163204
-0.1996182799999999,-0.18561342,0.53803366,0.06729239538991645,-0.7337589566703998,0.6551908957264556,-0.16671657741753837
-0.1995121999999999,-0.1856028,0.5379664,0.06715163183354732,-0.7338504447395362,0.6550672044476011,-0.16685664732003216
-0.19940612,-0.18559218,0.53789914,0.06701089927897874,-0.7339418727929281,0.6549434734373578,-0.16699674649777163
-0.19930004,-0.18558156,0.53783188,0.06687019773950884,-0.7340332408183368,0.654819702714798,-0.16713687493941082
-0.1991939599999999,-0.18557094,0.53776462,0.06672952722843217,-0.7341245488035308,0.6546958922989973,-0.16727703263359905
-0.1990878799999999,-0.18556032,0.53769736,0.06658888775903972,-0.734215796736285,0.6545720422090359,-0.16741721956898092
-0.1989818,-0.1855497,0.5376301,0.06644827934461933,-0.7343069846043822,0.6544481524639975,-0.1675574357341968
-0.19887572,-0.18553908,0.5375628400000001,0.06630770199845464,-0.7343981123956108,0.6543242230829706,-0.1676976811178823
-0.1987735199999999,-0.18552216,0.5374935200000001,0.06612334383510107,-0.7344455174338396,0.6542334770571562,-0.1679167734894526
-0.1986790799999999,-0.18549264,0.5374200800000001,0.06585132029760526,-0.7344055079028947,0.6542090405347152,-0.16829344865323942
-0.1985846399999999,-0.18546312,0.53734664,0.06557921889373075,-0.7343653945944068,0.6541844191506933,-0.16867002997557
-0.1984902,-0.1854336,0.5372732,0.06530703967894463,-0.7343251775553259,0.6541596129006944,-0.1690465173445627
-0.1983957599999999,-0.18540408,0.53719976,0.06503478270875354,-0.7342848568326183,0.6541346217803815,-0.1694229106483646
-0.1983013199999999,-0.18537456,0.53712632,0.0647624480387039,-0.7342444324732637,0.6541094457854764,-0.16979920977515203
-0.1982068799999999,-0.18534504,0.5370528800000001,0.06449003572438092,-0.7342039045242568,0.6540840849117591,-0.17017541461313015
-0.19811244,-0.18531552,0.5369794400000001,0.06421754582140926,-0.734163273032607,0.6540585391550685,-0.17055152505053325
-0.1980179999999999,-0.185286,0.536906,0.06394497838545253,-0.7341225380453377,0.6540328085113023,-0.17092754097562457
-0.1979235599999999,-0.18525648,0.53683256,0.06367233347221453,-0.7340816996094871,0.6540068929764167,-0.17130346227669657
-0.1978291199999999,-0.18522696,0.53675912,0.06339961113743753,-0.7340407577721081,0.6539807925464262,-0.1716792888420708
-0.19773468,-0.18519744,0.53668568,0.06312681143690305,-0.7339997125802679,0.6539545072174043,-0.17205502056009772
-0.19764024,-0.18516792,0.5366122400000001,0.06285393442643228,-0.7339585640810475,0.6539280369854836,-0.1724306573191577
-0.1975457999999999,-0.1851384,0.5365388,0.06258098016188521,-0.733917312321543,0.6539013818468543,-0.17280619900765987
-0.1974513599999999,-0.18510888,0.53646536,0.06230794869916137,-0.7338759573488647,0.6538745417977659,-0.17318164551404236
-0.19735692,-0.18507936,0.53639192,0.062034840094199115,-0.7338344992101373,0.6538475168345268,-0.173556996726773
-0.19726248,-0.18504984,0.53631848,0.06176165440297637,-0.7337929379524997,0.6538203069535038,-0.17393225253434913
-0.1971768399999999,-0.1850080399999999,0.53623456,0.061472094825827134,-0.7336796912466773,0.6538555793428303,-0.17437939549200382
-0.1970955999999999,-0.1849601,0.5361454,0.06117416457700681,-0.7335305479549631,0.6539218771312237,-0.17486233274886145
-0.1970143599999999,-0.18491216,0.5360562400000001,0.060875983163793404,-0.7333812990033566,0.6539878420443552,-0.1753450524085538
-0.19693312,-0.18486422,0.53596708,0.06057755072943734,-0.7332319446249244,0.6540534740557853,-0.17582755416809043
-0.1968518799999999,-0.18481628,0.53587792,0.060278867417431686,-0.7330824850527413,0.6541187731393249,-0.176309837724596
-0.1967706399999999,-0.18476834,0.53578876,0.05997993337151407,-0.7329329205198927,0.6541837392690335,-0.1767919027753101
-0.1966894,-0.1847204,0.5356996,0.05968074873566404,-0.7327832512594716,0.6542483724192196,-0.17727374901758786
-0.19660816,-0.18467246,0.53561044,0.059381313654104595,-0.7326334775045797,0.6543126725644416,-0.1777553761488999
-0.1965269199999999,-0.18462452,0.53552128,0.059081628271301416,-0.7324835994883279,0.6543766396795064,-0.178236783866833
-0.1964456799999999,-0.18457658,0.53543212,0.05878169273196379,-0.7323336174438339,0.6544402737394702,-0.17871797186908928
-0.19636444,-0.18452864,0.53534296,0.058481507181042953,-0.7321835316042244,0.6545035747196386,-0.17919893985348784
-0.1962832,-0.1844807,0.5352538,0.05818107176373326,-0.732033342202633,0.6545665425955659,-0.1796796875179641
-0.1962019599999999,-0.18443276,0.53516464,0.05788038662547135,-0.7318830494722017,0.6546291773430557,-0.18016021456057044
-0.19612072,-0.18438482,0.5350754799999999,0.057579451911937085,-0.7317326536460789,0.6546914789381609,-0.18064052067947572
-0.19603948,-0.18433688,0.53498632,0.057278267769051996,-0.7315821549574206,0.6547534473571829,-0.1811206055729666
-0.19595824,-0.18428894,0.53489716,0.0569768343429803,-0.7314315536393892,0.6548150825766728,-0.18160046893944695
-0.195877,-0.184241,0.534808,0.056675151780128205,-0.7312808499251539,0.6548763845734307,-0.18208011047743872
-0.19580896,-0.18419288,0.53471236,0.05645402202094893,-0.7311393715413123,0.6549630207275169,-0.18240505546535607
-0.19574092,-0.18414476,0.5346167199999999,0.056232739778342505,-0.7309978354571228,0.6550494925626604,-0.1827298711963194
-0.19567288,-0.18409664,0.53452108,0.056011305120444374,-0.7308562417717772,0.6551358000600782,-0.1830545575547882
-0.19560484,-0.18404852,0.5344254399999999,0.05578971811546439,-0.7307145905844731,0.6552219432010574,-0.18337911442526134
-0.1955368,-0.1840003999999999,0.5343298,0.055567978831687334,-0.7305728819944135,0.6553079219669575,-0.1837035416922767
-0.19546876,-0.18395228,0.53423416,0.05534608733747169,-0.7304311161008074,0.6553937363392079,-0.18402783924041166
-0.19540072,-0.18390416,0.53413852,0.05512404370125118,-0.7302892930028693,0.6554793862993096,-0.1843520069542836
-0.19533268,-0.18385604,0.53404288,0.05490184799153318,-0.7301474127998199,0.6555648718288347,-0.18467604471854907
-0.19526464,-0.1838079199999999,0.5339472399999999,0.05467950027689998,-0.7300054755908846,0.6556501929094264,-0.18499995241790373
-0.1951966,-0.1837598,0.5338516,0.05445700062600796,-0.7298634814752953,0.6557353495227989,-0.18532372993708354
-0.19512856,-0.18371168,0.53375596,0.05423434910758784,-0.7297214305522888,0.6558203416507371,-0.18564737716086369
-0.19506052,-0.1836635599999999,0.53366032,0.05401154579044454,-0.7295793229211073,0.6559051692750979,-0.18597089397405947
-0.19499248,-0.18361544,0.53356468,0.05378859074345749,-0.7294371586809985,0.6559898323778081,-0.18629428026152522
-0.19492444,-0.18356732,0.53346904,0.05356548403558052,-0.7292949379312159,0.6560743309408668,-0.1866175359081561
-0.1948564,-0.1835192,0.5333734,0.05334222573584123,-0.7291526607710177,0.6561586649463431,-0.18694066079888638
-0.19478836,-0.1834710799999999,0.5332777599999999,0.05311881591334164,-0.7290103272996676,0.6562428343763779,-0.18726365481869067
-0.19472386,-0.18342658,0.5331815999999999,0.05291852891077997,-0.7288754112673902,0.656329072031441,-0.18754309732448096
-0.19466644,-0.18338932,0.5330844,0.05276469059632888,-0.7287554029818061,0.6564196753402031,-0.18773561163871308
-0.19460902,-0.18335206,0.5329872,0.05261077822070999,-0.7286353634653323,0.6565102109686738,-0.18792806074831353
-0.1945516,-0.1833148,0.53289,0.05245679180922541,-0.7285152927482755,0.6566006789070812,-0.1881204446192338
-0.19449418,-0.18327754,0.5327928,0.05230273138719263,-0.7283951908609454,0.6566910791456667,-0.18831276321743468
-0.19443676,-0.18324028,0.5326956,0.05214859697994412,-0.7282750578336551,0.6567814116746863,-0.18850501650888768
-0.19437934,-0.18320302,0.5325984,0.051994388612827944,-0.7281548936967199,0.6568716764844095,-0.18869720445957391
-0.19432192,-0.1831657599999999,0.5325012,0.05184010631120674,-0.7280346984804587,0.6569618735651199,-0.1888893270354844
-0.1942645,-0.1831285,0.532404,0.051685750100459046,-0.7279144722151926,0.6570520029071151,-0.18908138420262038
-0.19420708,-0.18309124,0.5323068,0.051531320005978404,-0.7277942149312464,0.6571420645007071,-0.18927337592699317
-0.19414966,-0.18305398,0.5322096000000001,0.05137681605317343,-0.727673926658947,0.6572320583362212,-0.18946530217462415
-0.19409224,-0.18301672,0.5321123999999999,0.051222238267468176,-0.7275536074286253,0.657321984403997,-0.18965716291154466
-0.19403482,-0.18297946,0.5320152,0.05106758667430204,-0.7274332572706136,0.6574118426943879,-0.18984895810379626
-0.1939774,-0.1829422,0.531918,0.05091286129912903,-0.7273128762152486,0.6575016331977619,-0.19004068771743005
-0.19391998,-0.18290494,0.5318208,0.050758062167418946,-0.7271924642928688,0.6575913559045001,-0.1902323517185079
-0.19386256,-0.18286768,0.5317236,0.05060318930465657,-0.727072021533816,0.6576810108049982,-0.1904239500731014
-0.19380514,-0.18283042,0.5316264,0.050448242736342006,-0.726951547968435,0.6577705978896654,-0.19061548274729226
-0.19375436,-0.18279236,0.5315332,0.050241586845082606,-0.7267902404292453,0.6578868928383577,-0.19088364413846248
-0.1937069,-0.1827539,0.5314420000000001,0.05000895276159985,-0.7266084703711183,0.658016423650887,-0.19119001447337217
-0.19365944,-0.18271544,0.5313508,0.04977614104722661,-0.726426633465227,0.6581457856265837,-0.19149623191277254
-0.19361198,-0.18267698,0.5312596,0.04954315179237677,-0.7262447298283179,0.6582749787366016,-0.19180229632722834
-0.19356452,-0.18263852,0.5311684,0.04930998508755437,-0.7260627595771487,0.6584040029521787,-0.19210820758735947
-0.19351706,-0.18260006,0.5310772,0.04907664102335396,-0.7258807228284886,0.6585328582446381,-0.19241396556384113
-0.1934696,-0.1825616,0.530986,0.0488431196904604,-0.7256986196991173,0.6586615445853873,-0.19271957012740368
-0.19342214,-0.18252314,0.5308948,0.04860942117964921,-0.7255164503058265,0.6587900619459173,-0.19302502114883252
-0.19337468,-0.18248468,0.5308036,0.04837554558178597,-0.7253342147654179,0.6589184102978047,-0.19333031849896876
-0.19332722,-0.18244622,0.5307124000000001,0.04814149298782659,-0.7251519131947056,0.6590465896127103,-0.1936354620487089
-0.19327976,-0.18240776,0.5306212,0.04790726348881727,-0.724969545710513,0.6591745998623791,-0.19394045166900503
-0.1932323,-0.1823693,0.5305300000000001,0.047672857175894354,-0.7247871124296755,0.6593024410186409,-0.19424528723086415
-0.19318484,-0.18233084,0.5304388,0.04743827414028447,-0.7246046134690394,0.6594301130534097,-0.19454996860534962
-0.19313738,-0.18229238,0.5303476,0.04720351447330437,-0.7244220489454606,0.6595576159386844,-0.19485449566358026
-0.19308992,-0.1822539199999999,0.5302564000000001,0.046968578266360764,-0.7242394189758066,0.659684949646548,-0.19515886827673062
-0.19304246,-0.18221546,0.5301652,0.04673346561095089,-0.7240567236769555,0.6598121141491681,-0.1954630863160309
-0.192995,-0.182177,0.530074,0.04649817659866157,-0.7238739631657958,0.6599391094187967,-0.19576714965276748
-0.19295618,-0.18213632,0.5299815400000001,0.04620213597097682,-0.7236344563571919,0.6600933485260939,-0.19620221057867698
-0.1929173599999999,-0.18209564,0.52988908,0.04590576626203795,-0.7233948532087418,0.6602472536969608,-0.19663700302999684
-0.19287854,-0.18205496,0.52979662,0.0456090676815607,-0.723155154032233,0.6604008248930398,-0.19707152666590028
-0.19283972,-0.18201428,0.5297041600000001,0.04531204043958793,-0.7229153591394567,0.6605540620762882,-0.19750578114573442
-0.1928009,-0.1819736,0.5296117,0.04501468474649062,-0.7226754688422088,0.6607069652089771,-0.1979397661290203
-0.1927620799999999,-0.18193292,0.5295192400000001,0.044717000812966506,-0.722435483452289,0.660859534253693,-0.19837348127545298
-0.1927232599999999,-0.1818922399999999,0.52942678,0.04441898885004163,-0.722195403281501,0.6610117691733364,-0.19880692624490215
-0.1926844399999999,-0.18185156,0.52933432,0.04412064906906843,-0.7219552286416508,0.6611636699311229,-0.19924010069741258
-0.19264562,-0.18181088,0.5292418600000001,0.04382198168172689,-0.7217149598445483,0.661315236490582,-0.19967300429320425
-0.1926068,-0.1817702,0.5291494,0.043522986900023,-0.7214745972020055,0.6614664688155587,-0.20010563669267245
-0.19256798,-0.1817295199999999,0.52905694,0.04322366493629093,-0.7212341410258372,0.6616173668702113,-0.20053799755638851
-0.19252916,-0.18168884,0.5289644800000001,0.04292401600319029,-0.72099359162786,0.6617679306190135,-0.20097008654509996
-0.1924903399999999,-0.18164816,0.52887202,0.04262404031370769,-0.7207529493198922,0.661918160026753,-0.20140190331973096
-0.19245152,-0.18160748,0.52877956,0.042323738081155166,-0.7205122144137531,0.6620680550585322,-0.20183344754138213
-0.1924127,-0.1815668,0.5286871,0.042023109519172167,-0.7202713872212642,0.6622176156797678,-0.2022647188713314
-0.19237388,-0.1815261199999999,0.52859464,0.041722154841723216,-0.7200304680542468,0.6623668418561908,-0.20269571697103422
-0.1923375,-0.18148904,0.5284997,0.04143745527635269,-0.719798849109762,0.6625108981040911,-0.20310554894879856
-0.1923059999999999,-0.1814591599999999,0.5283998,0.04118564616327258,-0.7195859401562675,0.6626450063310413,-0.20347337138817084
-0.1922745,-0.18142928,0.5282999,0.0409335926853063,-0.7193729664352517,0.6627788661101869,-0.20384099388914556
-0.192243,-0.1813994,0.5282,0.040681294978165736,-0.7191599281485368,0.6629124774231562,-0.2042084162344546
-0.1922114999999999,-0.18136952,0.5281001000000001,0.04042875317774465,-0.7189468254979418,0.6630458402517533,-0.20457563820692723
-0.19218,-0.18133964,0.5280002,0.04017596742011678,-0.718733658685283,0.6631789545779566,-0.2049426595894891
-0.1921484999999999,-0.18130976,0.5279003,0.03992293784153862,-0.7185204279123736,0.6633118203839203,-0.20530948016516398
-0.1921169999999999,-0.18127988,0.5278004000000001,0.03966966457844649,-0.718307133381023,0.6634444376519735,-0.20567609971707307
-0.1920855,-0.18125,0.5277005,0.0394161477674579,-0.7180937752930369,0.6635768063646206,-0.20604251802843526
-0.1920539999999999,-0.1812201199999999,0.5276006,0.039162387545371075,-0.7178803538502174,0.6637089265045416,-0.20640873488256745
-0.1920224999999999,-0.1811902399999999,0.5275007,0.03890838404916584,-0.7176668692543633,0.66384079805459,-0.20677475006288426
-0.191991,-0.18116036,0.5274008,0.03865413741600182,-0.7174533217072684,0.6639724209977965,-0.20714056335289893
-0.1919595,-0.1811304799999999,0.5273009,0.038399647783219665,-0.7172397114107232,0.664103795317366,-0.2075061745362229
-0.191928,-0.1811005999999999,0.5272009999999999,0.03814491528834041,-0.717026038566513,0.6642349209966781,-0.20787158339656603
-0.1918965,-0.18107072,0.5271011,0.03788994006906592,-0.7168123033764195,0.6643657980192882,-0.20823678971773663
-0.1918649999999999,-0.1810408399999999,0.5270012,0.03763472226327852,-0.7165985060422192,0.6644964263689263,-0.20860179328364245
-0.1918335,-0.18101096,0.5269013,0.03737926200904057,-0.7163846467656845,0.6646268060294973,-0.2089665938782897
-0.1918076799999999,-0.18099104,0.52680196,0.03716133350311927,-0.7162017169530939,0.6647452505615995,-0.20925555615444663
-0.1917846999999999,-0.1809761,0.5267029,0.03696214297844089,-0.7160342372771948,0.6648577050964615,-0.20950657031981995
-0.19176172,-0.1809611599999999,0.52660384,0.03676282209916018,-0.7158667154407018,0.6649700332191694,-0.20975746841517617
-0.19173874,-0.18094622,0.52650478,0.03656337092525963,-0.7156991515200101,0.6650822349163121,-0.21000825035898701
-0.1917157599999999,-0.18093128,0.52640572,0.03636378951677123,-0.7155315455915181,0.6651943101745268,-0.21025891606975594
-0.1916927799999999,-0.1809163399999999,0.52630666,0.03616407793377692,-0.7153638977316273,0.6653062589804976,-0.21050946546601812
-0.1916698,-0.1809014,0.5262076,0.0359642362364076,-0.7151962080167418,0.6654180813209565,-0.21075989846634036
-0.19164682,-0.18088646,0.5261085400000001,0.03576426448484467,-0.7150284765232688,0.6655297771826829,-0.2110102149893216
-0.19162384,-0.1808715199999999,0.52600948,0.035564162739318075,-0.7148607033276179,0.665641346552504,-0.21126041495359238
-0.1916008599999999,-0.18085658,0.52591042,0.03536393106010813,-0.7146928885062023,0.6657527894172939,-0.21151049827781487
-0.19157788,-0.18084164,0.5258113600000001,0.035163569507544123,-0.7145250321354369,0.6658641057639746,-0.21176046488068342
-0.1915549,-0.1808267,0.5257123,0.034963078142005125,-0.7143571342917404,0.665975295579516,-0.21201031468092418
-0.19153192,-0.18081176,0.52561324,0.034762457023919446,-0.7141891950515339,0.6660863588509348,-0.21226004759729528
-0.19150894,-0.18079682,0.52551418,0.03456170621376521,-0.7140212144912402,0.6661972955652957,-0.2125096635485866
-0.1914859599999999,-0.18078188,0.52541512,0.034360825772069836,-0.7138531926872866,0.6663081057097109,-0.2127591624536202
-0.19146298,-0.18076694,0.5253160600000001,0.034159815759409975,-0.7136851297161017,0.6664187892713397,-0.21300854423125004
-0.19144,-0.180752,0.525217,0.033958676236412064,-0.7135170256541166,0.6665293462373892,-0.2132578088003627
-0.19142554,-0.1807415,0.52512892,0.03374096246031612,-0.7133403700919553,0.6666593519506296,-0.213476865974022
-0.1914110799999999,-0.180731,0.5250408400000001,0.033523129018262335,-0.7131636594959068,0.6667892470562842,-0.21369579922250462
-0.19139662,-0.1807205,0.52495276,0.033305175975728796,-0.7129868939306585,0.6669190315299325,-0.21391460847617344
-0.19138216,-0.1807099999999999,0.52486468,0.03308710339823466,-0.7128100734609089,0.6670487053471916,-0.21413329366542636
-0.1913677,-0.1806994999999999,0.5247766,0.03286891135133961,-0.7126331981513667,0.6671782684837165,-0.2143518547206959
-0.19135324,-0.180689,0.52468852,0.03265059990064298,-0.7124562680667517,0.6673077209152007,-0.21457029157244883
-0.19133878,-0.1806785,0.5246004400000001,0.03243216911178505,-0.7122792832717931,0.667437062617375,-0.21478860415118714
-0.19132432,-0.180668,0.52451236,0.03221361905044641,-0.712102243831232,0.6675662935660086,-0.2150067923874475
-0.19130986,-0.1806575,0.52442428,0.03199494978234746,-0.7119251498098189,0.6676954137369084,-0.21522485621180093
-0.1912954,-0.1806469999999999,0.5243362,0.03177616137324964,-0.7117480012723156,0.6678244231059197,-0.21544279555485346
-0.19128094,-0.1806364999999999,0.52424812,0.03155725388895436,-0.7115707982834938,0.6679533216489254,-0.21566061034724612
-0.19126648,-0.1806259999999999,0.52416004,0.031338227395303064,-0.7113935409081359,0.6680821093418462,-0.2158783005196542
-0.19125202,-0.1806154999999999,0.52407196,0.031119081958177516,-0.7112162292110343,0.6682107861606416,-0.21609586600278846
-0.19123756,-0.180605,0.52398388,0.03089981764350029,-0.7110388632569927,0.6683393520813079,-0.21631330672739396
-0.1912231,-0.1805945,0.5238958,0.030680434517233582,-0.710861443110824,0.6684678070798805,-0.21653062262425124
-0.19120864,-0.180584,0.52380772,0.030460932645379732,-0.7106839688373524,0.6685961511324325,-0.21674781362417506
-0.19119592,-0.18057658,0.52372412,0.030237334189684342,-0.7105124610748627,0.6687240654140361,-0.21694669993933408
-0.19118668,-0.1805753199999999,0.52364948,0.030005686420238167,-0.7103529333772349,0.6688512565056183,-0.21710910965609848
-0.19117744,-0.1805740599999999,0.52357484,0.029773957758197078,-0.7101933410967302,0.6689783746812298,-0.21727140610337284
-0.1911682,-0.1805727999999999,0.5235002,0.029542148259789375,-0.7100336842680226,0.6691054199079207,-0.21743358924236988
-0.19115896,-0.18057154,0.52342556,0.02931025798126148,-0.709873962925804,0.6692323921527573,-0.21759565903432948
-0.19114972,-0.18057028,0.52335092,0.029078286978878945,-0.7097141771047827,0.6693592913828219,-0.21775761544052014
-0.19114048,-0.18056902,0.52327628,0.028846235308925203,-0.7095543268396842,0.669486117565214,-0.21791945842223753
-0.19113124,-0.18056776,0.52320164,0.028614103027702842,-0.7093944121652499,0.6696128706670493,-0.2180811879408061
-0.191122,-0.1805665,0.523127,0.02838189019153227,-0.7092344331162387,0.66973955065546,-0.21824280395757778
-0.19111276,-0.18056524,0.52305236,0.028149596856753265,-0.7090743897274264,0.6698661574975951,-0.21840430643393263
-0.19110352,-0.1805639799999999,0.52297772,0.027917223079723386,-0.708914282033605,0.6699926911606201,-0.21856569533127856
-0.19109428,-0.1805627199999999,0.52290308,0.027684768916818717,-0.7087541100695832,0.6701191516117171,-0.21872697061105156
-0.1910850399999999,-0.1805614599999999,0.52282844,0.02745223442443409,-0.7085938738701875,0.6702455388180844,-0.2188881322347157
-0.1910758,-0.1805602,0.5227538,0.02721961965898298,-0.7084335734702595,0.6703718527469376,-0.21904918016376304
-0.19106656,-0.18055894,0.52267916,0.026986924676896826,-0.7082732089046592,0.6704980933655083,-0.21921011435971358
-0.19105732,-0.18055768,0.52260452,0.026754149534625363,-0.7081127802082621,0.6706242606410449,-0.2193709347841152
-0.1910480799999999,-0.18055642,0.52252988,0.02652129428863717,-0.7079522874159605,0.6707503545408126,-0.21953164139854425
-0.1910401199999999,-0.18056596,0.52246216,0.026300721230935978,-0.7078351736526551,0.6708550807693789,-0.21961579999799274
-0.1910328,-0.1805809,0.5223979,0.026086303408171085,-0.7077397218881297,0.670949134296898,-0.21966167171915246
-0.19102548,-0.1805958399999999,0.52233364,0.02587187055320729,-0.7076442114795582,0.6710431718052426,-0.21970748245590505
-0.19101816,-0.18061078,0.52226938,0.025657422691654552,-0.7075486424295564,0.6711371932717435,-0.21975323220430729
-0.19101084,-0.18062572,0.52220512,0.025442959849124508,-0.7074530147407494,0.6712311986737305,-0.2197989209604264
-0.19100352,-0.1806406599999999,0.52214086,0.025228482051228962,-0.7073573284157725,0.6713251879885354,-0.2198445487203392
-0.1909962,-0.1806556,0.5220766,0.025013989323581606,-0.70726158345727,0.6714191611934892,-0.2198901154801329
-0.19098888,-0.18067054,0.52201234,0.02479948169179655,-0.7071657798678965,0.6715131182659237,-0.21993562123590443
-0.19098156,-0.1806854799999999,0.5219480799999999,0.024584959181489244,-0.707069917650316,0.6716070591831715,-0.21998106598376083
-0.19097424,-0.18070042,0.52188382,0.024370421818275978,-0.7069739968072021,0.6717009839225647,-0.22002644971981902
-0.19096692,-0.18071536,0.52181956,0.024155869627774385,-0.7068780173412379,0.6717948924614362,-0.22007177244020643
-0.1909596,-0.1807302999999999,0.5217552999999999,0.023941302635602582,-0.7067819792551161,0.6718887847771196,-0.22011703414105996
-0.19095228,-0.18074524,0.52169104,0.023726720867380507,-0.7066858825515396,0.6719826608469482,-0.22016223481852693
-0.19094496,-0.18076018,0.52162678,0.023512124348728236,-0.7065897272332204,0.6720765206482566,-0.22020737446876426
-0.19093764,-0.1807751199999999,0.5215625199999999,0.02329751310526773,-0.7064935133028805,0.6721703641583789,-0.22025245308793934
-0.19093032,-0.18079006,0.52149826,0.02308288716262097,-0.706397240763251,0.6722641913546501,-0.22029747067222927
-0.190923,-0.180805,0.521434,0.022868246546411966,-0.7063009096170733,0.6723580022144054,-0.2203424272178215
-0.19091874,-0.18082534,0.5213789799999999,0.022642455835407013,-0.7062327928480636,0.6724466006335795,-0.22031370995947797
-0.19091448,-0.1808456799999999,0.5213239599999999,0.022416669932846925,-0.7061646077451116,0.6725351907255168,-0.22028494481717786
-0.19091022,-0.18086602,0.5212689399999999,0.02219088886297757,-0.706096354308868,0.6726237724697488,-0.22025613179151243
-0.19090596,-0.18088636,0.52121392,0.021965112650044943,-0.7060280325399925,0.6727123458458065,-0.22022727088308125
-0.1909017,-0.1809067,0.5211589,0.021739341318294608,-0.7059596424391538,0.6728009108332216,-0.22019836209249194
-0.19089744,-0.1809270399999999,0.52110388,0.02151357489197292,-0.7058911840070299,0.6728894674115249,-0.22016940542036106
-0.19089318,-0.18094738,0.52104886,0.02128781339532544,-0.7058226572443076,0.6729780155602479,-0.22014040086731318
-0.19088892,-0.18096772,0.5209938399999999,0.02106205685259875,-0.7057540621516828,0.6730665552589216,-0.22011134843398172
-0.19088466,-0.18098806,0.52093882,0.020836305288038537,-0.7056853987298606,0.6731550864870773,-0.22008224812100807
-0.1908804,-0.1810083999999999,0.5208838,0.020610558725891542,-0.7056166669795552,0.6732436092242458,-0.22005309992904248
-0.19087614,-0.18102874,0.52082878,0.020384817190403443,-0.7055478669014895,0.6733321234499586,-0.22002390385874326
-0.19087188,-0.18104908,0.52077376,0.020159080705821147,-0.7054789984963963,0.6734206291437462,-0.21999465991077755
-0.19086762,-0.18106942,0.52071874,0.01993334929639061,-0.7054100617650166,0.6735091262851405,-0.21996536808582035
-0.19086336,-0.18108976,0.52066372,0.01970762298635846,-0.7053410567081009,0.6735976148536715,-0.21993602838455556
-0.1908591,-0.1811101,0.5206087,0.019481901799971266,-0.7052719833264084,0.6736860948288709,-0.21990664080767558
-0.19085484,-0.18113044,0.52055368,0.019256185761475322,-0.705202841620708,0.6737745661902697,-0.21987720535588073
-0.19085198,-0.18114884,0.5205010800000001,0.019016853126398725,-0.7051227297569669,0.6738712464623476,-0.21985867840168244
-0.1908519199999999,-0.18116336,0.52045332,0.018750276900511828,-0.705020728929255,0.6739843485645804,-0.21986199486540195
-0.1908518599999999,-0.18117788,0.52040556,0.018483698035668142,-0.7049186343227597,0.6740974350693745,-0.2198652312766895
-0.1908518,-0.1811924,0.5203578,0.018217116575463682,-0.704816445939224,0.6742105059373305,-0.21986838763452501
-0.19085174,-0.18120692,0.52031004,0.017950532563494645,-0.7047141637804119,0.6743235611290491,-0.21987146393790888
-0.19085168,-0.1812214399999999,0.52026228,0.01768394604335749,-0.7046117878481079,0.674436600605131,-0.21987446018586063
-0.19085162,-0.18123596,0.52021452,0.01741735705864972,-0.7045093181441161,0.6745496243261767,-0.21987737637742027
-0.19085156,-0.18125048,0.52016676,0.01715076565296869,-0.7044067546702616,0.6746626322527872,-0.2198802125116473
-0.1908515,-0.181265,0.520119,0.0168841718699127,-0.7043040974283895,0.6747756243455626,-0.2198829685876215
-0.1908514399999999,-0.18127952,0.52007124,0.01661757575308047,-0.704201346420365,0.674888600565104,-0.2198856446044425
-0.19085138,-0.18129404,0.52002348,0.01635097734607069,-0.704098501648074,0.6750015608720119,-0.21988824056122946
-0.19085132,-0.18130856,0.51997572,0.016084376692483082,-0.7039955631134223,0.675114505226887,-0.2198907564571218
-0.19085126,-0.18132308,0.51992796,0.015817773835917606,-0.7038925308183361,0.6752274335903302,-0.21989319229127904
-0.1908512,-0.1813376,0.5198802,0.015551168819974384,-0.7037894047647624,0.6753403459229425,-0.21989554806288
-0.19085114,-0.18135212,0.51983244,0.015284561688254122,-0.7036861849546676,0.6754532421853247,-0.219897823771124
-0.19085108,-0.18136664,0.51978468,0.015017952484358277,-0.7035828713900393,0.6755661223380777,-0.21990001941522996
-0.1908510199999999,-0.1813811599999999,0.5197369199999999,0.014751341251888053,-0.7034794640728849,0.6756789863418025,-0.21990213499443664
-0.19085472,-0.1813967199999999,0.51969444,0.01449860764889227,-0.7033807748930714,0.6757974377534536,-0.21987064154391567
-0.1908602999999999,-0.1814127999999999,0.5196546,0.01425282464219911,-0.7032844053588807,0.675918673543243,-0.21982231216204462
-0.19086588,-0.18142888,0.51961476,0.014007055006556773,-0.7031879510195836,0.6760398916414389,-0.21977391305692917
-0.19087146,-0.18144496,0.5195749199999999,0.013761298776880843,-0.7030914118784917,0.6761610920157154,-0.21972544423165438
-0.19087704,-0.18146104,0.51953508,0.013515555988086875,-0.7029947879389321,0.6762822746337467,-0.2196769056893202
-0.19088262,-0.18147712,0.51949524,0.013269826675089594,-0.7028980792042465,0.6764034394632077,-0.2196282974330413
-0.1908882,-0.1814932,0.5194554,0.01302411087280328,-0.7028012856777924,0.676524586471774,-0.21957961946594695
-0.1908937799999999,-0.18150928,0.51941556,0.012778408616141532,-0.7027044073629417,0.6766457156271217,-0.21953087179118128
-0.19089936,-0.18152536,0.51937572,0.012532719940017256,-0.7026074442630815,0.6767668268969278,-0.21948205441190288
-0.19090494,-0.18154144,0.51933588,0.012287044879342915,-0.7025103963816144,0.6768879202488697,-0.21943316733128537
-0.19091052,-0.18155752,0.51929604,0.012041383469030248,-0.7024132637219576,0.6770089956506254,-0.21938421055251672
-0.1909161,-0.1815736,0.5192562,0.011795735743990343,-0.7023160462875435,0.6771300530698737,-0.21933518407879987
-0.19092168,-0.18158968,0.51921636,0.011550101739133734,-0.7022187440818196,0.6772510924742942,-0.21928608791335236
-0.19092726,-0.18160576,0.51917652,0.011304481489370258,-0.7021213571082487,0.677372113831567,-0.21923692205940642
-0.19093284,-0.18162184,0.51913668,0.011058875029609241,-0.7020238853703082,0.6774931171093728,-0.21918768652020898
-0.19093842,-0.18163792,0.51909684,0.010813282394759094,-0.7019263288714912,0.677614102275393,-0.21913838129902172
-0.190944,-0.181654,0.519057,0.01056770361972778,-0.7018286876153054,0.67773506929731,-0.21908900639912102
-0.19095666,-0.18167746,0.51903072,0.010327303909275012,-0.7017638039830533,0.6778482614534214,-0.2189580888155872
-0.19096932,-0.18170092,0.51900444,0.010086929608577905,-0.7016988368188883,0.67796142163477,-0.21882711676812916
-0.19098198,-0.18172438,0.51897816,0.009846580748072445,-0.7016337861308538,0.6780745498172334,-0.21869609026548942
-0.19099464,-0.18174784,0.51895188,0.009606257358192344,-0.7015686519270049,0.6781876459766912,-0.2185650093164208
-0.1910073,-0.1817713,0.5189256,0.009365959469368815,-0.7015034342154083,0.6783007100890257,-0.21843387392968616
-0.19101996,-0.18179476,0.51889932,0.009125687112031114,-0.7014381330041417,0.6784137421301211,-0.218302684114059
-0.19103262,-0.18181822,0.51887304,0.008885440316605486,-0.7013727483012953,0.6785267420758649,-0.21817143987832258
-0.1910452799999999,-0.18184168,0.5188467600000001,0.008645219113516192,-0.7013072801149698,0.6786397099021468,-0.21804014123127075
-0.19105794,-0.18186514,0.51882048,0.008405023533184702,-0.7012417284532785,0.6787526455848587,-0.2179087881817072
-0.1910706,-0.1818886,0.5187942,0.00816485360603042,-0.7011760933243456,0.6788655490998954,-0.21777738073844635
-0.19108326,-0.18191206,0.51876792,0.007924709362470125,-0.701110374736307,0.6789784204231539,-0.2176459189103124
-0.19109592,-0.18193552,0.51874164,0.007684590832918059,-0.7010445726973105,0.6790912595305342,-0.2175144027061398
-0.19110858,-0.18195898,0.5187153600000001,0.007444498047785991,-0.7009786872155145,0.6792040663979385,-0.2173828321347733
-0.19112124,-0.18198244,0.51868908,0.007204431037483611,-0.7009127182990903,0.6793168410012714,-0.2172512072050682
-0.1911339,-0.1820059,0.5186628000000001,0.006964389832417678,-0.7008466659562198,0.6794295833164404,-0.21711952792588923
-0.19114656,-0.18202936,0.51863652,0.006724374462992969,-0.7007805301950968,0.6795422933193555,-0.21698779430611229
-0.1911601799999999,-0.18205242,0.51861446,0.006468269468956914,-0.7007110848373401,0.6796594517350594,-0.21685286888430483
-0.19117572,-0.18207468,0.5186008400000001,0.006179963257566673,-0.7006350803045894,0.6797855353152462,-0.21671160162040398
-0.19119126,-0.18209694,0.51858722,0.005891688790410299,-0.7005589572803264,0.679911580539205,-0.21657026117678063
-0.1912067999999999,-0.1821192,0.5185736000000001,0.005603446118616781,-0.70048271577547,0.6800375873678235,-0.21642884756512387
-0.19122234,-0.18214146,0.51855998,0.0053152352933107105,-0.7004063558009627,0.680163555761994,-0.21628736079714211
-0.19123788,-0.18216372,0.51854636,0.005027056365613611,-0.7003298773677692,0.6802894856826118,-0.2161458008845642
-0.19125342,-0.18218598,0.51853274,0.004738909386643453,-0.7002532804868782,0.6804153770905766,-0.21600416783913906
-0.19126896,-0.18220824,0.51851912,0.004450794407514044,-0.7001765651693012,0.6805412299467914,-0.2158624616726348
-0.1912845,-0.1822305,0.5185055,0.004162711479336043,-0.7000997314260723,0.6806670442121633,-0.21572068239684017
-0.19130004,-0.18225276,0.51849188,0.003874660653216566,-0.7000227792682492,0.6807928198476022,-0.21557883002356376
-0.19131558,-0.18227502,0.51847826,0.0035866419802584176,-0.6999457087069125,0.6809185568140232,-0.2154369045646337
-0.19133112,-0.18229728,0.51846464,0.0032986555115614574,-0.6998685197531661,0.6810442550723441,-0.21529490603189871
-0.19134666,-0.18231954,0.51845102,0.0030107012982213688,-0.6997912124181366,0.681169914583487,-0.21515283443722666
-0.1913622,-0.1823418,0.5184373999999999,0.0027227793913305737,-0.6997137867129737,0.681295535308377,-0.21501068979250604
-0.19137774,-0.18236406,0.51842378,0.002434889841977317,-0.6996362426488504,0.6814211172079444,-0.2148684721096448
-0.19139328,-0.18238632,0.51841016,0.002147032701246679,-0.6995585802369626,0.6815466602431222,-0.21472618140057134
-0.19140882,-0.18240858,0.51839654,0.001859208020219466,-0.6994807994885296,0.6816721643748473,-0.21458381767723333
-0.19142364,-0.18242928,0.51839116,0.0015534018645895487,-0.6994013032808475,0.6818046646639372,-0.21442435298770324
-0.1914381,-0.1824492,0.5183899,0.0012386271573708585,-0.6993208705660523,0.6819406333481931,-0.21425629134792973
-0.19145256,-0.1824691199999999,0.51838864,0.0009238921319308369,-0.6992402960012252,0.6820765507948453,-0.21408814476111113
-0.19146702,-0.18248904,0.51838738,0.0006091968548090354,-0.6991595796022313,0.6822124169545667,-0.21391991324472712
-0.19148148,-0.18250896,0.51838612,0.00029454139253902445,-0.6990787213849688,0.6823482317780369,-0.21375159681628475
-0.19149594,-0.18252888,0.51838486,-2.0074188351620892e-05,-0.6989977213653684,0.6824839952159412,-0.21358319549331856
-0.1915104,-0.1825487999999999,0.5183835999999999,-0.000334649821341404,-0.6989165795593926,0.6826197072189714,-0.21341470929339013
-0.19152486,-0.18256872,0.5183823399999999,-0.000649185439914976,-0.6988352959830368,0.6827553677378257,-0.21324613823408878
-0.1915393199999999,-0.18258864,0.51838108,-0.0009636809775628724,-0.6987538706523292,0.6828909767232089,-0.2130774823330311
-0.19155378,-0.18260856,0.51837982,-0.0012781363677818597,-0.6986723035833299,0.6830265341258314,-0.21290874160786094
-0.19156824,-0.1826284799999999,0.51837856,-0.001592551544074769,-0.698590594792132,0.6831620398964106,-0.2127399160762497
-0.1915827,-0.1826484,0.5183773,-0.0019069264399505514,-0.6985087442948605,0.68329749398567,-0.21257100575589594
-0.19159716,-0.18266832,0.51837604,-0.0022212609889243756,-0.6984267521076732,0.6834328963443393,-0.2124020106645257
-0.1916116199999999,-0.18268824,0.51837478,-0.002535555124517433,-0.6983446182467606,0.683568246923155,-0.21223293081989236
-0.19162608,-0.1827081599999999,0.51837352,-0.0028498087802571875,-0.6982623427283452,0.6837035456728598,-0.21206376623977669
-0.19164054,-0.18272808,0.51837226,-0.0031640218896772238,-0.698179925568682,0.6838387925442029,-0.21189451694198674
-0.191655,-0.182748,0.518371,-0.003478194386317565,-0.698097366784059,0.6839739874879397,-0.21172518294435805
-0.19166622,-0.1827699599999999,0.5183755,-0.0037844195296563854,-0.6980303906259838,0.6840991625467814,-0.21153625631118783
-0.19167744,-0.18279192,0.5183800000000001,-0.0040906079425377245,-0.6979632799552237,0.6842242788755514,-0.2113472568027283
-0.1916886599999999,-0.1828138799999999,0.5183845,-0.0043967595644903296,-0.6978960347876284,0.6843493364339073,-0.21115818443884243
-0.19169988,-0.18283584,0.518389,-0.004702874335049748,-0.6978286551390759,0.6844743351815145,-0.21096903923941399
-0.1917111,-0.1828578,0.5183935,-0.005008952193757368,-0.6977611410254714,0.6845992750780446,-0.21077982122434882
-0.19172232,-0.18287976,0.518398,-0.005314993080161146,-0.697693492462749,0.6847241560831772,-0.21059053041357412
-0.19173354,-0.18290172,0.5184025,-0.005620996933815264,-0.6976257094668702,0.6848489781565982,-0.21040116682703836
-0.19174476,-0.18292368,0.518407,-0.005926963694280543,-0.6975577920538243,0.684973741258001,-0.21021173048471198
-0.19175598,-0.18294564,0.5184115,-0.0062328933011239485,-0.6974897402396287,0.6850984453470864,-0.21002222140658644
-0.1917672,-0.1829675999999999,0.518416,-0.006538785693918858,-0.6974215540403289,0.6852230903835618,-0.20983263961267498
-0.19177842,-0.18298956,0.5184205,-0.006844640812245534,-0.6973532334719978,0.685347676327142,-0.20964298512301194
-0.19178964,-0.18301152,0.518425,-0.007150458595690107,-0.697284778550737,0.6854722031375492,-0.2094532579576537
-0.19180086,-0.18303348,0.5184295,-0.007456238983845467,-0.6972161892926753,0.6855966707745126,-0.20926345813667763
-0.19181208,-0.1830554399999999,0.518434,-0.007761981916310862,-0.6971474657139696,0.685721079197768,-0.20907358568018286
-0.1918233,-0.1830774,0.5184384999999999,-0.008067687332692017,-0.6970786078308049,0.6858454283670598,-0.20888364060828993
-0.19183452,-0.18309936,0.518443,-0.008373355172601266,-0.6970096156593939,0.6859697182421381,-0.20869362294114074
-0.19184604,-0.183121,0.5184479,-0.008677706928917325,-0.6969390366882032,0.6860926558605855,-0.2085126953371026
-0.19185816,-0.183142,0.5184536,-0.008979466267508077,-0.6968654213428149,0.6862129569823116,-0.20835002133871744
-0.19187028,-0.183163,0.5184593,-0.009281191110064146,-0.6967916761611397,0.6863332117730424,-0.20818727612759738
-0.1918824,-0.1831839999999999,0.518465,-0.009582881398907561,-0.6967178011563135,0.6864534201931237,-0.2080244597184877
-0.19189452,-0.183205,0.5184707,-0.009884537076364552,-0.6966437963415001,0.6865735822029067,-0.20786157212615536
-0.19190664,-0.183226,0.5184764,-0.010186158084766417,-0.6965696617298888,0.6866936977627472,-0.2076986133653882
-0.19191876,-0.183247,0.5184821,-0.010487744366448934,-0.6964953973346957,0.6868137668330064,-0.20753558345099538
-0.19193088,-0.183268,0.5184877999999999,-0.010789295863753282,-0.6964210031691637,0.6869337893740499,-0.20737248239780662
-0.191943,-0.183289,0.5184934999999999,-0.011090812519024842,-0.6963464792465617,0.6870537653462488,-0.20720931022067335
-0.19195512,-0.18331,0.5184992,-0.01139229427461412,-0.6962718255801856,0.6871736947099794,-0.20704606693446784
-0.19196724,-0.183331,0.5185049,-0.01169374107287606,-0.6961970421833579,0.6872935774256224,-0.20688275255408373
-0.19197936,-0.183352,0.5185106,-0.011995152856171296,-0.6961221290694274,0.6874134134535641,-0.20671936709443509
-0.19199148,-0.1833729999999999,0.5185163,-0.012296529566864153,-0.6960470862517693,0.6875332027541957,-0.20655591057045813
-0.1920036,-0.183394,0.518522,-0.012597871147324899,-0.695971913743786,0.6876529452879135,-0.20639238299710919
-0.19201572,-0.183415,0.5185277,-0.012899177539927753,-0.6958966115589056,0.6877726410151188,-0.20622878438936643
-0.19202784,-0.183436,0.5185334,-0.013200448687053043,-0.6958211797105829,0.6878922898962183,-0.20606511476222836
-0.1920399599999999,-0.1834569999999999,0.5185391,-0.01350168453108437,-0.6957456182122999,0.6880118918916232,-0.2059013741307156
-0.19205416,-0.18347796,0.5185472400000001,-0.013791452400313042,-0.6956734668643828,0.6881310349737402,-0.20572773767178132
-0.1920694,-0.1834989,0.5185566,-0.014075468349087725,-0.6956029665733722,0.6882499200545258,-0.20554912218254962
-0.19208464,-0.18351984,0.51856596,-0.014359448595255911,-0.6955323496175153,0.6883687520847176,-0.20537044097169138
-0.19209988,-0.18354078,0.5185753200000001,-0.014643393089566484,-0.6954616160113094,0.6884875310301486,-0.20519169405649118
-0.19211512,-0.1835617199999999,0.51858468,-0.014927301782774127,-0.6953907657692725,0.688606256856657,-0.20501288145425012
-0.19213036,-0.1835826599999999,0.51859404,-0.015211174625639451,-0.6953197989059445,0.6887249295300878,-0.2048340031822862
-0.1921456,-0.1836036,0.5186034,-0.015495011568928213,-0.6952487154358866,0.6888435490162911,-0.20465505925793465
-0.19216084,-0.18362454,0.51861276,-0.015778812563411238,-0.6951775153736816,0.6889621152811237,-0.20447604969854818
-0.19217608,-0.18364548,0.51862212,-0.01606257755986594,-0.6951061987339331,0.6890806282904481,-0.20429697452149564
-0.19219132,-0.18366642,0.51863148,-0.016346306509074454,-0.6950347655312665,0.6891990880101329,-0.20411783374416365
-0.19220656,-0.18368736,0.51864084,-0.01662999936182498,-0.694963215780329,0.6893174944060523,-0.20393862738395546
-0.1922218,-0.1837083,0.5186502,-0.016913656068910612,-0.6948915494957885,0.6894358474440868,-0.20375935545829188
-0.19223704,-0.18372924,0.51865956,-0.01719727658113085,-0.6948197666923348,0.6895541470901233,-0.2035800179846099
-0.19225228,-0.1837501799999999,0.51866892,-0.017480860849290306,-0.6947478673846789,0.6896723933100543,-0.20340061498036432
-0.19226752,-0.18377112,0.5186782799999999,-0.01776440882419926,-0.6946758515875532,0.689790586069778,-0.2032211464630265
-0.19228276,-0.18379206,0.51868764,-0.018047920456673625,-0.6946037193157113,0.6899087253351994,-0.203041612450085
-0.192298,-0.183813,0.518697,-0.018331395697535002,-0.6945314705839288,0.690026811072229,-0.20286201295904546
-0.19231654,-0.18383088,0.51870948,-0.018609382864221313,-0.6944603332663802,0.6901498173052225,-0.20266170349261575
-0.19233508,-0.18384876,0.5187219599999999,-0.018887330330245575,-0.6943890825106988,0.6902727590145045,-0.20246132718484883
-0.19235362,-0.18386664,0.5187344399999999,-0.019165238048051647,-0.6943177183345572,0.6903956361661463,-0.20226088405818377
-0.19237216,-0.18388452,0.51874692,-0.019443105970091232,-0.6942462407556506,0.6905184487262279,-0.20206037413507597
-0.1923907,-0.1839024,0.5187594,-0.019720934048823358,-0.6941746497916932,0.6906411966608369,-0.20185979743799717
-0.19240924,-0.18392028,0.51877188,-0.01999872223671388,-0.6941029454604203,0.6907638799360692,-0.20165915398943607
-0.19242778,-0.18393816,0.5187843599999999,-0.020276470486236167,-0.6940311277795875,0.6908864985180294,-0.20145844381189776
-0.19244632,-0.18395604,0.5187968399999999,-0.020554178749871074,-0.6939591967669707,0.6910090523728298,-0.2012576669279036
-0.19246486,-0.1839739199999999,0.5188093199999999,-0.020831846980106844,-0.6938871524403663,0.6911315414665911,-0.20105682335999167
-0.1924834,-0.1839918,0.5188218,-0.021109475129438574,-0.6938149948175915,0.6912539657654422,-0.20085591313071674
-0.19250194,-0.18400968,0.51883428,-0.021387063150369312,-0.6937427239164834,0.6913763252355204,-0.20065493626264969
-0.19252048,-0.18402756,0.51884676,-0.02166461099540891,-0.6936703397548998,0.6914986198429711,-0.2004538927783784
-0.19253902,-0.18404544,0.5188592399999999,-0.021942118617075013,-0.6935978423507189,0.6916208495539481,-0.20025278270050692
-0.19255756,-0.18406332,0.5188717199999999,-0.022219585967892627,-0.6935252317218394,0.6917430143346135,-0.20005160605165573
-0.1925761,-0.1840812,0.5188841999999999,-0.022497013000393667,-0.6934525078861805,0.6918651141511376,-0.19985036285446234
-0.19259464,-0.18409908,0.51889668,-0.022774399667117903,-0.6933796708616815,0.6919871489696987,-0.1996490531315802
-0.19261364,-0.18411536,0.5189084799999999,-0.02304919113893042,-0.6933037916082488,0.6921110841130675,-0.19945133385691133
-0.19263356,-0.18412844,0.51891892,-0.02331883080712889,-0.6932219443453248,0.6922388877913775,-0.19926085977239102
-0.19265348,-0.18414152,0.51892936,-0.02358842729962872,-0.6931399888371287,0.6923666307003575,-0.1990703158811734
-0.1926734,-0.1841546,0.5189398,-0.02385798057128298,-0.6930579251021362,0.6924943128049519,-0.19887970220457296
-0.19269332,-0.18416768,0.5189502399999999,-0.02412749057695142,-0.6929757531588431,0.6926219340701125,-0.19868901876392153
-0.19271324,-0.18418076,0.51896068,-0.024396957271501943,-0.6928934730257643,0.6927494944607996,-0.19849826558056724
-0.19273316,-0.18419384,0.51897112,-0.024666380609809344,-0.6928110847214342,0.692876993941981,-0.19830744267587552
-0.19275308,-0.18420692,0.51898156,-0.02493576054675639,-0.6927285882644064,0.6930044324786327,-0.19811655007122825
-0.192773,-0.18422,0.5189919999999999,-0.02520509703723267,-0.6926459836732545,0.6931318100357381,-0.1979255877880245
-0.19279292,-0.18423308,0.51900244,-0.025474390036135913,-0.6925632709665707,0.693259126578289,-0.1977345558476798
-0.19281284,-0.18424616,0.51901288,-0.025743639498370607,-0.6924804501629674,0.6933863820712847,-0.1975434542716269
-0.19283276,-0.18425924,0.51902332,-0.02601284537884932,-0.6923975212810761,0.6935135764797329,-0.19735228308131514
-0.19285268,-0.18427232,0.51903376,-0.026282007632491902,-0.6923144843395477,0.6936407097686491,-0.19716104229821052
-0.1928726,-0.1842854,0.5190442,-0.026551126214225562,-0.6922313393570524,0.6937677819030562,-0.19696973194379624
-0.19289252,-0.18429848,0.51905464,-0.02682020107898493,-0.6921480863522805,0.6938947928479857,-0.19677835203957228
-0.19291244,-0.1843115599999999,0.51906508,-0.02708923218171247,-0.6920647253439409,0.6940217425684769,-0.1965869026070552
-0.19293236,-0.1843246399999999,0.51907552,-0.02735821947735817,-0.691981256350762,0.694148631029577,-0.19639538366777826
-0.19295324,-0.18433932,0.51908656,-0.027608047566323374,-0.6919096730857207,0.6942663049053157,-0.19619657966719503
-0.1929746,-0.1843547999999999,0.5190979,-0.027848280857188434,-0.691843996595856,0.6943793387220146,-0.1959941110940579
-0.19299596,-0.18437028,0.5191092399999999,-0.028088478348948343,-0.6917782336251206,0.6944923086831097,-0.1957915882936574
-0.19301732,-0.1843857599999999,0.5191205799999999,-0.028328640009493533,-0.6917123841891665,0.6946052147645954,-0.19558901128739747
-0.19303868,-0.18440124,0.51913192,-0.028568765806720825,-0.691646448303659,0.6947180569424735,-0.19538638009669246
-0.19306004,-0.18441672,0.51914326,-0.028808855708533115,-0.6915804259842744,0.6948308351927531,-0.19518369474296687
-0.1930814,-0.1844322,0.5191545999999999,-0.029048909682840338,-0.6915143172467022,0.6949435494914514,-0.19498095524765485
-0.19310276,-0.18444768,0.5191659399999999,-0.029288927697557615,-0.6914481221066435,0.6950561998145928,-0.19477816163220188
-0.19312412,-0.18446316,0.51917728,-0.029528909720607635,-0.6913818405798122,0.6951687861382089,-0.1945753139180623
-0.19314548,-0.18447864,0.51918862,-0.029768855719918316,-0.6913154726819338,0.695281308438339,-0.19437241212670173
-0.19316684,-0.18449412,0.5191999599999999,-0.030008765663424558,-0.6912490184287462,0.6953937666910303,-0.19416945627959536
-0.1931882,-0.1845096,0.5192112999999999,-0.030248639519067227,-0.6911824778359995,0.6955061608723367,-0.19396644639822883
-0.19320956,-0.18452508,0.51922264,-0.03048847725479424,-0.6911158509194562,0.6956184909583203,-0.19376338250409741
-0.19323092,-0.18454056,0.51923398,-0.03072827883855886,-0.6910491376948906,0.6957307569250506,-0.19356026461870732
-0.19325228,-0.18455604,0.51924532,-0.030968044238321266,-0.6909823381780895,0.6958429587486042,-0.1933570927635747
-0.19327364,-0.18457152,0.5192566599999999,-0.0312077734220481,-0.6909154523848522,0.6959550964050661,-0.1931538669602253
-0.193295,-0.184587,0.519268,-0.031447466357712284,-0.690848480330989,0.6960671698705277,-0.19295058723019548
-0.19331642,-0.1846047,0.5192821,-0.0316936686430168,-0.6907941720026685,0.6961589540204607,-0.19277353042425843
-0.19333784,-0.1846224,0.5192962,-0.03193984527024528,-0.6907397756906365,0.6962506899306904,-0.1925964312597711
-0.19335926,-0.1846401,0.5193103,-0.032185996207533124,-0.6906852914046925,0.6963423775824606,-0.19241928975066214
-0.19338068,-0.1846578,0.5193244,-0.03243212142301834,-0.690630719154648,0.6964340169570198,-0.192242105910869
-0.1934021,-0.1846755,0.5193385,-0.032678220884842596,-0.690576058950326,0.6965256080356194,-0.192064879754337
-0.19342352,-0.1846932,0.5193525999999999,-0.032924294561151354,-0.6905213108015612,0.6966171507995162,-0.19188761129501936
-0.19344494,-0.1847109,0.5193667,-0.03317034242009344,-0.6904664747182,0.6967086452299706,-0.19171030054687727
-0.19346636,-0.1847286,0.5193808,-0.033416364429821196,-0.6904115507101007,0.6968000913082474,-0.1915329475238799
-0.19348778,-0.1847463,0.5193949,-0.033662360558490104,-0.6903565387871333,0.6968914890156159,-0.1913555522400049
-0.1935092,-0.184764,0.519409,-0.033908330774259504,-0.6903014389591795,0.6969828383333492,-0.19117811470923746
-0.19353062,-0.1847817,0.5194231,-0.03415427504529221,-0.6902462512361324,0.6970741392427245,-0.19100063494557074
-0.1935520399999999,-0.1847994,0.5194372,-0.034400193339754234,-0.6901909756278974,0.697165391725024,-0.19082311296300664
-0.19357346,-0.1848171,0.5194513000000001,-0.03464608562581535,-0.6901356121443917,0.6972565957615333,-0.19064554877555429
-0.19359488,-0.1848348,0.5194654000000001,-0.03489195187164894,-0.6900801607955434,0.6973477513335429,-0.19046794239723108
-0.1936163,-0.1848525,0.5194795000000001,-0.03513779204543141,-0.690024621591293,0.6974388584223469,-0.19029029384206275
-0.1936377199999999,-0.1848701999999999,0.5194936,-0.03538360611534319,-0.6899689945415924,0.6975299170092443,-0.1901126031240827
-0.19365804,-0.18488626,0.51950794,-0.035628532360897885,-0.6899108095508227,0.6976219560822796,-0.1899402246462574
-0.1936761599999999,-0.18489904,0.5195227600000001,-0.03587170819482928,-0.6898475977082472,0.6977160090060758,-0.18977851107008614
-0.19369428,-0.18491182,0.51953758,-0.036114856529817385,-0.6897842998272906,0.6978100199356622,-0.18961675275933798
-0.1937123999999999,-0.1849246,0.5195524,-0.03635797733475096,-0.6897209159177409,0.697903988850958,-0.18945494972589205
-0.19373052,-0.18493738,0.5195672200000001,-0.036601070578522285,-0.689657445989398,0.6979979157318855,-0.18929310198163624
-0.19374864,-0.18495016,0.5195820400000001,-0.036844136230026345,-0.6895938900520734,0.6980918005583711,-0.1891312095384674
-0.1937667599999999,-0.18496294,0.51959686,-0.03708717425816192,-0.6895302481155898,0.6981856433103442,-0.18896927240829048
-0.19378488,-0.18497572,0.51961168,-0.037330184631831215,-0.6894665201897815,0.6982794439677386,-0.18880729060301935
-0.193803,-0.1849885,0.5196265000000001,-0.03757316731993901,-0.6894027062844944,0.6983732025104905,-0.18864526413457672
-0.1938211199999999,-0.18500128,0.5196413200000001,-0.037816122291394,-0.6893388064095862,0.698466918918541,-0.1884831930148936
-0.19383924,-0.18501406,0.51965614,-0.03805904951510809,-0.6892748205749256,0.6985605931718338,-0.18832107725590963
-0.1938573599999999,-0.18502684,0.51967096,-0.03830194895999613,-0.6892107487903933,0.6986542252503165,-0.1881589168695736
-0.19387548,-0.18503962,0.5196857800000001,-0.0385448205949767,-0.6891465910658815,0.6987478151339404,-0.1879967118678424
-0.1938936,-0.1850524,0.5197006000000001,-0.03878766438897163,-0.6890823474112933,0.6988413628026603,-0.1878344622626816
-0.1939117199999999,-0.18506518,0.51971542,-0.039030480310905655,-0.6890180178365441,0.6989348682364346,-0.18767216806606585
-0.19392984,-0.18507796,0.51973024,-0.039273268329707234,-0.6889536023515606,0.6990283314152251,-0.18750982928997798
-0.1939479599999999,-0.18509074,0.5197450600000001,-0.03951602841430832,-0.6888891009662809,0.6991217523189979,-0.18734744594640956
-0.1939633999999999,-0.18510148,0.5197613600000001,-0.03973387714232049,-0.6888335078824455,0.6992198279896711,-0.18713965259051576
-0.1939775,-0.1851112,0.5197784000000001,-0.03993925506044643,-0.6887823440691692,0.6993201800649391,-0.18690913342514437
-0.1939916,-0.18512092,0.51979544,-0.04014460361876292,-0.6887311160550188,0.6994204540345312,-0.18667857149665223
-0.1940057,-0.18513064,0.51981248,-0.040349922796402815,-0.688679823853889,0.6995206498817949,-0.1864479668321748
-0.1940198,-0.18514036,0.51982952,-0.04055521257250495,-0.6886284674796819,0.6996207675900872,-0.1862173194588542
-0.1940338999999999,-0.18515008,0.5198465600000001,-0.04076047292621411,-0.6885770469463055,0.6997208071427745,-0.18598662940383853
-0.194048,-0.1851598,0.5198636,-0.04096570383668116,-0.6885255622676758,0.6998207685232336,-0.18575589669428216
-0.1940621,-0.18516952,0.51988064,-0.041170905283063094,-0.6884740134577155,0.6999206517148501,-0.18552512135734542
-0.1940762,-0.18517924,0.51989768,-0.04137607724452258,-0.6884224005303541,0.70002045670102,-0.18529430342019548
-0.1940903,-0.18518896,0.51991472,-0.041581219700228864,-0.6883707234995281,0.7001201834651481,-0.18506344291000512
-0.1941043999999999,-0.18519868,0.51993176,-0.04178633262935695,-0.6883189823791813,0.7002198319906496,-0.18483253985395348
-0.1941185,-0.1852084,0.5199488,-0.04199141601108794,-0.6882671771832641,0.700319402260949,-0.1846015942792259
-0.1941326,-0.18521812,0.51996584,-0.04219646982460902,-0.6882153079257344,0.7004188942594807,-0.18437060621301388
-0.1941467,-0.18522784,0.51998288,-0.0424014940491136,-0.6881633746205558,0.7005183079696881,-0.18413957568251488
-0.1941608,-0.18523756,0.51999992,-0.04260648866380064,-0.6881113772817006,0.7006176433750252,-0.18390850271493317
-0.1941749,-0.18524728,0.52001696,-0.04281145364787567,-0.6880593159231468,0.7007169004589548,-0.18367738733747851
-0.194189,-0.185257,0.520034,-0.04301638898055024,-0.6880071905588798,0.7008160792049501,-0.18344622957736725
-0.1941989,-0.18526894,0.52005884,-0.04323595447372951,-0.6879709201943498,0.7009071463335258,-0.18318252489328407
-0.1942088,-0.18528088,0.52008368,-0.04345549865384851,-0.6879345784052273,0.7009981135926461,-0.18291878036636694
-0.1942187,-0.18529282,0.52010852,-0.043675021497207936,-0.6878981652024702,0.7010889809659419,-0.182654996034685
-0.1942286,-0.18530476,0.52013336,-0.04389452298011361,-0.6878616805970446,0.7011797484370578,-0.18239117193631443
-0.1942385,-0.1853167,0.5201582,-0.04411400307887686,-0.6878251245999241,0.7012704159896538,-0.18212730810933742
-0.1942484,-0.18532864,0.52018304,-0.04433346176981415,-0.6877884972220909,0.7013609836074045,-0.18186340459184272
-0.1942583,-0.18534058,0.52020788,-0.04455289902924739,-0.6877517984745352,0.7014514512739984,-0.18159946142192548
-0.1942682,-0.18535252,0.52023272,-0.044772314833503316,-0.6877150283682545,0.7015418189731395,-0.18133547863768776
-0.1942781,-0.18536446,0.52025756,-0.0449917091589143,-0.6876781869142553,0.7016320866885456,-0.18107145627723764
-0.194288,-0.1853764,0.5202824,-0.045211081981818,-0.6876412741235512,0.7017222544039496,-0.1808073943786897
-0.1942979,-0.18538834,0.5203072400000001,-0.045430433278557086,-0.6876042900071646,0.701812322103099,-0.1805432929801651
-0.1943078,-0.18540028,0.52033208,-0.04564976302547981,-0.6875672345761252,0.7019022897697557,-0.18027915211979145
-0.1943177,-0.18541222,0.52035692,-0.0458690711989395,-0.6875301078414712,0.7019921573876966,-0.18001497183570264
-0.1943276,-0.18542416,0.52038176,-0.04608835777529502,-0.6874929098142485,0.702081924940713,-0.17975075216603909
-0.1943375,-0.1854361,0.5204066,-0.046307622730909964,-0.6874556405055113,0.7021715924126107,-0.17948649314894785
-0.1943474,-0.18544804,0.52043144,-0.04652686604215374,-0.6874182999263215,0.7022611597872104,-0.17922219482258206
-0.19435638,-0.18546056,0.5204584,-0.046750985686313945,-0.6873840961542319,0.7023479836085217,-0.1789546300396601
-0.19436352,-0.18547424,0.5204896,-0.0469848843013075,-0.6873562313966971,0.7024294157745263,-0.1786805743833968
-0.19437066,-0.18548792,0.5205208,-0.0472187681889298,-0.6873282865938234,0.7025107408268825,-0.17840648363101502
-0.1943778,-0.1855016,0.520552,-0.04745263732161446,-0.6873002617528992,0.7025919587509676,-0.17813235782445175
-0.19438494,-0.18551528,0.5205832,-0.04768649167179893,-0.6872721568812211,0.7026730695321753,-0.17785819700564948
-0.19439208,-0.18552896,0.5206144,-0.04792033121192421,-0.6872439719860969,0.7027540731559161,-0.17758400121655632
-0.19439922,-0.18554264,0.5206456,-0.04815415591443478,-0.6872157070748424,0.7028349696076169,-0.17730977049912672
-0.19440636,-0.18555632,0.5206768,-0.04838796575177802,-0.6871873621547842,0.7029157588727207,-0.17703550489532136
-0.1944135,-0.18557,0.520708,-0.048621760696405295,-0.6871589372332578,0.7029964409366872,-0.17676120444710636
-0.19442064,-0.18558368,0.5207392,-0.04885554072077142,-0.6871304323176085,0.7030770157849929,-0.1764868691964539
-0.19442778,-0.18559736,0.5207704,-0.0490893057973347,-0.687101847415191,0.7031574834031303,-0.176212499185342
-0.19443492,-0.18561104,0.5208016,-0.04932305589855651,-0.6870731825333695,0.703237843776608,-0.17593809445575492
-0.19444206,-0.18562472,0.5208328,-0.04955679099690227,-0.6870444376795178,0.703318096890952,-0.17566365504968257
-0.1944492,-0.1856383999999999,0.520864,-0.04979051106484038,-0.6870156128610195,0.7033982427317043,-0.17538918100912082
-0.19445634,-0.18565208,0.5208952,-0.05002421607484352,-0.6869867080852675,0.7034782812844234,-0.17511467237607103
-0.19446348,-0.1856657599999999,0.5209264,-0.05025790599938684,-0.6869577233596642,0.7035582125346839,-0.17484012919254127
-0.19447062,-0.18567944,0.5209576,-0.05049158081094966,-0.6869286586916217,0.7036380364680775,-0.1745655515005448
-0.19447832,-0.18569644,0.5209888,-0.05071559451971548,-0.6869106487012183,0.7037078579152755,-0.1742898157715408
-0.1944863,-0.1857151,0.52102,-0.05093478088230391,-0.6868981346053372,0.7037726233486464,-0.1740134919974422
-0.19449428,-0.18573376,0.5210511999999999,-0.05115396501778759,-0.6868855508015269,0.7038372801174656,-0.17373714363914877
-0.19450226,-0.18575242,0.5210824,-0.051373146904097854,-0.6868728972896748,0.7039018282122411,-0.17346077073944524
-0.19451024,-0.1857710799999999,0.5211136,-0.05159232651916556,-0.6868601740696764,0.7039662676234971,-0.1731843733411203
-0.19451822,-0.18578974,0.5211448,-0.05181150384092095,-0.6868473811414331,0.7040305983417752,-0.17290795148696653
-0.1945262,-0.1858083999999999,0.521176,-0.05203067884729373,-0.6868345185048539,0.7040948203576335,-0.1726315052197802
-0.19453418,-0.18582706,0.5212072,-0.052249851516213815,-0.6868215861598546,0.7041589336616474,-0.1723550345823609
-0.19454216,-0.18584572,0.5212384,-0.05246902182560987,-0.6868085841063578,0.7042229382444085,-0.17207853961751235
-0.19455014,-0.18586438,0.5212696,-0.05268818975341109,-0.686795512344293,0.7042868340965259,-0.17180202036804157
-0.19455812,-0.18588304,0.5213008,-0.05290735527754542,-0.6867823708735972,0.7043506212086255,-0.17152547687675962
-0.1945661,-0.1859017,0.521332,-0.05312651837594101,-0.6867691596942135,0.7044142995713495,-0.17124890918648078
-0.19457408,-0.1859203599999999,0.5213631999999999,-0.05334567902652525,-0.6867558788060926,0.7044778691753577,-0.1709723173400236
-0.19458206,-0.18593902,0.5213943999999999,-0.053564837207225435,-0.686742528209192,0.7045413300113265,-0.17069570138020956
-0.19459004,-0.18595768,0.5214255999999999,-0.05378399289596816,-0.6867291079034757,0.7046046820699491,-0.17041906134986454
-0.19459802,-0.18597634,0.5214567999999999,-0.05400314607067999,-0.6867156178889154,0.7046679253419353,-0.1701423972918173
-0.194606,-0.185995,0.521488,-0.05422229670928669,-0.686702058165489,0.7047310598180125,-0.16986570924890093
-0.19461518,-0.18601846,0.52151542,-0.054415218025353734,-0.6867025387434795,0.7047821647069292,-0.16958982175097662
-0.19462436,-0.18604192,0.52154284,-0.05460814754943218,-0.6867029658578784,0.7048331607462481,-0.16931391678083152
-0.19463354,-0.18606538,0.52157026,-0.05480108526709916,-0.6867033395024353,0.7048840479292806,-0.169037994381685
-0.19464272,-0.18608884,0.52159768,-0.05499403116392802,-0.6867036596709043,0.704934826249355,-0.16876205459675916
-0.1946519,-0.1861123,0.5216251,-0.055186985225488025,-0.6867039263570424,0.7049854956998166,-0.16848609746927923
-0.19466108,-0.18613576,0.52165252,-0.05537994743734542,-0.6867041395546103,0.7050360562740287,-0.1682101230424729
-0.1946702599999999,-0.18615922,0.52167994,-0.05557291778506265,-0.6867042992573733,0.705086507965371,-0.16793413135957033
-0.1946794399999999,-0.18618268,0.52170736,-0.055765896254198276,-0.6867044054590994,0.7051368507672412,-0.16765812246380513
-0.19468862,-0.18620614,0.52173478,-0.05595888283030758,-0.6867044581535611,0.7051870846730537,-0.16738209639841284
-0.1946978,-0.1862296,0.5217622,-0.056151877498941995,-0.6867044573345337,0.7052372096762405,-0.1671060532066324
-0.19470698,-0.18625306,0.52178962,-0.056344880245649535,-0.6867044029957972,0.7052872257702506,-0.1668299929317051
-0.19471616,-0.18627652,0.52181704,-0.05653789105597462,-0.6867042951311344,0.7053371329485508,-0.16655391561687474
-0.19472534,-0.18629998,0.52184446,-0.05673090991545779,-0.6867041337343327,0.7053869312046243,-0.1662778213053882
-0.19473452,-0.18632344,0.52187188,-0.056923936809636026,-0.6867039187991824,0.7054366205319723,-0.16600171004049508
-0.1947437,-0.1863469,0.5218993,-0.057116971724043016,-0.686703650319478,0.705486200924113,-0.16572558186544742
-0.19475288,-0.1863703599999999,0.52192672,-0.057310014644208485,-0.6867033282890178,0.7055356723745816,-0.16544943682349986
-0.19476182,-0.1863946,0.52195348,-0.057501857513430066,-0.686707194064694,0.7055811598928634,-0.16517261518345333
-0.19477028,-0.1864204,0.52197892,-0.05769129906474496,-0.6867194903407141,0.7056187867416923,-0.16489446138543956
-0.1947787399999999,-0.1864462,0.52200436,-0.05788075876375953,-0.6867317350485451,0.7056563020113095,-0.1646162971089731
-0.1947872,-0.186472,0.5220298,-0.05807023659696183,-0.6867439281758102,0.7056937056977671,-0.16433812239947207
-0.1947956599999999,-0.1864978,0.52205524,-0.05825973255083232,-0.6867560697101343,0.7057309977971361,-0.16405993730235668
-0.19480412,-0.1865236,0.52208068,-0.05844924661184452,-0.6867681596391468,0.7057681783055062,-0.16378174186304917
-0.1948125799999999,-0.1865494,0.52210612,-0.058638778766465574,-0.6867801979504794,0.7058052472189857,-0.16350353612697313
-0.19482104,-0.1865752,0.5221315599999999,-0.05882832900115478,-0.6867921846317677,0.7058422045337015,-0.16322532013955451
-0.1948295,-0.186601,0.522157,-0.05901789730236519,-0.6868041196706502,0.7058790502457997,-0.1629470939462204
-0.19483796,-0.1866268,0.52218244,-0.05920748365654254,-0.686816003054769,0.7059157843514446,-0.16266885759240038
-0.19484642,-0.1866526,0.52220788,-0.059397088050125335,-0.6868278347717687,0.7059524068468196,-0.16239061112352565
-0.1948548799999999,-0.1866784,0.52223332,-0.05958671046954563,-0.6868396148092981,0.7059889177281267,-0.16211235458502893
-0.19486334,-0.1867042,0.52225876,-0.059776350901228445,-0.6868513431550085,0.7060253169915862,-0.16183408802234447
-0.1948717999999999,-0.18673,0.5222842,-0.05996600933159116,-0.6868630197965552,0.7060616046334381,-0.16155581148090953
-0.19488026,-0.1867558,0.52230964,-0.06015568574704489,-0.6868746447215959,0.7060977806499402,-0.1612775250061619
-0.19488872,-0.1867816,0.52233508,-0.06034538013399372,-0.6868862179177921,0.7061338450373695,-0.1609992286435414
-0.19489718,-0.1868074,0.52236052,-0.060535092478834235,-0.6868977393728087,0.7061697977920215,-0.16072092243849007
-0.19490456,-0.18683292,0.52238692,-0.060725093935598676,-0.6869127788374401,0.7062063457864216,-0.16042410793683104
-0.1949113999999999,-0.1868583,0.5224137999999999,-0.06091525479083923,-0.6869295517426712,0.7062431156125725,-0.16011803248299825
-0.19491824,-0.18688368,0.52244068,-0.06110544062460901,-0.6869462732541464,0.7062797498335214,-0.1598119449960182
-0.19492508,-0.18690906,0.5224675599999999,-0.061295651424059745,-0.6869629433534191,0.7063162484434493,-0.1595058455370171
-0.1949319199999999,-0.18693444,0.52249444,-0.06148588717633245,-0.6869795620220459,0.7063526114365644,-0.1591997341671243
-0.19493876,-0.18695982,0.52252132,-0.06167614786855652,-0.6869961292415854,0.7063888388071037,-0.15889361094747229
-0.1949456,-0.1869852,0.5225482,-0.061866433487850196,-0.6870126449935986,0.7064249305493315,-0.15858747593919675
-0.1949524399999999,-0.18701058,0.52257508,-0.062056744021319665,-0.6870291092596497,0.7064608866575403,-0.158281329203437
-0.1949592799999999,-0.18703596,0.52260196,-0.062247079456060415,-0.6870455220213048,0.7064967071260506,-0.15797517080133525
-0.19496612,-0.18706134,0.52262884,-0.06243743977915636,-0.6870618832601331,0.7065323919492107,-0.15766900079403706
-0.19497296,-0.1870867199999999,0.5226557199999999,-0.06262782497767991,-0.6870781929577063,0.7065679411213972,-0.15736281924269113
-0.1949797999999999,-0.1871120999999999,0.5226826,-0.0628182350386923,-0.6870944510955982,0.7066033546370141,-0.15705662620844918
-0.19498664,-0.18713748,0.52270948,-0.063008669949243,-0.6871106576553854,0.7066386324904935,-0.15675042175246673
-0.19499348,-0.18716286,0.52273636,-0.06319912969637051,-0.6871268126186475,0.7066737746762963,-0.15644420593590186
-0.19500032,-0.1871882399999999,0.52276324,-0.06338961426710171,-0.6871429159669661,0.7067087811889099,-0.15613797881991592
-0.1950071599999999,-0.1872136199999999,0.5227901199999999,-0.06358012364845236,-0.6871589676819259,0.7067436520228508,-0.15583174046567347
-0.195014,-0.187239,0.522817,-0.06377065782742637,-0.6871749677451138,0.7067783871726633,-0.15552549093434237
-0.19502186,-0.1872626399999999,0.52284814,-0.06395555089195196,-0.6871884248841766,0.706823556794818,-0.1551844572604937
-0.19502972,-0.1872862799999999,0.52287928,-0.06414046959165823,-0.687201834703313,0.7068685585401828,-0.15484340311516734
-0.19503758,-0.18730992,0.52291042,-0.06432541391634197,-0.6872151971812711,0.706913392397045,-0.15450232858212676
-0.19504544,-0.1873335599999999,0.52294156,-0.06451038385578493,-0.6872285122968,0.7069580583537339,-0.15416123374514293
-0.1950532999999999,-0.1873572,0.5229727,-0.06469537939975475,-0.6872417800286503,0.7070025563986213,-0.15382011868799328
-0.19506116,-0.18738084,0.52300384,-0.06488040053800445,-0.6872550003555727,0.7070468865201206,-0.1534789834944623
-0.19506902,-0.1874044799999999,0.52303498,-0.06506544726027232,-0.6872681732563194,0.707091048706688,-0.1531378282483413
-0.19507688,-0.18742812,0.52306612,-0.06525051955628228,-0.687281298709643,0.7071350429468218,-0.15279665303342824
-0.19508474,-0.18745176,0.52309726,-0.0654356174157433,-0.6872943766942974,0.7071788692290627,-0.1524554579335285
-0.1950926,-0.1874754,0.5231284,-0.06562074082835026,-0.6873074071890369,0.7072225275419933,-0.15211424303245363
-0.19510046,-0.1874990399999999,0.52315954,-0.06580588978378311,-0.6873203901726174,0.7072660178742386,-0.15177300841402225
-0.19510832,-0.18752268,0.52319068,-0.06599106427170758,-0.6873333256237951,0.7073093402144659,-0.1514317541620595
-0.19511618,-0.18754632,0.5232218200000001,-0.06617626428177424,-0.6873462135213275,0.7073524945513847,-0.15109048036039782
-0.19512404,-0.1875699599999999,0.52325296,-0.0663614898036197,-0.6873590538439729,0.7073954808737468,-0.1507491870928758
-0.1951319,-0.1875936,0.5232841,-0.06654674082686564,-0.6873718465704909,0.7074382991703465,-0.1504078744433389
-0.19513976,-0.18761724,0.5233152400000001,-0.06673201734111946,-0.6873845916796413,0.7074809494300196,-0.15006654249563905
-0.19514812,-0.1876408799999999,0.5233491,-0.06692239753456433,-0.6873996991417995,0.7075219641759585,-0.14971879152792827
-0.19515748,-0.18766452,0.5233884,-0.0671229661894776,-0.6874195732464725,0.7075598623713899,-0.14935822337100774
-0.19516684,-0.18768816,0.5234277,-0.06732357019289521,-0.6874393911414726,0.7075975721568077,-0.14899763850918982
-0.1951762,-0.1877117999999999,0.523467,-0.06752420953127442,-0.6874591527961917,0.7076350935214347,-0.14863703704268674
-0.19518556,-0.18773544,0.5235063,-0.06772488419104986,-0.6874788581800243,0.7076724264545474,-0.1482764190717189
-0.19519492,-0.18775908,0.5235456,-0.06792559415863464,-0.6874985072623657,0.7077095709454763,-0.1479157846965128
-0.19520428,-0.18778272,0.5235849,-0.06812633942041937,-0.6875181000126128,0.7077465269836062,-0.1475551340173029
-0.19521364,-0.18780636,0.5236242,-0.0683271199627725,-0.6875376364001645,0.7077832945583757,-0.147194467134331
-0.195223,-0.18783,0.5236635000000001,-0.06852793577204036,-0.6875571163944209,0.7078198736592778,-0.14683378414784573
-0.19523236,-0.18785364,0.5237028,-0.06872878683454722,-0.6875765399647834,0.7078562642758592,-0.14647308515810303
-0.19524172,-0.1878772799999999,0.5237421,-0.06892967313659476,-0.6875959070806564,0.7078924663977206,-0.14611237026536644
-0.19525108,-0.18790092,0.5237814,-0.06913059466446284,-0.6876152177114444,0.7079284800145175,-0.14575163956990586
-0.19526044,-0.18792456,0.5238207,-0.06933155140440922,-0.6876344718265543,0.7079643051159584,-0.14539089317199894
-0.1952698,-0.1879482,0.52386,-0.06953254334266923,-0.687653669395395,0.7079999416918066,-0.14503013117193003
-0.19527916,-0.18797184,0.5238993,-0.0697335704654562,-0.6876728103873763,0.7080353897318792,-0.14466935366999062
-0.19528852,-0.18799548,0.5239386,-0.0699346327589612,-0.68769189477191,0.7080706492260478,-0.14430856076647924
-0.19529788,-0.18801912,0.5239779,-0.07013573020935313,-0.68771092251841,0.7081057201642375,-0.14394775256170134
-0.19530708,-0.18804072,0.52402192,-0.07034707269006182,-0.6877340664348108,0.7081393148010877,-0.14356829058682896
-0.1953162,-0.1880613,0.5240682999999999,-0.07056356441759344,-0.6877592324810624,0.7081720510002246,-0.14317949467671487
-0.19532532,-0.18808188,0.5241146799999999,-0.07078010226620618,-0.6877843326783736,0.7082045674195931,-0.14279068432981434
-0.19533444,-0.18810246,0.52416106,-0.0709966862185864,-0.6878093669838925,0.7082368640482326,-0.1424018596729749
-0.19534356,-0.18812304,0.52420744,-0.0712133162573873,-0.6878343353547703,0.7082689408752567,-0.14201302083305223
-0.19535268,-0.18814362,0.52425382,-0.0714299923652286,-0.6878592377481595,0.708300797889853,-0.14162416793691085
-0.1953618,-0.1881642,0.5243002,-0.07164671452469656,-0.6878840741212148,0.7083324350812837,-0.14123530111142385
-0.19537092,-0.18818478,0.52434658,-0.07186348271834356,-0.6879088444310945,0.7083638524388858,-0.1408464204834733
-0.19538004,-0.18820536,0.52439296,-0.07208029692868899,-0.6879335486349574,0.70839504995207,-0.1404575261799494
-0.19538916,-0.18822594,0.52443934,-0.07229715713821847,-0.6879581866899657,0.7084260276103218,-0.140068618327751
-0.19539828,-0.18824652,0.52448572,-0.07251406332938448,-0.6879827585532842,0.7084567854032018,-0.13967969705378527
-0.1954073999999999,-0.1882671,0.5245321000000001,-0.07273101548460544,-0.6880072641820789,0.7084873233203436,-0.1392907624849683
-0.1954165199999999,-0.18828768,0.52457848,-0.07294801358626671,-0.6880317035335195,0.7085176413514565,-0.138901814748224
-0.1954256399999999,-0.18830826,0.52462486,-0.07316505761672004,-0.6880560765647771,0.7085477394863233,-0.13851285397048485
-0.1954347599999999,-0.18832884,0.52467124,-0.07338214755828396,-0.6880803832330258,0.7085776177148022,-0.13812388027869146
-0.19544388,-0.18834942,0.52471762,-0.0735992833932427,-0.6881046234954419,0.708607276026825,-0.13773489379979326
-0.195453,-0.18837,0.524764,-0.07381646510384819,-0.6881287973092041,0.7086367144123988,-0.13734589466074681
-0.19546116,-0.18838356,0.52480696,-0.052557350067652824,-0.6901096164888757,0.7040715930387162,-0.15896425403016837
-0.19546932,-0.18839712,0.52484992,-0.031246299928479326,-0.69143378578095,0.6988471480854683,-0.1804318492789183
-0.1954774799999999,-0.18841068,0.52489288,-0.009903593174297842,-0.6920999867989264,0.6929683311435825,-0.2017285779140923
-0.19548564,-0.18842424,0.52493584,0.01145045981356714,-0.6921075272653847,0.6864407065425302,-0.22283449929049215
-0.1954938,-0.1884378,0.5249788,0.03279553608795267,-0.691456341724413,0.6792704460824271,-0.24372985328181707
-0.19550196,-0.18845136,0.52502176,0.054111319477014655,-0.6901469916575272,0.6714643231973415,-0.2643950787810876
-0.19551012,-0.18846492,0.52506472,0.07537751992050744,-0.6881806650029301,0.6630297065553673,-0.28481083201286816
-0.19551828,-0.18847848,0.52510768,0.09657389278293221,-0.6855591750785001,0.6539745531014559,-0.30495800464029166
-0.19552644,-0.18849204,0.52515064,0.11768025812498517,-0.6822849589095079,0.6443074005496455,-0.3248177416497546
-0.1955346,-0.1885056,0.5251936,0.13867651991510938,-0.678361074962583,0.6340373593317162,-0.3443714589966876
-0.19554276,-0.18851916,0.52523656,0.15954268516275166,-0.6737912002880595,0.6231741040099152,-0.3636008609957829
-0.19555092,-0.18853272,0.52527952,0.1802588829552525,-0.6685796270733398,0.6117278641617749,-0.38248795743954017
-0.19555908,-0.18854628,0.5253224799999999,0.20080538338006537,-0.6627312586105453,0.599709414745702,-0.40101508042894735
-0.19556724,-0.18855984,0.52536544,0.22116261631442716,-0.6562516046822129,0.5871300659563435,-0.4191649009006813
-0.1955754,-0.1885734,0.5254084,0.24131119006448243,-0.6491467763694091,0.574001652579341,-0.43692044483527337
-0.19558356,-0.18858696,0.5254513599999999,0.261231909836253,-0.6414234802871115,0.5603365228554045,-0.45426510913120777
-0.1955915,-0.1885997,0.52549346,0.2801731324409955,-0.6334118568055018,0.546700285114871,-0.47054355140807724
-0.195599,-0.1886108,0.5255338399999999,0.29742216730775706,-0.625527458588463,0.5337317831298481,-0.4851657826174966
-0.1956065,-0.1886219,0.52557422,0.3144495071529259,-0.6171734322882904,0.5203723487212505,-0.49943075657702785
-0.195614,-0.188633,0.5256145999999999,0.3312423683933495,-0.6083560067151329,0.506631819275416,-0.5133280258981228
-0.1956215,-0.1886441,0.52565498,0.3477881423222685,-0.5990817585828184,0.4925203112567996,-0.5268474139566868
-0.195629,-0.1886552,0.52569536,0.36407440457544604,-0.5893576076026108,0.4780482127585441,-0.5399790223446863
-0.1956365,-0.1886663,0.52573574,0.3800889244597041,-0.5791908113194856,0.46322617585421766,-0.5527132381168546
-0.195644,-0.1886774,0.52577612,0.3958196741369739,-0.5685889596947081,0.4480651087562475,-0.5650407408272802
-0.1956515,-0.1886885,0.5258164999999999,0.41125483765682286,-0.5575599694388461,0.4325761677869522,-0.576952509350612
-0.195659,-0.1886996,0.52585688,0.42638281983079035,-0.5461120780993785,0.41677074916797907,-0.5884398284829843
-0.1956665,-0.1887107,0.52589726,0.4411922549417834,-0.534253837907373,0.4006604806342734,-0.5994942953177618
-0.195674,-0.1887218,0.52593764,0.45567201528210205,-0.5219941093877488,0.38425721287863546,-0.61010782539153
-0.1956815,-0.1887329,0.5259780199999999,0.4698112195135416,-0.509342054738,0.3675730108333045,-0.6202726585957263
-0.195689,-0.188744,0.5260184,0.48359924084340544,-0.4963071309802465,0.35062014479487064,-0.6299813648496774
-0.1956965,-0.1887551,0.52605878,0.4970257150102042,-0.4828990828917968,0.3334110813991319,-0.6392268495308362
-0.195704,-0.1887662,0.52609916,0.510080548073141,-0.4691279357194161,0.31595847445241443,-0.6480023586583203
-0.1957115,-0.1887773,0.52613954,0.5227539239994063,-0.4550039876828616,0.29827515562625173,-0.6563014838258804
-0.19571864,-0.18878864,0.52617836,0.5341073386985035,-0.44166748336378747,0.281757263385952,-0.6635299762759478
-0.1957256,-0.1888001,0.5262164,0.5446695783880957,-0.42862349087925355,0.26576266502854434,-0.670065041113131
-0.19573256,-0.18881156,0.52625444,0.554913305712057,-0.41532699033599685,0.24961670140887957,-0.6762146231928959
-0.19573952,-0.18882302,0.52629248,0.5648324860619796,-0.401785758087442,0.2333286612483949,-0.6819752217838817
-0.19574648,-0.18883448,0.52633052,0.5744212746572519,-0.3880077146564997,0.2169079141030348,-0.6873435599375679
-0.19575344,-0.18884594,0.52636856,0.5836740199880928,-0.3740009201024234,0.20036390497291673,-0.692316586351565
-0.1957604,-0.1888574,0.5264066,0.592585267145566,-0.35977356930541093,0.18370614886905712,-0.6968914771031158
-0.19576736,-0.18886886,0.52644464,0.6011497610365213,-0.3453339871718264,0.1669442253404239,-0.7010656372517684
-0.19577432,-0.18888032,0.52648268,0.6093624494816404,-0.33069062376275404,0.15008777296435033,-0.704836702310356
-0.19578128,-0.18889178,0.52652072,0.6172184861947155,-0.31585204934880945,0.13314648380356642,-0.7082025395834216
-0.19578824,-0.18890324,0.52655876,0.6247132336414565,-0.30082694939399635,0.11613009783291706,-0.7111612493723586
-0.1957952,-0.1889147,0.5265968,0.6318422657760755,-0.28562411947167854,0.0990483973391214,-0.7137111660465562
-0.19580216,-0.18892616,0.52663484,0.6386013706540875,-0.2702524601155358,0.08191120129667369,-0.7158508589799674
-0.19580912,-0.18893762,0.52667288,0.6449865529197469,-0.25472097160860036,0.06472835972321073,-0.7175791333525632
-0.19581608,-0.18894908,0.52671092,0.650994036166701,-0.23903874871331432,0.047509748017467754,-0.7188950308162365
-0.19582304,-0.18896054,0.52674896,0.6566202651704033,-0.22321497534583107,0.03026526128323287,-0.7197978300247696
-0.19583,-0.188972,0.526787,0.6618619079910186,-0.20725891919757053,0.01300480864243786,-0.720287047027584
-0.19583666,-0.18898382,0.52682114,0.6661713514395475,-0.1930703703786431,-0.0022265466135213824,-0.7203711578715781
-0.19584332,-0.18899564,0.52685528,0.670176653321616,-0.1787923114137566,-0.017455631031731256,-0.7201332263319399
-0.19584998,-0.18900746,0.52688942,0.6738759565246395,-0.1644312612920949,-0.032675636471082056,-0.7195733863263029
-0.19585664,-0.18901928,0.5269235600000001,0.6772675436535709,-0.1499937774875225,-0.0478797594443015,-0.7186919156801738
-0.1958633,-0.1890311,0.5269577000000001,0.6803498378273962,-0.1354864529643656,-0.0630612041593763,-0.7174892359898786
-0.19586996,-0.18904292,0.52699184,0.6831214034114828,-0.12091591316666683,-0.07821318555732336,-0.715965912421236
-0.19587662,-0.18905474,0.52702598,0.6855809466854085,-0.10628881299241563,-0.09332893234481797,-0.7141226534440555
-0.19588328,-0.18906656,0.52706012,0.6877273164459855,-0.09161183375403542,-0.1084016900204311,-0.7119603105025875
-0.19588994,-0.18907838,0.52709426,0.6895595045451832,-0.07689168012659078,-0.12342472389304215,-0.7094798776220772
-0.1958966,-0.1890902,0.5271284,0.6910766463627173,-0.062135077085007026,-0.13839132209118676,-0.7066824909515966
-0.19590326,-0.18910202,0.5271625400000001,0.6922780212130594,-0.04734876683182949,-0.15329479856185912,-0.7035694282433786
-0.19590992,-0.18911384,0.5271966800000001,0.6931630526866978,-0.03253950571682278,-0.1681284960575375,-0.700142108268881
-0.19591658,-0.18912566,0.5272308200000001,0.6937313089254736,-0.017714061149895807,-0.18288578911001788,-0.6964020901718583
-0.19592324,-0.18913748,0.52726496,0.6939825028318723,-0.0028792085086578184,-0.19756008698983296,-0.692351072758715
-0.1959299,-0.1891493,0.5272991,0.6939164922121619,0.011958271957850333,-0.21214483664980305,-0.6879908937264935
-0.19593656,-0.18916112,0.52733324,0.6935332798533084,0.026791598227932756,-0.22663352565150227,-0.6833235288288233
-0.1959433,-0.18917304,0.5273667200000001,0.6928702462508848,0.041018720686923804,-0.24043670338190704,-0.6785561716470402
-0.1959502,-0.18918516,0.52739888,0.6920127312835918,0.05404095076877655,-0.2529818163550057,-0.6739422497329813
-0.1959571,-0.18919728,0.5274310400000001,0.690910483094074,0.06704541834428702,-0.26543847675621296,-0.6690964289899433
-0.195964,-0.1892094,0.5274632,0.6895638667932558,0.0800275243016894,-0.27780239854579786,-0.6640204035490757
-0.1959709,-0.18922152,0.5274953600000001,0.687973333914764,0.09298267698525549,-0.29006932810330743,-0.6587159467452993
-0.1959778,-0.18923364,0.52752752,0.6861394222635238,0.10590629381915224,-0.30223504569095466,-0.6531849104974455
-0.1959847,-0.18924576,0.5275596800000001,0.6840627557338333,0.11879380292829676,-0.31429536690521787,-0.6474292246613379
-0.1959916,-0.18925788,0.52759184,0.6817440440970011,0.13164064475552067,-0.32624614411604314,-0.6414508963560899
-0.1959985,-0.18927,0.5276240000000001,0.6791840827585964,0.14444227367456475,-0.3380832678932426,-0.6352520092638138
-0.1960054,-0.18928212,0.52765616,0.6763837524854173,0.15719415959826344,-0.3498026684195326,-0.6288347229030186
-0.1960123,-0.18929424,0.52768832,0.6733440191022453,0.16989178958144252,-0.3614003168898112,-0.6222012718759052
-0.1960192,-0.18930636,0.52772048,0.6700659331585147,0.1825306694178475,-0.372872226896088,-0.615353965089877
-0.1960261,-0.18931848,0.52775264,0.6665506295649972,0.19510632523063126,-0.38421445579767477,-0.6082951849534908
-0.196033,-0.1893306,0.5277848,0.6627993272006384,0.20761430505576725,-0.3954231060761036,-0.6010273865471677
-0.1960399,-0.18934272,0.52781696,0.6588133284896615,0.22005018041792002,-0.4064943266743882,-0.5935530967688991
-0.1960468,-0.18935484,0.5278491200000001,0.6545940189491152,0.2324095478981024,-0.4174243143200675,-0.5858749134553097
-0.1960537,-0.18936696,0.52788128,0.6501428667069974,0.2446880306926537,-0.4282093148316569,-0.5779955044783318
-0.19606032,-0.18937776,0.5279157600000001,0.6458654852811869,0.2558681481935668,-0.43794790173081427,-0.5706057316852583
-0.1960668,-0.1893879,0.5279514000000001,0.6416060113946276,0.2664702071608859,-0.44711564711032575,-0.5634030111270496
-0.19607328,-0.18939804,0.52798704,0.6371725160967502,0.2770013525482793,-0.45616495327411943,-0.5560530287857275
-0.19607976,-0.18940818,0.5280226800000001,0.6325661800635881,0.28745872821864976,-0.4650934553104701,-0.5485577319098186
-0.19608624,-0.18941832,0.52805832,0.6277882308437628,0.29783949769357176,-0.47389882031693686,-0.540919105717218
-0.19609272,-0.18942846,0.52809396,0.6228399425311351,0.3081408449224862,-0.4825787480098398,-0.5331391728690774
-0.1960992,-0.1894386,0.5281296,0.6177226354248552,0.3183599750464015,-0.4911309713250537,-0.5252199929339472
-0.19610568,-0.18944874,0.52816524,0.6124376756768692,0.32849411515596305,-0.49955325701002135,-0.5171636618422588
-0.19611216,-0.18945888,0.52820088,0.6069864749270069,0.33854051504363253,-0.5078434062067894,-0.5089723113313378
-0.19611864,-0.18946902,0.52823652,0.6013704899257026,0.348496447949845,-0.5159992550259703,-0.5006481083810314
-0.19612512,-0.1894791599999999,0.52827216,0.5955912221445078,0.3583592113028512,-0.5240186751114111,-0.4921932546401783
-0.1961316,-0.1894893,0.5283078,0.5896502173744498,0.3681261274521165,-0.5318995741954751,-0.483609985844011
-0.19613808,-0.18949944,0.52834344,0.5835490653123868,0.37779454439502463,-0.5396398966447535,-0.4749005712226879
-0.19614456,-0.1895095799999999,0.52837908,0.5772893991354157,0.3873618364967578,-0.5472376239961201,-0.46606731290105624
-0.19615104,-0.1895197199999999,0.52841472,0.5708728950635089,0.3968254052030715,-0.5546907754829135,-0.4571125452898771
-0.19615752,-0.18952986,0.52845036,0.5643012719104501,0.40618267974584155,-0.5619974085511757,-0.44803863446861175
-0.196164,-0.18954,0.528486,0.5575762906232229,0.4154311178411363,-0.5691556193657622,-0.43884797755998245
-0.19616928,-0.18954546,0.5285247,0.5515961275241579,0.4233870609562639,-0.5752613474612168,-0.4307661672326123
-0.19617456,-0.1895509199999999,0.5285634,0.5455024557850738,0.4312569138981894,-0.581252321927231,-0.4225994358747609
-0.19617984,-0.18955638,0.5286021,0.5392965148246212,0.4390390574092483,-0.587127362060028,-0.4143494127999324
-0.19618512,-0.1895618399999999,0.5286408,0.532979567158306,0.4467318900762424,-0.5928853102883804,-0.4060177437316057
-0.1961904,-0.1895673,0.5286795,0.526552898141547,0.45433382865987226,-0.5985250324016094,-0.3976060904747965
-0.19619568,-0.1895727599999999,0.5287182,0.5200178157080624,0.4618433084204355,-0.604045417772899,-0.3891161305844901
-0.19620096,-0.18957822,0.5287569,0.5133756501035965,0.4692587834397796,-0.6094453795779179,-0.38054955703095394
-0.19620624,-0.1895836799999999,0.5287956,0.5066277536150727,0.4765787269394026,-0.6147238550086778,-0.371908077862035
-0.19621152,-0.18958914,0.5288343,0.49977550029518336,0.483801631594687,-0.6198798054826243,-0.36319341586246
-0.1962168,-0.1895946,0.528873,0.4928202856825285,0.49092600984514057,-0.6249122168468713,-0.3544073082102691
-0.19622208,-0.18960006,0.5289117,0.48576352651731725,0.49795039420062837,-0.6298200995775767,-0.34555150613040264
-0.19622736,-0.18960552,0.5289504,0.47860666045272127,0.5048733375434966,-0.6346024889743939,-0.33662777454554804
-0.19623264,-0.1896109799999999,0.5289891,0.4713511457618944,0.5116934134265773,-0.6392584453499937,-0.32763789172425767
-0.19623792,-0.18961644,0.5290278,0.4639984610407764,0.5184092163669469,-0.643787054214578,-0.3185836489264868
-0.1962432,-0.1896218999999999,0.5290665,0.4565501049066939,0.5250193621354311,-0.6481874264553842,-0.3094668500465566
-0.19624848,-0.18962736,0.5291052,0.449007595692857,0.5315224880417587,-0.6524586985111156,-0.3002893112536632
-0.19625316,-0.1896333399999999,0.52914456,0.4417176105711594,0.5376392711711105,-0.6564124074132175,-0.2914658093154099
-0.19625664,-0.1896403599999999,0.52918524,0.4350416481529371,0.5431088928220679,-0.6598819273544013,-0.2834207770453748
-0.19626012,-0.18964738,0.52922592,0.42829797255828894,0.5484956070702208,-0.6632528454181741,-0.27533448525715937
-0.1962636,-0.1896544,0.5292666,0.42148761352476427,0.5537985758195171,-0.666524671464133,-0.26720814245659347
-0.19626708,-0.18966142,0.52930728,0.4146116111608981,0.5590169737651027,-0.6696969301640345,-0.2590429629654869
-0.19627056,-0.18966844,0.52934796,0.4076710157873157,0.5641499885216184,-0.6727691610707177,-0.25084016674009557
-0.19627404,-0.18967546,0.52938864,0.4006668877762313,0.5691968207495389,-0.6757409186848069,-0.24260097918874796
-0.19627752,-0.18968248,0.52942932,0.3936002973894046,0.5741566842795046,-0.6786117725191771,-0.23432663098870804
-0.196281,-0.1896895,0.52947,0.38647232461452685,0.5790288062346601,-0.6813813071611841,-0.22601835790223826
-0.19628448,-0.18969652,0.52951068,0.37928405900012646,0.5838124271509404,-0.6840491223326295,-0.21767740059196716
-0.19628796,-0.18970354,0.52955136,0.3720365994889665,0.5885068010953179,-0.6866148329474729,-0.2093050044355264
-0.19629144,-0.18971056,0.52959204,0.3647310542500016,0.5931111957819691,-0.6890780691672659,-0.20090241933953423
-0.19629492,-0.18971758,0.52963272,0.35736854050886513,0.5976248926863713,-0.6914384764543178,-0.19247089955289026
-0.1962984,-0.1897246,0.5296734,0.34995018437697917,0.6020471871572769,-0.693695715622568,-0.18401170347948553
-0.19630188,-0.18973162,0.52971408,0.3424771206792582,0.6063773885265762,-0.6958494628861702,-0.1755260934902923
-0.19630536,-0.18973864,0.52975476,0.33495049278047806,0.6106148202170075,-0.6978994099057688,-0.16701533573491456
-0.19630884,-0.18974566,0.52979544,0.32737145241027876,0.614758819847731,-0.6998452638324821,-0.15848069995255942
-0.19631032,-0.18975072,0.52983316,0.320443044577803,0.618440609418179,-0.7015213360113342,-0.15071590136761365
-0.1963108,-0.1897548,0.5298693999999999,0.31382610030753977,0.6218638986177174,-0.7030326100237978,-0.1433304559570712
-0.19631128,-0.18975888,0.52990564,0.30717259827113,0.6252163847372949,-0.7044661301777424,-0.13592990311107359
-0.19631176,-0.18976296,0.52994188,0.30048329613875496,0.62849767750937,-0.7058217459744549,-0.1285150614382975
-0.19631224,-0.18976704,0.52997812,0.29375895574540833,0.6317073947748867,-0.7070993155338774,-0.1210867510407932
-0.19631272,-0.18977112,0.53001436,0.28700034300410826,0.6348451625277086,-0.7082987056093601,-0.11364579342323448
-0.1963132,-0.1897752,0.5300506,0.28020822781865296,0.6379106149581152,-0.7094197916014567,-0.10619301140204385
-0.19631368,-0.18977928,0.53008684,0.2733833839958846,0.6409033944953769,-0.7104624575707669,-0.09872922901435212
-0.19631416,-0.18978336,0.53012308,0.2665265891575249,0.6438231518493791,-0.7114265962498147,-0.09125527142686161
-0.19631464,-0.18978744,0.53015932,0.2596386246515551,0.6466695460513097,-0.712312109053974,-0.0837719648445799
-0.19631512,-0.18979152,0.53019556,0.2527202754631744,0.6494422444933905,-0.7131189060914261,-0.07628013641946498
-0.1963156,-0.1897956,0.5302318,0.24577233012530836,0.6521409229676692,-0.7138469061721647,-0.0687806141589446
-0.19631608,-0.18979968,0.53026804,0.2387955806287323,0.6547652657038402,-0.7144960368160308,-0.06127422683438383
-0.19631656,-0.18980376,0.5303042800000001,0.23179082233177403,0.6573149654061103,-0.7150662342597891,-0.05376180388945792
-0.19631704,-0.18980784,0.53034052,0.224758853869642,0.6597897232890936,-0.715557443463238,-0.04624417534848163
-0.19631752,-0.18981192,0.53037676,0.21770047706334117,0.6621892491127443,-0.7159696181143582,-0.0387221717246522
-0.196318,-0.189816,0.530413,0.21061649682824474,0.6645132612163068,-0.7163027206334932,-0.03119662392827846
-0.19631698,-0.18981798,0.53044606,0.20451523464546537,0.6664438959102434,-0.716527556314207,-0.024785347370534644
-0.1963159599999999,-0.18981996,0.5304791200000001,0.19839628810328147,0.6683185097911758,-0.7166950059174665,-0.01837255644445457
-0.19631494,-0.18982194,0.53051218,0.19226017159043698,0.6701369409874056,-0.716805060450947,-0.01195876481800641
-0.19631392,-0.18982392,0.53054524,0.186107400976337,0.6718990323505235,-0.7168577155203569,-0.005544486197841758
-0.1963128999999999,-0.1898259,0.5305783000000001,0.17993849356767,0.6736046314689447,-0.7168529713294012,0.0008697657118707236
-0.19631188,-0.18982788,0.53061136,0.17375396806492305,0.6752535906810431,-0.7167908326793752,0.0072834772505904755
-0.19631086,-0.18982986,0.53064442,0.16755434451875093,0.6768457670878926,-0.7166713089683916,0.013696134842569832
-0.1963098399999999,-0.18983184,0.53067748,0.1613401442862541,0.6783810225656008,-0.7164944141902378,0.020107225037982693
-0.19630882,-0.18983382,0.5307105400000001,0.15511188998712983,0.6798592237772452,-0.7162601669328656,0.026516234554053567
-0.1963078,-0.1898358,0.5307436,0.1488701054597295,0.681280242184403,-0.7159685903765126,0.03292265031615502
-0.19630678,-0.18983778,0.53077666,0.14261531571698316,0.6826439540582842,-0.715619712291456,0.0393259594989121
-0.19630576,-0.18983976,0.53080972,0.136348046902251,0.6839502404904529,-0.7152135650353997,0.04572564956725408
-0.19630474,-0.18984174,0.53084278,0.13006882624505955,0.6851989874031478,-0.7147501855504914,0.05212120831745746
-0.19630372,-0.18984372,0.53087584,0.1237781820167603,0.6863900855591917,-0.714229615359976,0.058512123918142055
-0.1963027,-0.1898457,0.5309089,0.11747664348607141,0.687523430571501,-0.7136519005644794,0.06489788495125996
-0.19630168,-0.18984768,0.53094196,0.11116474087455927,0.6885989229121809,-0.7130170918379272,0.07127798045302153
-0.1963005,-0.1898480599999999,0.5309742,0.10515747493539955,0.68956261586162,-0.7123668242128675,0.07732277822326322
-0.196299,-0.18984524,0.5310048,0.09977165751683897,0.6903712547326412,-0.7117535941066812,0.08270410069303068
-0.1962975,-0.1898424199999999,0.5310354,0.09437962805847483,0.6911378289818044,-0.711099712444475,0.08808056607020205
-0.196296,-0.1898396,0.531066,0.08898171508633458,0.6918622909356363,-0.7104052176516127,0.09345186726305815
-0.1962945,-0.1898367799999999,0.5310966,0.08357824749193585,0.6925445954863879,-0.7096701504733184,0.09881769748354688
-0.196293,-0.18983396,0.5311272,0.07816955451225846,0.6931847000948334,-0.7088945539722787,0.10417775026479945
-0.1962915,-0.1898311399999999,0.5311578,0.07275596570967247,0.6937825647929137,-0.7080784735261128,0.10953171947864956
-0.19629,-0.18982832,0.5311884,0.06733781095186772,0.694338152186222,-0.7072219568247096,0.1148792993531111
-0.1962885,-0.1898254999999999,0.531219,0.061915420391751144,0.6948514274563337,-0.706325053867435,0.12022018448984839
-0.196287,-0.18982268,0.5312496,0.05648912444734258,0.6953223583629772,-0.7053878169602056,0.1255540698816082
-0.1962855,-0.18981986,0.5312802,0.05105925378162617,0.6957509152460509,-0.7044103007124294,0.13088065092965667
-0.196284,-0.18981704,0.5313108,0.04562613928241369,0.696137071027481,-0.7033925620338182,0.13619962346116513
-0.1962825,-0.18981422,0.5313414,0.04019011204217812,0.696480801212921,-0.7023346601310649,0.14151068374658696
-0.196281,-0.1898114,0.531372,0.03475150333788909,0.6967820838932962,-0.7012366565043945,0.14681352851699328
-0.1962795,-0.18980858,0.5314026000000001,0.02931064461081216,0.6970408997461894,-0.7000986149439782,0.15210785498140716
-0.196278,-0.18980576,0.5314332,0.023867867446323063,0.6972572320370687,-0.6989206015262207,0.15739336084408365
-0.1962765,-0.18980294,0.5314638,0.01842350355369579,0.6974310666203581,-0.6977026846099158,0.1626697443217788
-0.19627696,-0.18980212,0.53149196,0.013541496305861489,0.6975569187951353,-0.6965773836343759,0.1673646364317224
-0.1962784,-0.1898023,0.5315189,0.008940463107965188,0.6976476643679131,-0.6954884634558387,0.17176612506908126
-0.19627984,-0.18980248,0.53154584,0.004338831184090078,0.6977080641149418,-0.6943717312601586,0.17616052520274333
-0.19628128,-0.18980266,0.53157278,-0.00026319933596356815,0.6977381141428245,-0.6932272332157486,0.18054766109413484
-0.19628272,-0.18980284,0.53159972,-0.004865428297427213,0.6977378118779255,-0.6920550166014808,0.18492735730554197
-0.19628416,-0.18980302,0.53162666,-0.009467655529277724,0.697707156066527,-0.690855129804723,0.18929943870713803
-0.1962856,-0.1898032,0.5316536000000001,-0.014069680852935876,0.6976461467749294,-0.6896276223193337,0.1936637304839825
-0.19628704,-0.18980338,0.53168054,-0.018671304090970453,0.6975547853894952,-0.6883725447436118,0.19802005814301193
-0.19628848,-0.18980356,0.53170748,-0.02327232507579738,0.6974330746166337,-0.6870899487782037,0.20236824752001226
-0.19628992,-0.18980374,0.53173442,-0.027872543658395754,0.6972810184827292,-0.6857798872239608,0.20670812478659406
-0.19629136,-0.18980392,0.5317613600000001,-0.032471759717002724,0.6970986223340123,-0.6844424139797608,0.2110395164571341
-0.1962928,-0.1898041,0.5317883,-0.03706977316581897,0.6968858928363733,-0.6830775840402787,0.21536224939571336
-0.19629424,-0.18980428,0.53181524,-0.04166638396371175,0.6966428379751176,-0.6816854534937178,0.21967615082304026
-0.19629568,-0.18980446,0.53184218,-0.04626139212290778,0.6963694670546654,-0.6802660795194959,0.22398104832334984
-0.19629712,-0.18980464,0.53186912,-0.05085459771770173,0.6960657906981921,-0.6788195203858868,0.22827676985130635
-0.19629856,-0.18980482,0.53189606,-0.05544580089314466,0.6957318208472124,-0.6773458354476188,0.232563143738872
-0.1963,-0.189805,0.531923,-0.060034801873740024,0.6953675707611076,-0.6758450851434316,0.23683999870217143
-0.19630222,-0.1898029,0.53194406,-0.06385023963020837,0.6950354539075934,-0.6745808822116744,0.24039446346609045
-0.19630444,-0.1898008,0.5319651200000001,-0.0676638367702947,0.694682403546771,-0.6732979855206273,0.24394217775913501
-0.19630666,-0.1897987,0.53198618,-0.07147547844987333,0.6943084298961232,-0.6719964311292881,0.24748304326769893
-0.19630888,-0.1897966,0.53200724,-0.075285049881622,0.6939135438031415,-0.6706762556136947,0.25101696187086964
-0.1963111,-0.1897945,0.5320283,-0.0790924363384707,0.6934977567450089,-0.669337496065896,0.2545438356431404
-0.19631332,-0.1897924,0.53204936,-0.08289752315706525,0.6930610808282658,-0.6679801900929054,0.25806356685713283
-0.19631554,-0.1897903,0.53207042,-0.0867001957412139,0.6926035287884542,-0.6666043758156436,0.2615760579862997
-0.19631776,-0.1897882,0.5320914800000001,-0.09050033956534011,0.6921251139897471,-0.6652100918678644,0.2650812117076293
-0.19631998,-0.1897860999999999,0.5321125400000001,-0.09429784017792388,0.6916258504245547,-0.6637973773950706,0.2685789309043364
-0.1963222,-0.189784,0.5321336,-0.09809258320495921,0.6911057527131137,-0.6623662720534085,0.27206911866856287
-0.19632442,-0.1897819,0.53215466,-0.10188445435338968,0.6905648361030586,-0.660916816008555,0.2755516783040559
-0.19632664,-0.1897798,0.53217572,-0.10567333941455309,0.6900031164689715,-0.6594490499345869,0.2790265133288493
-0.19632886,-0.1897777,0.53219678,-0.1094591242676149,0.6894206103119165,-0.6579630150128397,0.28249352747793194
-0.19633108,-0.1897756,0.53221784,-0.11324169488301304,0.688817334758952,-0.6564587529307463,0.2859526247059222
-0.1963333,-0.1897734999999999,0.5322389000000001,-0.11702093732588632,0.6881933075626253,-0.654936305880667,0.28940370918972386
-0.19633552,-0.1897714,0.53225996,-0.12079673775950694,0.6875485471004489,-0.6533957165587037,0.2928466853311828
-0.19633702,-0.18976994,0.5322804600000001,-0.12434997383770008,0.6869281998126788,-0.6519344878185667,0.29605431241820984
-0.19633708,-0.1897697599999999,0.53229984,-0.1274624111903256,0.6863818032328299,-0.6506544261374186,0.29880122434853496
-0.19633714,-0.18976958,0.53231922,-0.13057243606628988,0.6858213102735311,-0.6493627921231181,0.3015425898948271
-0.1963372,-0.1897694,0.5323386,-0.1336799846463399,0.685246731635614,-0.6480596098606439,0.3042783603132718
-0.19633726,-0.18976922,0.53235798,-0.13678499315889062,0.6846580783087465,-0.6467449036402465,0.30700848696487926
-0.19633732,-0.18976904,0.53237736,-0.13988739788133908,0.684055361571219,-0.6454186979569886,0.30973292131635377
-0.19633738,-0.1897688599999999,0.53239674,-0.14298713514136516,0.6834385929897236,-0.6440810175102839,0.3124516149409526
-0.19633744,-0.18976868,0.53241612,-0.14608414131823916,0.6828077844191318,-0.6427318872034339,0.31516451951934776
-0.1963375,-0.1897685,0.5324355000000001,-0.1491783528441201,0.6821629480022627,-0.6413713321431609,0.3178715868404796
-0.19633756,-0.18976832,0.53245488,-0.1522697062053673,0.6815040961696448,-0.6399993776391322,0.3205727688024205
-0.19633762,-0.18976814,0.53247426,-0.15535813794383563,0.6808312416392744,-0.638616049203488,0.3232680174132233
-0.19633768,-0.1897679599999999,0.53249364,-0.1584435846581797,0.6801443974163667,-0.6372213725503614,0.3259572847917764
-0.19633774,-0.18976778,0.53251302,-0.1615259830051482,0.6794435767931021,-0.6358153735953962,0.3286405231686488
-0.1963378,-0.1897675999999999,0.5325324,-0.16460526970089015,0.6787287933483641,-0.6343980784552596,0.33131768488694485
-0.19633786,-0.18976742,0.53255178,-0.16768138152224626,0.6780000609474748,-0.6329695134471535,0.3339887224031452
-0.19633792,-0.18976724,0.53257116,-0.17075425530804822,0.6772573937419206,-0.6315297050883203,0.33665358828795255
-0.19633798,-0.18976706,0.53259054,-0.17382382796040843,0.6765008061690774,-0.6300786800955482,0.33931223522712883
-0.19633752,-0.1897680799999999,0.53260748,-0.1764973769850759,0.675834384237054,-0.6288189787452352,0.34158930453120095
-0.1963368,-0.1897696999999999,0.5326232,-0.17897220460441235,0.6752101302935664,-0.6276529021839096,0.34367435794382045
-0.19633608,-0.18977132,0.53263892,-0.18144481120059763,0.6745768219345227,-0.6264799150462955,0.3457554162130871
-0.19633536,-0.18977294,0.53265464,-0.18391516367241728,0.6739344671052822,-0.6253000310735238,0.34783245644752236
-0.19633464,-0.1897745599999999,0.53267036,-0.18638322894722353,0.673283073872136,-0.6241132640825023,0.3499054558031057
-0.19633392,-0.18977618,0.53268608,-0.1888489739813743,0.672622650422206,-0.6229196279657537,0.35197439148352266
-0.1963332,-0.1897778,0.5327018,-0.19131236576067567,0.6719532050633382,-0.6217191366912479,0.354039240740416
-0.19633248,-0.18977942,0.5327175199999999,-0.19377337130081881,0.671274746223999,-0.6205118043022387,0.35609998087363204
-0.19633176,-0.1897810399999999,0.53273324,-0.19623195764782564,0.6705872824531645,-0.6192976449170939,0.3581565892314741
-0.19633104,-0.18978266,0.5327489599999999,-0.19868809187848635,0.6698908224202121,-0.6180766727291291,0.36020904321094827
-0.19633032,-0.18978428,0.53276468,-0.20114174110080058,0.6691853749148098,-0.6168489020064376,0.36225732025801305
-0.1963296,-0.1897858999999999,0.5327803999999999,-0.2035928724544114,0.6684709488468024,-0.6156143470917231,0.36430139786782184
-0.19632888,-0.18978752,0.53279612,-0.20604145311105182,0.6677475532460977,-0.6143730224021272,0.3663412535849758
-0.19632816,-0.18978914,0.5328118399999999,-0.20848745027497864,0.6670151972625502,-0.6131249424290587,0.3683768650037662
-0.19632744,-0.18979076,0.53282756,-0.21093083118341158,0.6662738901658436,-0.6118701217380221,0.37040820976842054
-0.19632672,-0.1897923799999999,0.5328432799999999,-0.2133715631069687,0.6655236413453725,-0.6106085749684458,0.372435265573346
-0.196326,-0.189794,0.532859,-0.2158096133501079,0.6647644603101196,-0.6093403168335053,0.37445801016337654
-0.19632642,-0.1898027,0.53286938,-0.21774988442426613,0.6641619215582322,-0.608348192602569,0.37601383796674703
-0.19632684,-0.1898114,0.5328797599999999,-0.21968845866015624,0.6635537299091282,-0.6073521004577029,0.37756702017631866
-0.19632726,-0.1898201,0.53289014,-0.2216253196122458,0.6629398901781034,-0.6063520475030665,0.3791175466873741
-0.19632768,-0.1898288,0.53290052,-0.22356045084876033,0.6623204072282398,-0.605348040868502,0.38066540741441685
-0.1963281,-0.1898375,0.5329109,-0.22549383595182015,0.6616952859703694,-0.6043400877094857,0.38221059229123416
-0.19632852,-0.1898462,0.5329212799999999,-0.22742545851757986,0.6610645313630317,-0.6033281952070723,0.3837530912709638
-0.19632894,-0.1898549,0.5329316599999999,-0.22935530215636374,0.6604281484124364,-0.6023123705678459,0.3852928943261553
-0.19632936,-0.1898636,0.53294204,-0.23128335049280901,0.659786142172419,-0.6012926210238637,0.38682999144883956
-0.19632978,-0.1898723,0.53295242,-0.23320958716600135,0.6591385177444022,-0.6002689538326038,0.3883643726505906
-0.1963302,-0.189881,0.5329628,-0.23513399582961406,0.6584852802773535,-0.5992413762769129,0.389896027962591
-0.19633062,-0.1898897,0.5329731799999999,-0.23705656015204252,0.6578264349677443,-0.5982098956649532,0.39142494743569295
-0.19633104,-0.1898984,0.5329835599999999,-0.23897726381654819,0.6571619870595053,-0.5971745193301468,0.3929511211404878
-0.19633146,-0.1899071,0.53299394,-0.24089609052139174,0.6564919418439867,-0.596135254631124,0.3944745391673661
-0.19633188,-0.1899158,0.53300432,-0.24281302397997406,0.6558163046599116,-0.5950921089516679,0.3959951916265838
-0.1963323,-0.1899245,0.5330147,-0.24472804792096872,0.6551350808933364,-0.5940450897006624,0.397513068648322
-0.19633272,-0.1899332,0.5330250799999999,-0.24664114608846527,0.6544482759776038,-0.5929942043120359,0.39902816038275557
-0.1963334,-0.18994274,0.5330331399999999,-0.24840927888552028,0.6538079554931908,-0.5920265529706643,0.4004154693253779
-0.1963346,-0.18995396,0.53303656,-0.24988992781933825,0.6532676665427287,-0.5912303518109815,0.4015508073976783
-0.1963358,-0.18996518,0.53303998,-0.25136939067456027,0.6527240329265566,-0.5904319775158318,0.4026845492426253
-0.196337,-0.1899764,0.5330434,-0.252847659910517,0.6521770572686751,-0.58963143331517,0.4038166907110763
-0.1963382,-0.18998762,0.5330468199999999,-0.2543247279923816,0.6516267422100608,-0.5888287224468466,0.4049472276604922
-0.1963394,-0.18999884,0.53305024,-0.25580058739120715,0.6510730904086527,-0.5880238481565944,0.4060761559549518
-0.1963406,-0.19001006,0.53305366,-0.25727523058396373,0.6505161045393393,-0.587216813698015,0.40720347146516633
-0.1963418,-0.19002128,0.53305708,-0.2587486500535787,0.6499557872939455,-0.5864076223325645,0.4083291700684958
-0.196343,-0.1900325,0.5330604999999999,-0.2602208382889744,0.6493921413812185,-0.5855962773295398,0.4094532476489636
-0.1963442,-0.19004372,0.53306392,-0.26169178778510516,0.6488251695268157,-0.5847827819660654,0.41057570009727024
-0.1963454,-0.19005494,0.53306734,-0.2631614910429946,0.6482548744732903,-0.5839671395270796,0.4116965233108083
-0.1963466,-0.1900661599999999,0.53307076,-0.26462994056977696,0.6476812589800774,-0.5831493533053195,0.41281571319367916
-0.1963478,-0.19007738,0.5330741800000001,-0.2660971288787312,0.6471043258234814,-0.5823294266013088,0.41393326565670496
-0.196349,-0.1900886,0.5330776,-0.26756304848932283,0.6465240777966611,-0.5815073627233426,0.4150491766174464
-0.1963502,-0.19009982,0.53308102,-0.2690276919272361,0.6459405177096172,-0.580683164987475,0.41616344200021327
-0.1963514,-0.1901110399999999,0.53308444,-0.27049105172441895,0.6453536483891767,-0.5798568367175032,0.41727605773608384
-0.1963526,-0.19012226,0.5330878600000001,-0.2719531204191153,0.6447634726789805,-0.5790283812449549,0.4183870197629162
-0.19635468,-0.1901334,0.53308624,-0.2731744428548006,0.6442735071094986,-0.5783599961964365,0.419269706283979
-0.1963572,-0.1901445,0.5330821,-0.274275224558099,0.643833188773155,-0.5777715076029479,0.4200381068784259
-0.19635972,-0.1901556,0.5330779600000001,-0.2753752835624268,0.6433910004296548,-0.5771820037514531,0.4208056657347884
-0.19636224,-0.1901667,0.53307382,-0.2764746167030615,0.642946943281308,-0.5765914858730794,0.4215723815227845
-0.19636476,-0.1901778,0.53306968,-0.27757322081729996,0.6425010185357679,-0.5759999552006754,0.4223382529139783
-0.19636728,-0.1901889,0.5330655400000001,-0.278671092744466,0.6420532274060273,-0.5754074129688086,0.42310327858178115
-0.1963697999999999,-0.1902,0.5330614,-0.2797682293259226,0.641603571110415,-0.5748138604137624,0.4238674572014563
-0.19637232,-0.1902111,0.5330572600000001,-0.28086462740507945,0.6411520508725916,-0.5742192987735318,0.42463078745011995
-0.19637484,-0.1902222,0.53305312,-0.28196028382740146,0.6406986679215472,-0.5736237292878227,0.4253932680067432
-0.19637736,-0.1902333,0.53304898,-0.2830551954404164,0.6402434234915979,-0.573027153198049,0.4261548975521528
-0.1963798799999999,-0.1902444,0.5330448400000001,-0.28414935909372796,0.639786318822381,-0.5724295717473269,0.42691567476903686
-0.1963823999999999,-0.1902555,0.5330407,-0.28524277163902095,0.6393273551588531,-0.5718309861804755,0.427675598341944
-0.19638492,-0.1902666,0.53303656,-0.28633542993007255,0.6388665337512851,-0.5712313977440114,0.4284346669572871
-0.19638744,-0.1902777,0.5330324200000001,-0.28742733082275795,0.6384038558552605,-0.5706308076861487,0.4291928793033432
-0.1963899599999999,-0.1902888,0.53302828,-0.2885184711750646,0.6379393227316696,-0.5700292172567922,0.4299502340702591
-0.1963924799999999,-0.1902999,0.5330241400000001,-0.28960884784709684,0.6374729356467081,-0.5694266277075378,0.4307067299500512
-0.196395,-0.190311,0.53302,-0.2906984577010865,0.6370046958718713,-0.5688230402916681,0.4314623656366078
-0.19640172,-0.19031952,0.53300698,-0.29147247205058363,0.6366695692474963,-0.5684522534077957,0.43192324923130554
-0.19640844,-0.19032804,0.53299396,-0.29224609033450066,0.6363335108919428,-0.5680810975042442,0.4323838020306797
-0.1964151599999999,-0.19033656,0.5329809400000001,-0.2930193114365961,0.6359965212796832,-0.567709572891699,0.43284402374583975
-0.19642188,-0.19034508,0.53296792,-0.29379213424120126,0.6356586008865241,-0.567337679881062,0.43330391408820707
-0.1964285999999999,-0.1903536,0.5329549,-0.29456455763322037,0.6353197501896061,-0.566965418783451,0.4337634727695126
-0.19643532,-0.19036212,0.5329418800000001,-0.2953365804981328,0.6349799696674024,-0.5665927899102008,0.4342226995017988
-0.1964420399999999,-0.19037064,0.5329288600000001,-0.29610820172199603,0.634639259799719,-0.5662197935728608,0.43468159399741946
-0.19644876,-0.19037916,0.53291584,-0.2968794201914453,0.6342976210676925,-0.5658464300831959,0.43514015596903943
-0.19645548,-0.19038768,0.53290282,-0.2976502347936955,0.6339550539537918,-0.5654726997531865,0.43559838512963445
-0.1964621999999999,-0.1903962,0.5328898000000001,-0.29842064441654387,0.633611558941815,-0.5650986028950269,0.43605628119249273
-0.19646892,-0.19040472,0.53287678,-0.2991906479483707,0.63326713651689,-0.564724139821126,0.4365138438712135
-0.1964756399999999,-0.19041324,0.53286376,-0.2999602442781416,0.6329217871654733,-0.5643493108441062,0.4369710728797082
-0.19648236,-0.19042176,0.53285074,-0.3007294322954076,0.6325755113753498,-0.5639741162768047,0.43742796793220007
-0.1964890799999999,-0.19043028,0.5328377200000001,-0.30149821089030815,0.632228309635632,-0.5635985564322706,0.4378845287432241
-0.1964958,-0.1904388,0.5328247,-0.3022665789535727,0.6318801824367584,-0.5632226316237671,0.43834075502762815
-0.1965025199999999,-0.19044732,0.53281168,-0.30303453537652186,0.6315311302704936,-0.5628463421647688,0.43879664650057243
-0.1965107999999999,-0.19045752,0.5327970200000001,-0.30371424209530706,0.6312257914219647,-0.5625384389401118,0.43916074973409197
-0.1965221999999999,-0.19047108,0.5327790800000001,-0.3042180240784859,0.6310091611879948,-0.5623678816422638,0.439341778140661
-0.1965336,-0.19048464,0.53276114,-0.3047216362756394,0.6307921427045484,-0.5621972736471159,0.4395227213597167
-0.196545,-0.1904982,0.5327432,-0.3052250783888403,0.6305747361066351,-0.5620266150121312,0.43970357938568055
-0.1965564,-0.19051176,0.53272526,-0.30572835012026656,0.6303569415294931,-0.5618559057947635,0.43988435221302075
-0.1965678,-0.19052532,0.53270732,-0.30623145117220374,0.6301387591085903,-0.5616851460524566,0.44006503983625256
-0.1965792,-0.19053888,0.53268938,-0.3067343812470454,0.6299201889796239,-0.5615143358426442,0.4402456422499391
-0.1965906,-0.19055244,0.53267144,-0.3072371400472908,0.6297012312785202,-0.5613434752227504,0.4404261594486898
-0.196602,-0.190566,0.5326535,-0.3077397272755487,0.629481886141434,-0.5611725642501885,0.44060659142716174
-0.1966134,-0.19057956,0.53263556,-0.308242142634534,0.6292621537047499,-0.5610016029823625,0.44078693818005876
-0.1966248,-0.19059312,0.53261762,-0.30874438582707,0.6290420341050812,-0.5608305914766663,0.44096719970213194
-0.1966362,-0.19060668,0.53259968,-0.3092464565560885,0.6288215274792694,-0.560659529790483,0.4411473759881795
-0.1966476,-0.19062024,0.53258174,-0.309748354524629,0.6286006339643851,-0.5604884179811863,0.4413274670330465
-0.196659,-0.1906338,0.5325638,-0.3102500794358395,0.6283793536977281,-0.5603172561061394,0.44150747283162484
-0.1966704,-0.19064736,0.53254586,-0.3107516309929774,0.6281576868168253,-0.5601460442226944,0.44168739337885443
-0.1966818,-0.1906609199999999,0.5325279199999999,-0.31125300889940705,0.6279356334594338,-0.5599747823881949,0.4418672286697204
-0.1966932,-0.1906744799999999,0.5325099799999999,-0.31175421285860405,0.6277131937635374,-0.5598034706599724,0.4420469786992569
-0.1967044,-0.1906896,0.53248772,-0.3120957340736642,0.6275673962203335,-0.5597403284301908,0.44209295482184924
-0.1967155,-0.1907054999999999,0.5324633,-0.3123574305697961,0.6274599672710285,-0.5597312923444956,0.44207205907005237
-0.1967266,-0.1907213999999999,0.53243888,-0.31261907734389316,0.6273524408675687,-0.5597222620009198,0.4420511473107273
-0.1967377,-0.1907373,0.53241446,-0.31288067435694233,0.6272448170293136,-0.5597132374083899,0.44203021954797106
-0.1967488,-0.1907531999999999,0.53239004,-0.31314222156993715,0.6271370957756383,-0.5597042185758294,0.4420092757858847
-0.1967599,-0.1907691,0.53236562,-0.313403718943879,0.6270292771259335,-0.5596952055121612,0.44198831602857414
-0.196771,-0.1907849999999999,0.5323412,-0.3136651664397774,0.6269213610996056,-0.5596861982263048,0.44196734028014983
-0.1967821,-0.1908009,0.53231678,-0.3139265640186494,0.6268133477160769,-0.5596771967271779,0.4419463485447268
-0.1967932,-0.1908167999999999,0.53229236,-0.31418791164152016,0.6267052369947841,-0.5596682010236955,0.44192534082642565
-0.1968043,-0.1908327,0.53226794,-0.3144492092694221,0.6265970289551802,-0.5596592111247709,0.44190431712937056
-0.1968154,-0.1908485999999999,0.53224352,-0.31471045686339544,0.6264887236167342,-0.5596502270393157,0.4418832774576908
-0.1968265,-0.1908645,0.5322191000000001,-0.3149716543844892,0.6263803209989297,-0.5596412487762382,0.44186222181552076
-0.1968376,-0.1908804,0.53219468,-0.3152328017937588,0.6262718211212666,-0.5596322763444452,0.4418411502069988
-0.1968487,-0.1908963,0.53217026,-0.31549389905226827,0.6261632240032596,-0.5596233097528412,0.4418200626362684
-0.1968598,-0.1909122,0.5321458400000001,-0.3157549461210889,0.6260545296644403,-0.5596143490103291,0.44179895910747724
-0.1968709,-0.1909281,0.5321214200000001,-0.31601594296130076,0.6259457381243538,-0.5596053941258081,0.44177783962477857
-0.196882,-0.190944,0.532097,-0.31627688953399097,0.6258368494025626,-0.5595964451081766,0.4417567041923298
-0.19689076,-0.19095696,0.5320703,-0.3163169912252508,0.6258390968079949,-0.5597242527063522,0.44156284592464673
-0.19689952,-0.19096992,0.5320436000000001,-0.3163570816753058,0.6258413517516775,-0.5598519990479911,0.441368936915009
-0.19690828,-0.19098288,0.5320169,-0.3163971608795592,0.6258436142283562,-0.5599796841165255,0.44117497718444876
-0.19691704,-0.19099584,0.5319902000000001,-0.31643722883341724,0.6258458842327751,-0.5601073078953951,0.44098096675400456
-0.1969258,-0.1910088,0.5319635,-0.3164772855322872,0.6258481617596768,-0.5602348703680466,0.44078690564471895
-0.19693456,-0.1910217599999999,0.5319368,-0.3165173309715803,0.6258504468038015,-0.560362371517934,0.4405927938776419
-0.19694332,-0.19103472,0.5319101,-0.3165573651467087,0.6258527393598876,-0.5604898113285182,0.44039863147382746
-0.19695208,-0.19104768,0.5318834,-0.3165973880530882,0.6258550394226713,-0.5606171897832671,0.4402044184543371
-0.19696084,-0.19106064,0.5318567000000001,-0.3166373996861358,0.6258573469868873,-0.5607445068656567,0.4400101548402365
-0.1969696,-0.1910736,0.53183,-0.31667740004127215,0.6258596620472678,-0.5608717625591688,0.43981584065259777
-0.19697836,-0.19108656,0.5318033,-0.31671738911391933,0.6258619845985431,-0.5609989568472935,0.43962147591249856
-0.19698712,-0.19109952,0.5317766,-0.31675736689950207,0.6258643146354423,-0.5611260897135278,0.4394270606410221
-0.19699588,-0.19111248,0.5317499,-0.316797333393448,0.625866652152691,-0.5612531611413749,0.4392325948592577
-0.19700464,-0.19112544,0.5317232000000001,-0.3168372885911866,0.6258689971450144,-0.5613801711143467,0.4390380785882998
-0.1970134,-0.1911383999999999,0.5316965,-0.3168772324881496,0.625871349607135,-0.5615071196159612,0.43884351184924836
-0.19702216,-0.19115136,0.5316698,-0.31691716507977175,0.6258737095337731,-0.5616340066297438,0.4386488946632099
-0.19703102,-0.19116284,0.53164336,-0.31689231391256545,0.625907155299453,-0.5618052198261962,0.43839980531944334
-0.19704008,-0.1911713599999999,0.53161744,-0.3167378891913876,0.6260027400291609,-0.5620650387392416,0.43804174601699963
-0.19704914,-0.19117988,0.53159152,-0.3165834271415987,0.6260982943215688,-0.5623246338411537,0.43768352228786783
-0.1970582,-0.1911884,0.5315656,-0.31642892776238135,0.6261938181563876,-0.5625840050267835,0.43732513427185804
-0.19706726,-0.19119692,0.5315396800000001,-0.31627439105293204,0.6262893115133211,-0.5628431521910693,0.43696658210884726
-0.19707632,-0.19120544,0.5315137600000001,-0.3161198170124602,0.626384774372066,-0.5631020752290381,0.4366078659387794
-0.19708538,-0.19121396,0.53148784,-0.31596520564018993,0.6264802067123116,-0.563360774035804,0.43624898590166555
-0.19709444,-0.19122248,0.53146192,-0.3158105569353582,0.6265756085137403,-0.5636192485065685,0.43588994213758336
-0.1971035,-0.1912309999999999,0.531436,-0.3156558708972164,0.6266709797560268,-0.5638774985366216,0.43553073478667786
-0.19711256,-0.19123952,0.53141008,-0.3155011475250293,0.626766320418839,-0.5641355240213408,0.4351713639891602
-0.19712162,-0.19124804,0.53138416,-0.31534638681807514,0.6268616304818375,-0.5643933248561918,0.43481182988530853
-0.19713068,-0.19125656,0.53135824,-0.315191588775647,0.6269569099246753,-0.5646509009367271,0.4344521326154683
-0.19713974,-0.19126508,0.53133232,-0.31503675339705045,0.627052158726999,-0.5649082521585888,0.43409227232005065
-0.1971487999999999,-0.1912736,0.5313064000000001,-0.31488188068160555,0.6271473768684471,-0.5651653784175057,0.43373224913953384
-0.19715786,-0.19128212,0.53128048,-0.3147269706286457,0.6272425643286519,-0.5654222796092958,0.43337206321446214
-0.19716692,-0.19129064,0.53125456,-0.31457202323751876,0.627337721087238,-0.565678955629864,0.4330117146854471
-0.19717598,-0.19129916,0.53122864,-0.31441703850758573,0.6274328471238229,-0.5659354063752042,0.432651203693166
-0.1971850799999999,-0.1913101999999999,0.53120588,-0.314148713932188,0.627595186497294,-0.5662541716564321,0.4321933369475598
-0.1971942,-0.1913225,0.5311847000000001,-0.3138236183113485,0.627791012391111,-0.5666037978962748,0.4316865964567749
-0.19720332,-0.1913348,0.53116352,-0.31349838646237627,0.627986681717089,-0.5669529781872963,0.43117955632891636
-0.19721244,-0.1913471,0.53114234,-0.3131730184470462,0.6281821943683853,-0.5673017122652102,0.4306722169542017
-0.19722156,-0.1913594,0.53112116,-0.3128475143272266,0.6283775502381637,-0.5676499998660707,0.4301645787230856
-0.19723068,-0.1913717,0.53109998,-0.31252187416487687,0.6285727492195979,-0.5679978407262748,0.4296566420262565
-0.1972398,-0.191384,0.5310788,-0.3121960980220511,0.6287677912058683,-0.5683452345825596,0.4291484072546402
-0.19724892,-0.1913963,0.53105762,-0.311870185960895,0.6289626760901649,-0.5686921811720052,0.4286398747993965
-0.19725804,-0.1914086,0.53103644,-0.31154413804364683,0.6291574037656855,-0.5690386802320337,0.4281310450519194
-0.19726716,-0.1914209,0.53101526,-0.31121795433263844,0.6293519741256363,-0.5693847315004094,0.4276219184038385
-0.19727628,-0.1914332,0.53099408,-0.3108916348902942,0.6295463870632323,-0.5697303347152389,0.427112495247017
-0.1972854,-0.1914455,0.5309729,-0.3105651797791312,0.6297406424716969,-0.5700754896149719,0.426602775973552
-0.19729452,-0.1914578,0.53095172,-0.31023858906175855,0.6299347402442632,-0.5704201959384017,0.4260927609757732
-0.19730364,-0.1914701,0.53093054,-0.30991186280087984,0.6301286802741722,-0.5707644534246636,0.42558245064624495
-0.19731276,-0.1914824,0.53090936,-0.30958500105929043,0.6303224624546742,-0.5711082618132376,0.4250718453777638
-0.19732188,-0.1914947,0.5308881799999999,-0.30925800389987934,0.630516086679028,-0.5714516208439457,0.4245609455633592
-0.197331,-0.191507,0.530867,-0.3089308713856278,0.6307095528405027,-0.5717945302569555,0.4240497515962928
-0.19733862,-0.19151906,0.53085194,-0.3084416367243195,0.6309818418960252,-0.5722392637908291,0.42340039786052663
-0.19734624,-0.19153112,0.53083688,-0.3079521485898552,0.6312537623090888,-0.5726832668920028,0.4227505618818447
-0.19735386,-0.19154318,0.53082182,-0.3074624072451296,0.6315253138288193,-0.5731265390261263,0.42210024447798616
-0.19736148,-0.19155524,0.5308067599999999,-0.30697241295330246,0.631796496204509,-0.5735690796597622,0.4214494464672914
-0.1973691,-0.1915673,0.5307917,-0.30648216597779776,0.6320673091856175,-0.5740108882603875,0.4207981686686997
-0.19737672,-0.19157936,0.53077664,-0.30599166658230176,0.6323377525217727,-0.5744519642963943,0.4201464119017475
-0.19738434,-0.19159142,0.53076158,-0.3055009150307645,0.6326078259627694,-0.574892307237091,0.41949417698656816
-0.19739196,-0.19160348,0.53074652,-0.3050099115873996,0.6328775292585711,-0.5753319165527017,0.4188414647438912
-0.19739958,-0.19161554,0.5307314599999999,-0.30451865651668303,0.63314686215931,-0.5757707917143687,0.4181882759950394
-0.1974072,-0.1916276,0.5307164,-0.30402715008335507,0.6334158244152864,-0.576208932194151,0.417534611561931
-0.19741482,-0.19163966,0.53070134,-0.3035353925524188,0.6336844157769698,-0.5766463374650265,0.41688047226707614
-0.19742244,-0.19165172,0.53068628,-0.3030433841891392,0.6339526359949996,-0.5770830070008927,0.4162258589335758
-0.19743006,-0.19166378,0.53067122,-0.30255112525904543,0.6342204848201844,-0.5775189402765666,0.4155707723851223
-0.19743768,-0.19167584,0.5306561599999999,-0.3020586160279295,0.6344879620035022,-0.5779541367677854,0.4149152134459982
-0.1974453,-0.1916879,0.5306411,-0.30156585676184516,0.6347550672961022,-0.5783885959512078,0.414259182941073
-0.19745292,-0.19169996,0.53062604,-0.3010728477271098,0.6350218004493037,-0.5788223173044144,0.41360268169580494
-0.19746056,-0.1917102,0.5306116399999999,-0.3005371658426342,0.6353013256723576,-0.5792918690410235,0.41290503509787757
-0.19746824,-0.1917168,0.5305985599999999,-0.2999163430641675,0.6356066546400402,-0.5798336148729902,0.41212540179371887
-0.19747592,-0.1917234,0.5305854799999999,-0.2992952041121947,0.6359113818525368,-0.5803743142172929,0.4113450505629598
-0.1974836,-0.1917299999999999,0.5305723999999999,-0.2986737495624294,0.6362155069737012,-0.5809139661164814,0.410563982808204
-0.19749128,-0.1917365999999999,0.53055932,-0.2980519799909547,0.6365190296679257,-0.5814525696149845,0.40978219993333687
-0.19749896,-0.1917432,0.53054624,-0.2974298959742242,0.6368219496001429,-0.5819901237591103,0.40899970334352415
-0.19750664,-0.1917498,0.53053316,-0.29680749808905926,0.6371242664358246,-0.5825266275970492,0.4082164944452076
-0.19751432,-0.1917564,0.53052008,-0.2961847869126495,0.637425979840984,-0.5830620801788757,0.4074325746461025
-0.197522,-0.191763,0.530507,-0.2955617630225526,0.637727089482175,-0.5835964805565496,0.40664794535519694
-0.19752968,-0.1917695999999999,0.53049392,-0.2949384269966936,0.6380275950264926,-0.584129827783917,0.4058626079827477
-0.19753736,-0.1917761999999999,0.5304808400000001,-0.2943147794133643,0.6383274961415735,-0.5846621209167134,0.4050765639402785
-0.19754504,-0.1917828,0.5304677600000001,-0.29369082085122256,0.6386267924955972,-0.5851933590125651,0.40428981464057656
-0.19755272,-0.1917894,0.5304546800000001,-0.2930665518892919,0.6389254837572856,-0.5857235411309899,0.40350236149769064
-0.1975604,-0.191796,0.5304416000000001,-0.29244197310696185,0.6392235695959033,-0.5862526663334,0.4027142059269298
-0.19756808,-0.1918026,0.5304285200000001,-0.2918170850839871,0.6395210496812584,-0.5867807336831021,0.4019253493448588
-0.19757576,-0.1918091999999999,0.5304154400000001,-0.2911918884004847,0.6398179236837037,-0.587307742245302,0.40113579316929543
-0.19758344,-0.1918157999999999,0.5304023600000001,-0.29056638363693715,0.6401141912741357,-0.587833691087103,0.40034553881931
-0.19759112,-0.19181932,0.53038988,-0.28987472336630216,0.6404368813475487,-0.588405993559105,0.3994892145062968
-0.1975988,-0.1918213,0.5303777000000001,-0.28914976029072104,0.6407723042775123,-0.5890007072421979,0.3985993440321954
-0.19760648,-0.1918232799999999,0.53036552,-0.2884244049151095,0.6411069100636398,-0.5895940768305366,0.39770858311628665
-0.19761416,-0.19182526,0.53035334,-0.2876986581545877,0.6414406982401487,-0.5901861009858788,0.3968169337872644
-0.19762184,-0.1918272399999999,0.53034116,-0.28697252092484365,0.64177366834227,-0.590776778373041,0.39592439807584107
-0.19762952,-0.19182922,0.5303289800000001,-0.28624599414212515,0.6421058199062515,-0.5913661076599057,0.3950309780147374
-0.1976372,-0.1918311999999999,0.5303168,-0.285519078723244,0.6424371524693567,-0.591954087517421,0.39413667563868277
-0.19764488,-0.19183318,0.53030462,-0.2847917755855722,0.6427676655698664,-0.5925407166196054,0.39324149298440775
-0.19765256,-0.19183516,0.53029244,-0.2840640856470429,0.6430973587470786,-0.5931259936435499,0.39234543209064143
-0.19766024,-0.19183714,0.53028026,-0.28333600982614704,0.6434262315413104,-0.5937099172694221,0.3914484949981052
-0.19766792,-0.19183912,0.53026808,-0.2826075490419327,0.6437542834938973,-0.5942924861804684,0.3905506837495083
-0.1976756,-0.1918411,0.5302559,-0.2818787042140058,0.644081514147195,-0.5948736990630167,0.3896520003895438
-0.19768328,-0.19184308,0.53024372,-0.2811494762625269,0.6444079230445798,-0.5954535546064805,0.38875244696488387
-0.19769096,-0.1918450599999999,0.53023154,-0.2804198661082117,0.6447335097304487,-0.5960320515033604,0.3878520255241753
-0.19769864,-0.19184704,0.53021936,-0.27968987467232853,0.6450582737502204,-0.5966091884492488,0.3869507381180342
-0.19770632,-0.1918490199999999,0.53020718,-0.2789595028766974,0.6453822146503372,-0.5971849641428318,0.3860485867990407
-0.197714,-0.191851,0.530195,-0.27822875164369043,0.6457053319782637,-0.5977593772858919,0.38514557362173696
-0.19772054,-0.19185196,0.5301848,-0.2774170802537899,0.6460693102680819,-0.5983787253073487,0.38415766426395814
-0.19772708,-0.1918529199999999,0.5301745999999999,-0.27660492446147794,0.6464322742467747,-0.5989964440719114,0.38316874946295965
-0.19773362,-0.19185388,0.5301644,-0.2757922855231529,0.6467942232551533,-0.5996125319366857,0.3821788319022337
-0.19774016,-0.19185484,0.5301542,-0.2749791646961361,0.6471551566355643,-0.6002269872631928,0.38118791426796894
-0.1977467,-0.1918558,0.530144,-0.27416556323866914,0.6475150737318912,-0.6008398084173749,0.3801959992490439
-0.19775324,-0.19185676,0.5301338,-0.27335148240991125,0.6478739738895558,-0.6014509937696003,0.37920308953701765
-0.19775978,-0.19185772,0.5301236,-0.2725369234699376,0.6482318564555201,-0.6020605416946667,0.3782091878261231
-0.19776632,-0.19185868,0.5301134,-0.27172188767973837,0.6485887207782866,-0.602668450571807,0.3772142968132609
-0.19777286,-0.19185964,0.5301032,-0.27090637630121683,0.6489445662078998,-0.6032747187846915,0.3762184191979917
-0.1977794,-0.1918606,0.5300929999999999,-0.27009039059718637,0.649299392095948,-0.6038793447214343,0.375221557682528
-0.19778594,-0.19186156,0.5300828,-0.2692739318313693,0.6496531977955652,-0.6044823267745971,0.37422371497172713
-0.19779248,-0.19186252,0.5300726,-0.26845700126839495,0.6500059826614308,-0.6050836633411936,0.3732248937730841
-0.19779902,-0.19186348,0.5300623999999999,-0.2676396001737987,0.6503577460497716,-0.6056833528226925,0.3722250967967256
-0.19780556,-0.19186444,0.5300522,-0.2668217298140189,0.650708487318364,-0.6062813936250235,0.37122432675540046
-0.1978121,-0.1918654,0.530042,-0.2660033914563947,0.651058205826534,-0.6068777841585824,0.3702225863644729
-0.19781864,-0.19186636,0.5300317999999999,-0.26518458636916564,0.6514069009351595,-0.6074725228382324,0.36921987834191594
-0.19782428,-0.19186622,0.5300206399999999,-0.2643427018209321,0.6517629923483567,-0.6080757385254867,0.3682008066474182
-0.19782812,-0.19186388,0.5300075599999999,-0.26345508046893584,0.6521347805294778,-0.6086974555083393,0.3671499097869284
-0.19783196,-0.19186154,0.5299944799999999,-0.2625669295537125,0.6525053644352117,-0.6093173588542458,0.36609795558961267
-0.1978358,-0.1918592,0.5299813999999999,-0.26167825070041895,0.6528747432990447,-0.6099354467556803,0.36504494718256786
-0.19783964,-0.19185686,0.5299683199999999,-0.26078904553534515,0.6532429163566397,-0.6105517174105057,0.3639908876959946
-0.19784348,-0.19185452,0.5299552399999999,-0.259899315685908,0.6536098828458374,-0.6111661690219787,0.36293578026318296
-0.19784732,-0.19185218,0.5299421599999999,-0.2590090627806503,0.6539756420066594,-0.6117787997987562,0.3618796280205067
-0.19785116,-0.19184984,0.5299290799999999,-0.2581182884492381,0.6543401930813079,-0.6123896079548984,0.36082243410741305
-0.197855,-0.1918475,0.529916,-0.2572269943224572,0.6547035353141688,-0.6129985917098763,0.35976420166641343
-0.19785884,-0.19184516,0.52990292,-0.25633518203220995,0.655065667951813,-0.6136057492885765,0.3587049338430732
-0.19786268,-0.19184282,0.5298898400000001,-0.25544285321151344,0.6554265902429979,-0.6142110789213049,0.35764463378600414
-0.19786652,-0.19184048,0.5298767600000001,-0.25455000949449474,0.6557863014386698,-0.6148145788437946,0.3565833046468528
-0.19787036,-0.19183814,0.5298636800000001,-0.25365665251639125,0.656144800791964,-0.6154162472972081,0.35552094958029445
-0.1978742,-0.1918358,0.5298506000000001,-0.2527627839135438,0.6565020875582083,-0.6160160825281452,0.3544575717440199
-0.19787804,-0.19183346,0.5298375200000001,-0.2518684053233966,0.6568581609949241,-0.6166140827886466,0.35339317429872874
-0.19788188,-0.19183112,0.5298244400000001,-0.2509735183844924,0.6572130203618275,-0.6172102463361998,0.35232776040811836
-0.19788572,-0.19182878,0.5298113600000001,-0.2500781247364726,0.6575666649208309,-0.6178045714337435,0.3512613332388774
-0.19788796,-0.19182728,0.52979632,-0.24915330726666204,0.6579389072754539,-0.618407276420166,0.35015919842531396
-0.1978894,-0.1918262,0.5297803,-0.24821344869794348,0.658319742393555,-0.6190130982348471,0.34903865813696355
-0.19789084,-0.19182512,0.52976428,-0.2472729945981067,0.6586992431465443,-0.6196168947097138,0.34791705478597357
-0.19789228,-0.19182404,0.52974826,-0.24633194684481977,0.6590774085786505,-0.6202186639592369,0.3467943920271933
-0.19789372,-0.19182296,0.5297322400000001,-0.2453903073173277,0.6594542377367116,-0.6208184041044773,0.34567067351884245
-0.19789516,-0.19182188,0.5297162200000001,-0.2444480778964489,0.6598297296701755,-0.6214161132730903,0.34454590292249954
-0.1978966,-0.1918208,0.5297002000000001,-0.24350526046457155,0.660203883431104,-0.6220117895993331,0.3434200839030896
-0.19789804,-0.19181972,0.5296841800000001,-0.24256185690565238,0.6605766980741745,-0.6226054312240686,0.3422932201288746
-0.19789948,-0.19181864,0.52966816,-0.24161786910520816,0.6609481726566838,-0.6231970362947741,0.3411653152714368
-0.19790092,-0.19181756,0.52965214,-0.24067329895031703,0.6613183062385495,-0.6237866029655456,0.3400363730056717
-0.19790236,-0.19181648,0.52963612,-0.23972814832961242,0.6616870978823136,-0.6243741293971037,0.33890639700977304
-0.1979038,-0.1918154,0.5296201,-0.23878241913327997,0.6620545466531446,-0.6249596137568001,0.3377753909652228
-0.19790524,-0.19181432,0.52960408,-0.23783611325305387,0.6624206516188408,-0.6255430542186237,0.3366433585567774
-0.19790668,-0.19181324,0.52958806,-0.23688923258221345,0.662785411849832,-0.626124448963206,0.3355103034724573
-0.19790812,-0.19181216,0.52957204,-0.2359417790155795,0.6631488264191829,-0.6267037961778269,0.33437622940353395
-0.19790956,-0.19181108,0.52955602,-0.23499375444951134,0.6635108944025954,-0.6272810940564206,0.3332411400445194
-0.197911,-0.19181,0.52954,-0.23404516078190096,0.6638716148784108,-0.6278563407995823,0.3321050390931515
-0.1979125,-0.19180892,0.52951888,-0.23306974599240082,0.6642390777186384,-0.6284466643001896,0.3309376546488707
-0.197914,-0.19180784,0.52949776,-0.23209374088665352,0.6646051150436543,-0.6290348219036702,0.329769206160411
-0.1979155,-0.19180676,0.52947664,-0.23111714753195084,0.6649697258800279,-0.629620811671733,0.3285996976407057
-0.197917,-0.19180568,0.52945552,-0.23013996799723435,0.6653329092572934,-0.6302046316735154,0.3274291331062447
-0.1979185,-0.1918046,0.5294344,-0.22916220435309267,0.6656946642079526,-0.6307862799855906,0.3262575165770634
-0.19792,-0.19180352,0.52941328,-0.22818385867175686,0.6660549897674773,-0.631365754691974,0.3250848520767273
-0.1979215,-0.19180244,0.52939216,-0.2272049330270963,0.6664138849743128,-0.6319430538841287,0.3239111436323198
-0.197923,-0.19180136,0.52937104,-0.22622542949461358,0.6667713488698809,-0.6325181756609739,0.3227363952744262
-0.1979245,-0.19180028,0.52934992,-0.22524535015144181,0.667127380498582,-0.6330911181288894,0.3215606110371218
-0.197926,-0.1917992,0.5293288,-0.22426469707633906,0.6674819789077989,-0.6336618794017236,0.3203837949579569
-0.1979275,-0.19179812,0.52930768,-0.22328347234968587,0.6678351431478986,-0.634230457600798,0.31920595107794475
-0.197929,-0.19179704,0.52928656,-0.22230167805347809,0.6681868722722359,-0.6347968508549164,0.3180270834415446
-0.1979305,-0.19179596,0.52926544,-0.2213193162713259,0.6685371653371562,-0.6353610573003691,0.3168471960966514
-0.197932,-0.19179488,0.52924432,-0.22033638908844733,0.6688860214019978,-0.6359230750809394,0.3156662930945789
-0.1979335,-0.1917938,0.5292232,-0.2193528985916659,0.6692334395290954,-0.63648290234791,0.31448437849004857
-0.197935,-0.19179272,0.52920208,-0.21836884686940428,0.6695794187837816,-0.6370405372600707,0.3133014563411733
-0.19793796,-0.1917919599999999,0.5291794,-0.21738782394465683,0.6699206371430372,-0.6376063122116546,0.3121010486338164
-0.19794384,-0.19179184,0.5291536,-0.21641344064372645,0.6702537936122686,-0.6381904343462068,0.3108666022043969
-0.19794972,-0.19179172,0.5291277999999999,-0.21543853354040746,0.670585540017496,-0.6387721705196935,0.3096310481120417
-0.1979556,-0.1917915999999999,0.529102,-0.21446310465953072,0.6709158755082862,-0.6393515186130165,0.3083943909638669
-0.19796148,-0.19179148,0.5290762,-0.21348715602736112,0.6712447992370781,-0.6399284765159687,0.30715663537106747
-0.19796736,-0.19179136,0.5290503999999999,-0.21251068967159215,0.6715723103591873,-0.6405030421272428,0.3059177859488971
-0.19797324,-0.19179124,0.5290246,-0.21153370762134396,0.6718984080328068,-0.6410752133544372,0.3046778473166546
-0.19797912,-0.1917911199999999,0.5289988,-0.21055621190715626,0.6722230914190114,-0.6416449881140667,0.303436824097662
-0.197985,-0.191791,0.5289729999999999,-0.20957820456098636,0.6725463596817596,-0.6422123643315684,0.3021947209192502
-0.19799088,-0.19179088,0.5289472,-0.20859968761620507,0.6728682119878951,-0.64277733994131,0.300951542412742
-0.19799676,-0.1917907599999999,0.5289214,-0.20762066310759286,0.67318864750715,-0.6433399128865964,0.2997072932134348
-0.1980026399999999,-0.1917906399999999,0.5288955999999999,-0.20664113307133403,0.6735076654121483,-0.64390008111968,0.2984619779605808
-0.19800852,-0.19179052,0.5288698,-0.2056610995450148,0.6738252648784063,-0.6444578426017655,0.2972156012973734
-0.1980143999999999,-0.1917904,0.528844,-0.20468056456761813,0.6741414450843364,-0.6450131953030188,0.29596816787092683
-0.19802028,-0.1917902799999999,0.5288181999999999,-0.20369953017952053,0.6744562052112498,-0.6455661372025749,0.294719682332262
-0.1980261599999999,-0.19179016,0.5287923999999999,-0.2027179984224871,0.6747695444433575,-0.6461166662885444,0.29347014933628607
-0.19803204,-0.19179004,0.5287666,-0.20173597133966734,0.6750814619677751,-0.6466647805580221,0.2922195735417764
-0.1980389199999999,-0.1917847999999999,0.5287386,-0.2007438720401319,0.6753769008212983,-0.6472287944058974,0.29096877386970904
-0.1980462999999999,-0.1917769999999999,0.5287094999999999,-0.19974656566219057,0.6756633452270506,-0.6477995460649275,0.28971727863699387
-0.1980536799999999,-0.1917692,0.5286803999999999,-0.1987488585714171,0.6759483140778871,-0.6483678748785653,0.2884646715583625
-0.1980610599999999,-0.1917614,0.5286512999999999,-0.19775075295717826,0.6762318068312781,-0.6489337786902553,0.28721095732816465
-0.1980684399999999,-0.1917536,0.5286221999999999,-0.19675225100953558,0.6765138229479549,-0.6494972553525417,0.28595614064492336
-0.1980758199999999,-0.1917458,0.5285930999999999,-0.1957533549192392,0.6767943618919113,-0.6500583027270773,0.28470022621131585
-0.1980832,-0.191738,0.5285639999999999,-0.1947540668777227,0.6770734231304054,-0.6506169186846316,0.2834432187341553
-0.19809058,-0.1917302,0.5285348999999999,-0.19375438907709838,0.6773510061339589,-0.6511731011050981,0.28218512292437353
-0.19809796,-0.1917224,0.5285057999999999,-0.19275432371015233,0.6776271103763585,-0.6517268478775035,0.2809259434970037
-0.19810534,-0.1917145999999999,0.5284767,-0.19175387297034124,0.6779017353346566,-0.6522781569000139,0.27966568517116375
-0.19811272,-0.1917067999999999,0.5284476,-0.19075303905178467,0.678174880489172,-0.6528270260799438,0.278404352670036
-0.1981201,-0.1916989999999999,0.5284185,-0.1897518241492612,0.6784465453234912,-0.6533734533337651,0.27714195072085046
-0.19812748,-0.1916911999999999,0.5283894,-0.18875023045820488,0.6787167293244681,-0.6539174365871114,0.27587848405486837
-0.19813486,-0.1916834,0.5283603,-0.18774826017469914,0.6789854319822255,-0.6544589737747897,0.2746139574073636
-0.19814224,-0.1916756,0.5283312,-0.1867459154954718,0.6792526527901553,-0.6549980628407854,0.2733483755176042
-0.19814962,-0.1916678,0.5283021,-0.18574319861789024,0.6795183912449206,-0.6555347017382718,0.2720817431288348
-0.198157,-0.19166,0.528273,-0.18474011173995664,0.679782646846454,-0.6560688884296165,0.2708140649882592
-0.19816288,-0.1916474,0.5282448,-0.18372559129779606,0.6800446973978974,-0.6566012600848039,0.26955315226931587
-0.19816876,-0.1916348,0.5282166,-0.1827107101976346,0.6803052300770702,-0.6571312048268136,0.268291203642089
-0.1981746399999999,-0.1916222,0.5281884,-0.1816954707184601,0.6805642444127089,-0.657658720653006,0.2670282237824441
-0.19818052,-0.1916096,0.5281602,-0.1806798751398179,0.6808217399369891,-0.6581838055697565,0.26576421737010225
-0.1981863999999999,-0.191597,0.528132,-0.17966392574180673,0.6810777161855255,-0.6587064575924632,0.2644991890886246
-0.19819228,-0.1915844,0.5281038,-0.17864762480507146,0.6813321726973716,-0.6592266747455532,0.2632331436253916
-0.1981981599999999,-0.1915718,0.5280756,-0.17763097461079885,0.681585109015022,-0.6597444550624919,0.2619660856715882
-0.19820404,-0.1915591999999999,0.5280474,-0.17661397744071192,0.6818365246844117,-0.660259796585789,0.2606980199221844
-0.1982099199999999,-0.1915466,0.5280192,-0.1755966355770658,0.682086419254917,-0.6607726973670058,0.25942895107592057
-0.1982158,-0.191534,0.527991,-0.17457895130264203,0.6823347922793549,-0.6612831554667622,0.2581588838352877
-0.1982216799999999,-0.1915214,0.5279628,-0.17356092690074218,0.6825816433139855,-0.661791168954745,0.2568878229065104
-0.19822756,-0.1915088,0.5279346,-0.17254256465518333,0.6828269719185113,-0.6622967359097144,0.25561577299952865
-0.1982334399999999,-0.1914962,0.5279064,-0.17152386685029497,0.683070777656077,-0.6627998544195106,0.2543427388279841
-0.19823932,-0.1914836,0.5278782,-0.17050483577090964,0.683313060093272,-0.6633005225810618,0.2530687251091966
-0.1982451999999999,-0.191471,0.52785,-0.16948547370236122,0.683553818800128,-0.6637987385003911,0.2517937365641517
-0.19825108,-0.1914584,0.5278218,-0.1684657829304776,0.6837930533501227,-0.6642945002926229,0.25051777791747976
-0.19825626,-0.19144448,0.5277936400000001,-0.167441182712528,0.6840318950322914,-0.6647825436728627,0.24925486261696184
-0.19826004,-0.19142792,0.52776556,-0.16640708454143038,0.6842714479687707,-0.6652577107522807,0.2480190436111272
-0.1982638199999999,-0.19141136,0.52773748,-0.16537265295018697,0.6845094347096478,-0.6657305778152182,0.24678232759156643
-0.1982676,-0.1913948,0.5277094,-0.16433789031666357,0.6847458548110547,-0.6662011431796406,0.245544718842589
-0.19827138,-0.19137824,0.52768132,-0.16330279901927505,0.6849807078327441,-0.6666694051714985,0.244306221651647
-0.1982751599999999,-0.19136168,0.52765324,-0.16226738143697464,0.6852139933380914,-0.6671353621247337,0.24306684030931502
-0.19827894,-0.19134512,0.52762516,-0.16123163994925063,0.6854457108940951,-0.6675990123812859,0.2418265791092775
-0.19828272,-0.19132856,0.52759708,-0.1601955769361213,0.6856758600713767,-0.6680603542910977,0.2405854423483142
-0.1982865,-0.191312,0.527569,-0.1591591947781296,0.6859044404441821,-0.6685193862121201,0.2393434343262862
-0.1982902799999999,-0.19129544,0.52754092,-0.15812249585633567,0.6861314515903809,-0.6689761065103191,0.23810055934611762
-0.19829406,-0.19127888,0.52751284,-0.15708548255231253,0.6863568930914687,-0.669430513559681,0.23685682171378358
-0.19829784,-0.19126232,0.52748476,-0.1560481572481409,0.6865807645325661,-0.6698826057422179,0.235612225738294
-0.1983016199999999,-0.19124576,0.52745668,-0.15501052232640392,0.6868030655024193,-0.6703323814479732,0.23436677573168035
-0.1983054,-0.1912292,0.5274286,-0.1539725801701792,0.6870237955934023,-0.6707798390750283,0.23312047600897715
-0.19830918,-0.19121264,0.52740052,-0.1529343331630366,0.6872429544015148,-0.6712249770295062,0.23187333088821083
-0.1983129599999999,-0.19119608,0.52737244,-0.1518957836890307,0.6874605415263846,-0.6716677937255794,0.2306253446903826
-0.19831674,-0.19117952,0.52734436,-0.1508569341326947,0.6876765565712678,-0.6721082875854739,0.22937652173945297
-0.19831916,-0.19116328,0.5273202,-0.1498296271687613,0.6878927400551585,-0.6725475648925723,0.22811057397443762
-0.1983209,-0.1911472,0.527298,-0.14880793516377455,0.6881082667314735,-0.672984994398296,0.22683564314901453
-0.19832264,-0.19113112,0.5272758,-0.147785938271066,0.688322274844634,-0.673420005435384,0.22555987826175142
-0.19832438,-0.19111504,0.5272536,-0.14676363875007672,0.6885347639745318,-0.673852596419475,0.2242832839025347
-0.19832612,-0.19109896,0.5272314,-0.14574103886080247,0.688745733704425,-0.6742827657749201,0.22300586466425423
-0.19832786,-0.19108288,0.5272092,-0.1447181408637884,0.6889551836209393,-0.6747105119347906,0.22172762514278488
-0.1983296,-0.1910668,0.527187,-0.14369494702012325,0.689163113314069,-0.6751358333408829,0.22044856993697043
-0.19833134,-0.19105072,0.5271648,-0.14267145959143518,0.6893695223771762,-0.6755587284437249,0.2191687036486074
-0.19833308,-0.19103464,0.5271426,-0.14164768083988713,0.6895744104069933,-0.6759791957025797,0.2178880308824291
-0.19833482,-0.19101856,0.5271204,-0.14062361302817117,0.6897777770036227,-0.6763972335854531,0.216606556246088
-0.19833656,-0.19100248,0.5270982,-0.13959925841950238,0.6899796217705376,-0.6768128405690983,0.21532428435013837
-0.1983383,-0.1909864,0.527076,-0.13857461927761566,0.6901799443145825,-0.6772260151390216,0.21404121980802118
-0.19834004,-0.19097032,0.5270538,-0.13754969786676052,0.6903787442459737,-0.677636755789487,0.21275736723604827
-0.19834178,-0.19095424,0.5270316,-0.13652449645169537,0.6905760211783001,-0.6780450610235231,0.2114727312533835
-0.19834352,-0.19093816,0.5270094000000001,-0.13549901729768132,0.6907717747285245,-0.6784509293529278,0.21018731648202638
-0.19834526,-0.19092208,0.5269872,-0.1344732626704795,0.6909660045169832,-0.6788543592982735,0.20890112754679646
-0.198347,-0.190906,0.526965,-0.13344723483634546,0.6911587101673866,-0.6792553493889122,0.2076141690753177
-0.19834832,-0.19088926,0.52694598,-0.13242661599089584,0.6913414690586386,-0.6796578318498027,0.2063380627568957
-0.19834964,-0.19087252,0.52692696,-0.13140575873804095,0.6915227180137005,-0.6800579140981747,0.20506118724386538
-0.19835096,-0.19085578,0.52690794,-0.13038466531740925,0.6917024567486132,-0.6804555946774633,0.20378354705456436
-0.19835228,-0.19083904,0.52688892,-0.1293633379689036,0.6918806849827516,-0.6808508721396141,0.20250514671007336
-0.1983536,-0.1908223,0.5268699,-0.1283417789326956,0.6920574024388245,-0.6812437450450891,0.201225990734198
-0.19835492,-0.1908055599999999,0.52685088,-0.12731999044922024,0.6922326088428746,-0.6816342119628711,0.19994608365345337
-0.19835624,-0.19078882,0.52683186,-0.12629797475917245,0.6924063039242789,-0.682022271470469,0.1986654299970493
-0.19835756,-0.1907720799999999,0.5268128400000001,-0.1252757341035014,0.6925784874157478,-0.6824079221539227,0.19738403429687368
-0.19835888,-0.19075534,0.52679382,-0.12425327072340497,0.6927491590533266,-0.6827911626078089,0.19610190108747544
-0.1983602,-0.1907386,0.5267748,-0.12323058686032493,0.6929183185763941,-0.6831719914352449,0.19481903490604896
-0.1983615199999999,-0.19072186,0.52675578,-0.12220768475594218,0.6930859657276645,-0.6835504072478948,0.1935354402924181
-0.1983628399999999,-0.1907051199999999,0.52673676,-0.12118456665217267,0.6932521002531852,-0.6839264086659733,0.1922511217890212
-0.1983641599999999,-0.19068838,0.52671774,-0.12016123479116068,0.6934167219023384,-0.6842999943182511,0.1909660839408929
-0.1983654799999999,-0.19067164,0.5266987200000001,-0.11913769141527517,0.693579830427841,-0.68467116284206,0.1896803312956495
-0.1983667999999999,-0.1906549,0.5266797,-0.11811393876710333,0.693741425585744,-0.6850399128832976,0.18839386840347133
-0.1983681199999999,-0.19063816,0.52666068,-0.11708997908944851,0.6939015071354326,-0.6854062430964318,0.18710669981708977
-0.19836968,-0.19062134,0.52664108,-0.11607225438493045,0.6940568506503283,-0.6857685839682548,0.18583263725600704
-0.19837172,-0.19060436,0.52662032,-0.11506722737190853,0.6942042684289651,-0.6861254675050612,0.1845855078843084
-0.1983737599999999,-0.19058738,0.52659956,-0.1140620310409606,0.6943502270384933,-0.686480079554307,0.18333770932766752
-0.1983758,-0.1905704,0.5265788,-0.11305666751806709,0.6944947263263738,-0.6868324188801495,0.1820892457280426
-0.19837784,-0.19055342,0.5265580400000001,-0.11205113892923646,0.6946377661431798,-0.6871824842543057,0.18084012122965057
-0.1983798799999999,-0.19053644,0.52653728,-0.11104544740050244,0.6947793463425963,-0.6875302744560564,0.1795903399789551
-0.19838192,-0.19051946,0.52651652,-0.11003959505791844,0.6949194667814191,-0.6878757882722489,0.17833990612465198
-0.19838396,-0.19050248,0.52649576,-0.10903358402755489,0.6950581273195549,-0.6882190244973022,0.17708882381765734
-0.198386,-0.1904855,0.526475,-0.10802741643549146,0.6951953278200212,-0.6885599819332109,0.1758370972110902
-0.19838804,-0.19046852,0.5264542400000001,-0.10702109440781553,0.6953310681489452,-0.6888986593895491,0.17458473046026193
-0.19839008,-0.19045154,0.52643348,-0.10601462007061546,0.6954653481755643,-0.6892350556834741,0.1733317277226602
-0.19839212,-0.19043456,0.5264127200000001,-0.10500799554997799,0.6955981677722252,-0.6895691696397305,0.17207809315793732
-0.1983941599999999,-0.19041758,0.52639196,-0.10400122297198144,0.6957295268143828,-0.6899010000906546,0.1708238309278939
-0.1983962,-0.1904006,0.5263712,-0.10299430446269321,0.695859425180602,-0.6902305458761775,0.16956894519646687
-0.19839824,-0.19038362,0.5263504400000001,-0.10198724214816339,0.6959878627525542,-0.6905578058438299,0.1683134401297144
-0.1984002799999999,-0.19036664,0.52632968,-0.10098003815442211,0.6961148394150196,-0.690882778848745,0.16705731989580352
-0.19840232,-0.19034966,0.5263089200000001,-0.09997269460747302,0.6962403550558857,-0.6912054637536632,0.16580058866499423
-0.1984050799999999,-0.19033244,0.52628812,-0.09898261847896103,0.6963625137301809,-0.6915184153950916,0.16457208718337865
-0.1984082,-0.1903151,0.5262673,-0.0980011136861865,0.6964823256802424,-0.6918254838347182,0.16335743523992446
-0.19841132,-0.19029776,0.5262464800000001,-0.09701948063116678,0.6966007512085185,-0.6921304159061475,0.16214222513389065
-0.19841444,-0.19028042,0.52622566,-0.09603772127790394,0.6967177902163945,-0.6924332106116295,0.160926460626593
-0.19841756,-0.19026308,0.52620484,-0.09505583759037708,0.6968334426080475,-0.6927338669600398,0.15971014548111329
-0.19842068,-0.19024574,0.52618402,-0.09407383153253579,0.6969477082904474,-0.6930323839668858,0.15849328346228503
-0.1984237999999999,-0.1902284,0.5261632,-0.09309170506829698,0.6970605871733563,-0.6933287606543075,0.15727587833668336
-0.19842692,-0.19021106,0.52614238,-0.09210946016154123,0.6971720791693269,-0.6936229960510816,0.1560579338726122
-0.19843004,-0.19019372,0.52612156,-0.09112709877610754,0.6972821841937041,-0.6939150891926249,0.15483945384009262
-0.19843316,-0.19017638,0.52610074,-0.09014462287579039,0.6973909021646233,-0.6942050391209971,0.15362044201085137
-0.19843628,-0.19015904,0.52607992,-0.08916203442433647,0.6974982330030101,-0.6944928448849026,0.15240090215831076
-0.1984394,-0.1901417,0.5260591,-0.08817933538543887,0.69760417663258,-0.6947785055396949,0.15118083805757393
-0.1984425199999999,-0.19012436,0.52603828,-0.0871965277227338,0.6977087329798388,-0.6950620201473797,0.14996025348541484
-0.19844564,-0.19010702,0.5260174599999999,-0.08621361339979706,0.6978119019740813,-0.6953433877766165,0.1487391522202662
-0.19844876,-0.19008968,0.5259966399999999,-0.08523059438014066,0.6979136835473905,-0.6956226075027221,0.1475175380422095
-0.19845188,-0.19007234,0.52597582,-0.08424747262720676,0.6980140776346387,-0.6958996784076739,0.14629541473295954
-0.198455,-0.190055,0.525955,-0.08326425010436532,0.6981130841734857,-0.696174599580113,0.145072786075856
-0.19845938,-0.19004,0.5259349,-0.0823189606211286,0.6982224944421125,-0.6964206884915818,0.14389983189080746
-0.19846376,-0.190025,0.5259147999999999,-0.08137352925401498,0.6983306248226492,-0.6966648004934569,0.1427264618946548
-0.19846814,-0.19001,0.5258946999999999,-0.08042795773583711,0.6984374751346856,-0.6969069348850705,0.1415526794201508
-0.1984725199999999,-0.189995,0.5258746,-0.079482247799631,0.6985430452001574,-0.6971470909713743,0.14037848780122783
-0.1984769,-0.18998,0.5258545,-0.07853640117865147,0.6986473348433463,-0.6973852680629413,0.13920389037298656
-0.19848128,-0.189965,0.5258343999999999,-0.07759041960637093,0.6987503438908809,-0.6976214654759685,0.1380288904716889
-0.19848566,-0.18995,0.5258143,-0.076644304816473,0.6988520721717355,-0.6978556825322777,0.13685349143474446
-0.19849004,-0.189935,0.5257942,-0.07569805854285183,0.6989525195172326,-0.6980879185593191,0.13567769660070453
-0.19849442,-0.18992,0.5257740999999999,-0.07475168251960843,0.6990516857610412,-0.6983181728901716,0.13450150930925128
-0.1984988,-0.189905,0.5257539999999999,-0.07380517848104746,0.6991495707391773,-0.6985464448635453,0.13332493290118913
-0.19850318,-0.18989,0.5257339,-0.07285854816167309,0.6992461742900058,-0.6987727338237837,0.13214797071843315
-0.19850756,-0.189875,0.5257138,-0.07191179329618688,0.6993414962542378,-0.698997039120865,0.13097062610400165
-0.19851194,-0.18986,0.5256936999999999,-0.07096491561948459,0.6994355364749342,-0.6992193601104044,0.129792902402006
-0.19851632,-0.1898449999999999,0.5256736,-0.0700179168666529,0.6995282947975033,-0.6994396961536562,0.12861480295764163
-0.1985207,-0.18983,0.5256535,-0.06907079877296565,0.6996197710697019,-0.6996580466175141,0.12743633111717712
-0.19852508,-0.189815,0.5256334,-0.06812356307388076,0.6997099651416361,-0.6998744108745151,0.12625749022794547
-0.19852968,-0.18979812,0.52561362,-0.06718851498016908,0.6997936379984795,-0.7000899794372465,0.1250943178692327
-0.19853472,-0.18977748,0.52559448,-0.06627799184805655,0.699865614864653,-0.7003060480072051,0.1239628494801575
-0.19853976,-0.1897568399999999,0.52557534,-0.06536740438960578,0.6999364055371701,-0.7005202863033644,0.12283101857643434
-0.1985448,-0.1897362,0.5255562,-0.064456754152682,0.7000060099869236,-0.7007326937287256,0.12169882812078123
-0.19854984,-0.1897155599999999,0.52553706,-0.06354604268508673,0.7000744281868316,-0.7009432696910893,0.12056628107688586
-0.19855488,-0.18969492,0.52551792,-0.06263527153455895,0.7001416601118351,-0.7011520136030551,0.11943338040940181
-0.19855992,-0.18967428,0.5254987799999999,-0.06172444224876758,0.7002077057388992,-0.7013589248820248,0.11830012908393549
-0.19856496,-0.1896536399999999,0.52547964,-0.06081355637531341,0.7002725650470124,-0.7015640029502032,0.11716653006704332
-0.19857,-0.189633,0.5254605,-0.05990261546172268,0.7003362380171863,-0.7017672472346002,0.11603258632622016
-0.19857504,-0.1896123599999999,0.52544136,-0.0589916210554485,0.7003987246324548,-0.7019686571670304,0.1148983008298955
-0.19858008,-0.18959172,0.52542222,-0.05808057470386346,0.7004600248778752,-0.702168232184118,0.11376367654742085
-0.19858512,-0.18957108,0.52540308,-0.05716947795426062,0.7005201387405262,-0.7023659717272948,0.11262871644906572
-0.19859016,-0.18955044,0.52538394,-0.05625833235384948,0.7005790662095092,-0.7025618752428042,0.11149342350600841
-0.1985952,-0.1895298,0.5253648,-0.0553471394497539,0.7006368072759469,-0.7027559421817013,0.11035780069032894
-0.19860024,-0.1895091599999999,0.52534566,-0.054435900789008604,0.700693361932983,-0.7029481719998549,0.10922185097500017
-0.19860528,-0.18948852,0.52532652,-0.0535246179185563,0.7007487301757832,-0.7031385641579486,0.10808557733387966
-0.19861032,-0.1894678799999999,0.52530738,-0.05261329238524676,0.7008029120015334,-0.7033271181214827,0.10694898274170389
-0.19861572,-0.1894465599999999,0.52528832,-0.05172239675589293,0.7008468608535486,-0.7035167454649948,0.10584261975165896
-0.1986213,-0.1894248999999999,0.5252693,-0.05084172945191766,0.7008851641172295,-0.7037061096889102,0.1047512121801066
-0.19862688,-0.18940324,0.52525028,-0.049961062858451255,0.7009223579691324,-0.7038937782392404,0.10365948703872878
-0.19863246,-0.1893815799999999,0.52523126,-0.04908039837740133,0.7009584424976859,-0.7040797506031284,0.10256744696525641
-0.19863804,-0.18935992,0.52521224,-0.048199737410410164,0.7009934177930968,-0.7042640262718243,0.10147509459822968
-0.19864362,-0.1893382599999999,0.52519322,-0.04731908135885156,0.7010272839473496,-0.7044466047406873,0.10038243257699041
-0.1986492,-0.1893165999999999,0.5251742,-0.04643843162382982,0.7010600410542066,-0.7046274855091866,0.09928946354167702
-0.19865478,-0.1892949399999999,0.52515518,-0.04555778960617595,0.7010916892092061,-0.7048066680809021,0.09819619013321672
-0.19866036,-0.18927328,0.52513616,-0.04467715670644824,0.7011222285096615,-0.704984151963526,0.09710261499332205
-0.19866594,-0.1892516199999999,0.52511714,-0.04379653432492692,0.7011516590546634,-0.7051599366688648,0.0960087407644812
-0.19867152,-0.1892299599999999,0.52509812,-0.042915923861612706,0.7011799809450754,-0.7053340217128392,0.0949145700899521
-0.1986771,-0.1892082999999999,0.5250791,-0.04203532671622574,0.7012071942835355,-0.7055064066154861,0.09382010561375781
-0.19868268,-0.18918664,0.52506008,-0.0411547442882034,0.701233299174456,-0.7056770909009593,0.09272534998067994
-0.19868826,-0.1891649799999999,0.52504106,-0.04027417797669543,0.7012582957240211,-0.7058460740975318,0.09163030583624956
-0.1986938399999999,-0.1891433199999999,0.52502204,-0.039393629180564764,0.7012821840401873,-0.7060133557375949,0.09053497582674368
-0.19869942,-0.1891216599999999,0.52500302,-0.03851309929838271,0.701304964232683,-0.7061789353576622,0.0894393625991766
-0.198705,-0.1891,0.524984,-0.03763258972842989,0.7013266364130072,-0.7063428124983672,0.08834346880129668
-0.1987068,-0.18908422,0.52496852,-0.03677318128739153,0.7013524961579323,-0.7064959657233295,0.08726889301292914
-0.1987085999999999,-0.1890684399999999,0.52495304,-0.03591377759577208,0.7013773012769157,-0.7066474825622626,0.08619406720145431
-0.1987103999999999,-0.1890526599999999,0.52493756,-0.03505437995007334,0.7014010518399028,-0.7067973626212227,0.08511899386081666
-0.1987122,-0.18903688,0.52492208,-0.03419498964660069,0.7014237479184361,-0.7069456055100699,0.08404367548556808
-0.198714,-0.1890211,0.5249066,-0.033335607981459875,0.7014453895856563,-0.7070922108424686,0.08296811457086059
-0.1987158,-0.18900532,0.52489112,-0.032476236250556345,0.7014659769162991,-0.7072371782358882,0.08189231361244174
-0.1987176,-0.1889895399999999,0.52487564,-0.03161687574959315,0.7014855099866978,-0.7073805073116051,0.08081627510664927
-0.1987194,-0.18897376,0.52486016,-0.030757527774068646,0.7015039888747804,-0.7075221976947021,0.07974000155040416
-0.1987212,-0.18895798,0.5248446800000001,-0.029898193619274892,0.7015214136600704,-0.7076622490140705,0.07866349544120609
-0.1987229999999999,-0.1889422,0.5248292,-0.0290388745802951,0.7015377844236864,-0.7078006609024101,0.07758675927712631
-0.1987248,-0.18892642,0.52481372,-0.028179571952002394,0.7015531012483414,-0.7079374329962309,0.07650979555680272
-0.1987266,-0.18891064,0.52479824,-0.02732028702905673,0.7015673642183418,-0.7080725649358532,0.07543260677943323
-0.1987284,-0.18889486,0.52478276,-0.02646102110590441,0.7015805734195881,-0.7082060563654088,0.07435519544477126
-0.1987302,-0.18887908,0.5247672800000001,-0.02560177547677539,0.7015927289395737,-0.708337906932842,0.07327756405311922
-0.198732,-0.1888633,0.5247518,-0.02474255143568073,0.7016038308673843,-0.7084681162899102,0.07219971510532178
-0.1987338,-0.18884752,0.52473632,-0.023883350276410854,0.7016138792936979,-0.7085966840921849,0.07112165110276078
-0.19873356,-0.1888344,0.52472116,-0.023041715468440138,0.7016274803294461,-0.7087185741851326,0.07004242143027932
-0.19872924,-0.1888266,0.52470664,-0.022235161649944248,0.7016493244481913,-0.7088287449867241,0.06896110039974138
-0.19872492,-0.1888188,0.52469212,-0.021428591168752918,0.7016702418101441,-0.708937265130053,0.06787960922498805
-0.1987206,-0.188811,0.5246776,-0.020622005089144663,0.7016902324111917,-0.7090441343552727,0.06679795042673953
-0.19871628,-0.1888032,0.5246630800000001,-0.019815404475377607,0.7017092962484416,-0.709149352406387,0.06571612652611165
-0.19871196,-0.1887954,0.52464856,-0.019008790391686077,0.7017274333202236,-0.7092529190312508,0.06463414004460724
-0.19870764,-0.1887876,0.52463404,-0.01820216390228028,0.7017446436260882,-0.7093548339815711,0.06355199350411218
-0.19870332,-0.1887798,0.52461952,-0.01739552607134395,0.701760927166807,-0.7094550970129065,0.062469689426887964
-0.198699,-0.188772,0.524605,-0.01658887796303489,0.7017762839443732,-0.7095537078846688,0.061387230335568296
-0.19869468,-0.1887642,0.52459048,-0.015782220641481427,0.7017907139620002,-0.7096506663601231,0.06030461875315031
-0.19869036,-0.1887564,0.52457596,-0.014975555170782227,0.7018042172241229,-0.7097459722063886,0.05922185720299063
-0.19868604,-0.1887486,0.5245614399999999,-0.014168882615003885,0.701816793736397,-0.7098396251944383,0.05813894820879797
-0.19868172,-0.1887408,0.5245469199999999,-0.01336220403818146,0.7018284435056986,-0.709931625099101,0.057055894294629664
-0.1986774,-0.188733,0.5245324,-0.01255552050431499,0.7018391665401249,-0.7100219716990606,0.055972697984883205
-0.19867308,-0.1887252,0.52451788,-0.01174883307736884,0.7018489628489935,-0.7101106647768572,0.054889361804291215
-0.19866876,-0.1887174,0.52450336,-0.01094214282127046,0.7018578324428422,-0.7101977041188873,0.05380588827791587
-0.19866444,-0.1887096,0.52448884,-0.010135450799909622,0.7018657753334296,-0.7102830895154048,0.05272227993114378
-0.19865672,-0.18870724,0.52447132,-0.00936672942109417,0.7018876382968449,-0.7103499834155244,0.05166148127564475
-0.1986473,-0.1887076,0.5244523,-0.00861693839901322,0.7019161040097012,-0.7104068901408086,0.05061207113856797
-0.19863788,-0.18870796,0.52443328,-0.00786708179977669,0.7019437701812926,-0.7104622454217717,0.04956259030642602
-0.19862846,-0.18870832,0.52441426,-0.007117160473464248,0.7019706366779306,-0.7105160491603931,0.048513041074350026
-0.19861904,-0.18870868,0.5243952399999999,-0.006367175270408809,0.7019967033668256,-0.7105683012620493,0.047463425737616444
-0.19860962,-0.18870904,0.52437622,-0.005617127041196841,0.7020219701160887,-0.7106190016355145,0.04641374659164327
-0.1986002,-0.1887094,0.5243572,-0.004867016636666846,0.7020464367947304,-0.7106681501929601,0.045364005931984724
-0.19859078,-0.18870976,0.52433818,-0.004116844907908829,0.7020701032726633,-0.7107157468499562,0.04431420605432664
-0.1985813599999999,-0.18871012,0.52431916,-0.003366612706263209,0.7020929694207007,-0.7107617915254697,0.043264349254481
-0.19857194,-0.18871048,0.52430014,-0.0026163208833195686,0.7021150351105581,-0.7108062841418675,0.04221443782838061
-0.19856252,-0.18871084,0.52428112,-0.0018659702909158346,0.7021363002148528,-0.7108492246249136,0.04116447407207444
-0.1985530999999999,-0.1887112,0.5242621000000001,-0.0011155617811376833,0.7021567646071057,-0.7108906129037716,0.04011446028172305
-0.19854368,-0.18871156,0.52424308,-0.0003650962063174133,0.7021764281617404,-0.7109304489110032,0.03906439875359294
-0.19853426,-0.18871192,0.52422406,0.00038542558096735235,0.702195290754084,-0.71096873258257,0.03801429178405131
-0.1985248399999999,-0.1887122799999999,0.52420504,0.0011360027278945542,0.7022133522603683,-0.7110054638578319,0.0369641416695613
-0.19851542,-0.18871264,0.52418602,0.0018866343813974465,0.7022306125577292,-0.7110406426795486,0.03591395070667819
-0.198506,-0.188713,0.524167,0.002637319688168039,0.7022470715242081,-0.7110742689938794,0.03486372119204155
-0.19849364,-0.18871894,0.5241418600000001,0.003339302317687809,0.702284507030215,-0.7110823309000377,0.03387091565234353
-0.1984812799999999,-0.1887248799999999,0.5241167200000001,0.0040413945455598475,0.7023212407521261,-0.711089003490569,0.03287812393234214
-0.19846892,-0.18873082,0.52409158,0.004743595671258415,0.7023572724567336,-0.7110942867942484,0.03188534798029636
-0.19845656,-0.18873676,0.52406644,0.005445904993819894,0.7023926019115264,-0.7110981808425871,0.030892589744430828
-0.1984442,-0.1887426999999999,0.5240413,0.006148321811843696,0.7024272288846903,-0.711100685669835,0.029899851172932146
-0.19843184,-0.18874864,0.5240161600000001,0.006850845423492223,0.7024611531451099,-0.7111018013129787,0.028907134213945335
-0.1984194799999999,-0.18875458,0.52399102,0.007553475126491023,0.7024943744623677,-0.7111015278117423,0.0279144408155712
-0.19840712,-0.18876052,0.52396588,0.008256210218132047,0.7025268926067468,-0.7110998652085873,0.02692177292585919
-0.19839476,-0.18876646,0.52394074,0.008959049995271473,0.7025587073492298,-0.7110968135487122,0.025929132492806907
-0.1983824,-0.1887724,0.5239156,0.009661993754331832,0.702589818461501,-0.7110923728800528,0.02493652146435424
-0.19837004,-0.18877834,0.5238904600000001,0.010365040791302325,0.7026202257159465,-0.711086543253282,0.023943941788381006
-0.19835768,-0.18878428,0.52386532,0.011068190401739737,0.7026499288856547,-0.7110793247218099,0.022951395412701445
-0.19834532,-0.18879022,0.52384018,0.011771441880769078,0.7026789277444179,-0.7110707173417832,0.021958884285061566
-0.19833296,-0.18879616,0.52381504,0.012474794523084315,0.7027072220667322,-0.711060721172086,0.02096641035313438
-0.1983206,-0.1888021,0.5237899,0.013178247622948253,0.7027348116277993,-0.7110493362743389,0.01997397556451806
-0.19830824,-0.18880804,0.5237647599999999,0.01388180047419502,0.7027616962035255,-0.7110365627128994,0.018981581866728815
-0.19829554,-0.18881496,0.5237390199999999,0.014567494061907731,0.702791656968305,-0.7110187755420246,0.017999328854734507
-0.19828216,-0.18882384,0.52371208,0.015217387018271262,0.7028285436689762,-0.7109924042233421,0.01703732588154368
-0.19826878,-0.18883272,0.52368514,0.015867404191301025,0.7028648275384305,-0.710964726067064,0.01607538434958702
-0.1982554,-0.1888416,0.5236582,0.016517545020996307,0.7029005083096731,-0.7109357411606548,0.01511350604039272
-0.19824202,-0.18885048,0.5236312599999999,0.01716780894686257,0.7029355857162292,-0.7109054495940156,0.01415169273538459
-0.19822864,-0.18885936,0.52360432,0.01781819540791059,0.7029700594921438,-0.7108738514594832,0.013189946215879269
-0.19821526,-0.18886824,0.52357738,0.018468703842657783,0.7030039293719843,-0.7108409468518315,0.012228268263083097
-0.19820188,-0.18887712,0.52355044,0.019119333689128944,0.7030371950908397,-0.7108067358682694,0.011266660658087128
-0.1981885,-0.188886,0.5235235,0.01977008438485699,0.7030698563843224,-0.7107712186084423,0.010305125181864706
-0.19817512,-0.18889488,0.52349656,0.020420955366882043,0.7031019129885685,-0.7107343951744309,0.009343663615268574
-0.19816174,-0.18890376,0.52346962,0.02107194607175269,0.703133364640239,-0.7106962656707516,0.00838227773902803
-0.19814836,-0.18891264,0.5234426799999999,0.021723055935527452,0.7031642110765204,-0.710656830204357,0.007420969333743057
-0.19813498,-0.1889215199999999,0.52341574,0.022374284393773935,0.703194452035126,-0.7106160888846338,0.00645974017988348
-0.1981216,-0.1889304,0.5233888,0.023025630881569704,0.7032240872542963,-0.7105740418234048,0.005498592057784685
-0.19810822,-0.18893928,0.52336186,0.023677094833502322,0.7032531164727998,-0.7105306891349272,0.004537526747645139
-0.19809484,-0.18894816,0.5233349199999999,0.024328675683671697,0.703281539429934,-0.7104860309358937,0.003576546029520778
-0.19808146,-0.18895704,0.52330798,0.024980372865687772,0.7033093558655266,-0.7104400673454313,0.0026156516833245463
-0.19806872,-0.18896588,0.52328236,0.025609206880910895,0.7033368359268294,-0.7103932840187347,0.0016869417430492167
-0.1980563,-0.1889747,0.5232574,0.026226660990219947,0.7033638960457105,-0.7103455443317668,0.0007743647132844155
-0.19804388,-0.18898352,0.5232324399999999,0.026844223039504435,0.7033904111642126,-0.7102966268345744,-0.00013812700828564652
-0.19803146,-0.1889923399999999,0.52320748,0.027461892545305094,0.7034163810525279,-0.710246531640621,-0.0010505318955480077
-0.19801904,-0.18900116,0.52318252,0.028079669023752342,0.703441805481278,-0.7101952588653537,-0.0019628484225240155
-0.19800662,-0.18900998,0.5231575599999999,0.028697551990565336,0.7034666842215168,-0.7101428086262042,-0.002875075063370494
-0.1979942,-0.1890188,0.5231326,0.02931554096105448,0.7034910170447302,-0.7100891810425878,-0.003787210292384857
-0.19798178,-0.18902762,0.52310764,0.029933635450121402,0.703514803722837,-0.7100343762359039,-0.00469925258400717
-0.1979693599999999,-0.18903644,0.5230826799999999,0.030551834972257746,0.7035380440281892,-0.7099783943295352,-0.005611200412820906
-0.19795694,-0.18904526,0.52305772,0.031170139041546488,0.7035607377335729,-0.7099212354488479,-0.006523052253556474
-0.1979445199999999,-0.1890540799999999,0.52303276,0.03178854717166284,0.7035828846122097,-0.7098628997211915,-0.007434806581094558
-0.1979321,-0.1890629,0.5230078,0.03240705887587492,0.7036044844377561,-0.7098033872758991,-0.008346461870469045
-0.19791968,-0.18907172,0.52298284,0.03302567366704243,0.7036255369843045,-0.7097426982442856,-0.009258016596867553
-0.19790726,-0.18908054,0.52295788,0.03364439105761782,0.7036460420263853,-0.7096808327596499,-0.010169469235634821
-0.19789484,-0.18908936,0.52293292,0.0342632105596483,0.7036659993389649,-0.7096177909572727,-0.011080818262277184
-0.19788242,-0.18909818,0.52290796,0.03488213168477334,0.7036854086974492,-0.7095535729744171,-0.011992062152462263
-0.19787,-0.189107,0.522883,0.03550115394422811,0.7037042698776822,-0.7094881789503289,-0.012903199382024338
-0.19785686,-0.1891102399999999,0.52286818,0.03610451925409926,0.7037089054534108,-0.709436437595262,-0.01379061590854581
-0.19784372,-0.18911348,0.5228533599999999,0.036707946505468034,0.7037130217495868,-0.709383582728513,-0.014677950765558499
-0.1978305799999999,-0.18911672,0.52283854,0.03731143524953213,0.7037166186227218,-0.7093296144553151,-0.015565202552377845
-0.1978174399999999,-0.18911996,0.52282372,0.03791498503722992,0.7037196959297168,-0.7092745328826671,-0.0164523698684432
-0.1978043,-0.1891232,0.5228089,0.03851859541924099,0.7037222535278626,-0.7092183381193328,-0.017339451313320278
-0.19779116,-0.18912644,0.5227940799999999,0.03912226594598806,0.7037242912748414,-0.709161030275842,-0.01822644548670517
-0.19777802,-0.18912968,0.52277926,0.03972599616763526,0.7037258090287261,-0.7091026094644889,-0.01911335098842457
-0.1977648799999999,-0.18913292,0.52276444,0.040329785634090044,0.7037268066479812,-0.7090430757993323,-0.020000166418439252
-0.1977517399999999,-0.18913616,0.52274962,0.04093363389500132,0.7037272839914632,-0.7089824293961973,-0.020886890376844144
-0.1977386,-0.1891393999999999,0.5227347999999999,0.041537540499763284,0.7037272409184212,-0.7089206703726721,-0.021773521463874332
-0.19772546,-0.18914264,0.52271998,0.042141504997512236,0.7037266772884967,-0.7088577988481105,-0.022660058279903455
-0.19771232,-0.18914588,0.52270516,0.04274552693712994,0.7037255929617243,-0.7087938149436295,-0.02354649942544932
-0.1976991799999999,-0.18914912,0.52269034,0.04334960586724068,0.7037239877985328,-0.708728718782111,-0.02443284350117219
-0.1976860399999999,-0.18915236,0.52267552,0.04395374133621485,0.7037218616597446,-0.708662510488201,-0.02531908910788094
-0.1976728999999999,-0.1891556,0.5226607,0.04455793289216733,0.7037192144065768,-0.708595190188309,-0.026205234846532883
-0.19765976,-0.18915884,0.52264588,0.04516218008295913,0.703716045900641,-0.7085267580106082,-0.027091279318237814
-0.1976473399999999,-0.189161,0.52263406,0.04576443944817331,0.7037084415873529,-0.7084620455862308,-0.027956667978618434
-0.1976363599999999,-0.189161,0.52262824,0.04636264502090393,0.7036924948487328,-0.7084059850737302,-0.028780864336393118
-0.19762538,-0.189161,0.52262242,0.04696087112477929,0.7036760384041245,-0.7083489638368275,-0.02960498252612041
-0.1976144,-0.189161,0.5226166,0.04755911732424667,0.7036590721877511,-0.7082909819715721,-0.03042902142622994
-0.19760342,-0.189161,0.5226107799999999,0.04815738318362906,0.7036415961342092,-0.7082320395753244,-0.03125297991526037
-0.19759244,-0.189161,0.52260496,0.0487556682671287,0.7036236101784689,-0.7081721367467557,-0.032076856871864734
-0.19758146,-0.189161,0.52259914,0.04935397213882628,0.7036051142558745,-0.7081112735858477,-0.032900651174810114
-0.19757048,-0.189161,0.52259332,0.04995229436268077,0.7035861083021443,-0.708049450193893,-0.03372436170297921
-0.1975595,-0.189161,0.5225875,0.05055063450252991,0.7035665922533709,-0.7079866666734943,-0.03454798733537151
-0.19754852,-0.189161,0.5225816799999999,0.05114899212209105,0.7035465660460218,-0.7079229231285652,-0.03537152695110609
-0.19753754,-0.189161,0.52257586,0.05174736678496129,0.7035260296169387,-0.7078582196643287,-0.036194979429422174
-0.19752656,-0.189161,0.52257004,0.05234575805461722,0.7035049829033384,-0.7077925563873183,-0.03701834364968082
-0.19751558,-0.189161,0.52256422,0.052944165494415905,0.7034834258428134,-0.7077259334053774,-0.037841618491366295
-0.1975046,-0.189161,0.5225584,0.05354258866759521,0.7034613583733306,-0.7076583508276593,-0.038664802834088276
-0.19749362,-0.189161,0.5225525799999999,0.05414102713727365,0.7034387804332329,-0.7075898087646263,-0.03948789555758284
-0.19748264,-0.189161,0.52254676,0.0547394804664513,0.703415691961239,-0.7075203073280507,-0.04031089554171425
-0.19747166,-0.189161,0.52254094,0.0553379482180095,0.703392092896443,-0.7074498466310142,-0.04113380166647592
-0.19746108,-0.18915936,0.52253672,0.055915025741635246,0.7033635737443653,-0.7073868888700102,-0.041916374851303236
-0.1974507,-0.1891569,0.5225333,0.056481398470567275,0.7033323841903233,-0.7073273167062003,-0.04267875369748992
-0.19744032,-0.18915444,0.52252988,0.05704776488763152,0.703300737932835,-0.7072669219001431,-0.04344106041928689
-0.19742994,-0.18915198,0.52252646,0.05761412462387159,0.7032686349525014,-0.7072057045330474,-0.04420329412822624
-0.19741956,-0.18914952,0.5225230399999999,0.05818047731028321,0.7032360752302222,-0.7071436646870826,-0.04496545393592657
-0.19740918,-0.18914706,0.52251962,0.0587468225778167,0.7032030587471962,-0.7070808024453776,-0.04572753895409686
-0.1973988,-0.1891446,0.5225162,0.059313160057375934,0.7031695854849214,-0.7070171178920223,-0.046489548294535624
-0.19738842,-0.18914214,0.52251278,0.0598794893798197,0.7031356554251946,-0.7069526111120656,-0.047251481069133336
-0.19737804,-0.18913968,0.52250936,0.06044581017595986,0.7031012685501115,-0.7068872821915166,-0.04801333638987118
-0.19736766,-0.18913722,0.52250594,0.06101212207656386,0.7030664248420674,-0.7068211312173446,-0.04877511336882485
-0.19735728,-0.18913476,0.52250252,0.06157842471235362,0.7030311242837566,-0.7067541582774775,-0.04953681111816367
-0.1973469,-0.1891323,0.5224991,0.062144717714006995,0.7029953668581729,-0.7066863634608037,-0.05029842875015323
-0.19733652,-0.18912984,0.52249568,0.06271100071215586,0.7029591525486095,-0.7066177468571706,-0.05105996537715379
-0.19732614,-0.18912738,0.52249226,0.0632772733373887,0.7029224813386593,-0.7065483085573852,-0.05182142011162442
-0.19731576,-0.18912492,0.52248884,0.06384353522024955,0.7028853532122145,-0.7064780486532135,-0.05258279206612206
-0.19730538,-0.18912246,0.52248542,0.06440978599123874,0.702847768153467,-0.7064069672373805,-0.0533440803533034
-0.197295,-0.18912,0.522482,0.0649760252808126,0.7028097261469083,-0.7063350644035706,-0.05410528408592502
-0.19728348,-0.18911772,0.52247528,0.06550791694464535,0.7027782708741849,-0.7062636636885021,-0.054800110930167775
-0.19727196,-0.18911544,0.52246856,0.0660398063368935,0.7027464120319719,-0.7061915782009507,-0.05549485771876239
-0.19726044,-0.18911316,0.52246184,0.06657169315036167,0.7027141495967203,-0.7061188080241834,-0.05618952377586751
-0.19724892,-0.18911088,0.52245512,0.06710357707780676,0.7026814835451144,-0.7060453532421346,-0.05688410842572386
-0.1972374,-0.1891086,0.5224484,0.06763545781193978,0.7026484138540741,-0.7059712139394064,-0.057578610992656785
-0.19722588,-0.18910632,0.52244168,0.0681673350454249,0.7026149405007547,-0.7058963902012694,-0.058273030801075806
-0.19721436,-0.18910404,0.52243496,0.06869920847088076,0.7025810634625455,-0.7058208821136606,-0.0589673671754762
-0.19720284,-0.18910176,0.52242824,0.06923107778087928,0.7025467827170715,-0.7057446897631848,-0.059661619440438074
-0.19719132,-0.18909948,0.52242152,0.06976294266794686,0.7025120982421931,-0.705667813237115,-0.06035578692062867
-0.1971798,-0.1890972,0.5224148,0.07029480282456405,0.7024770100160053,-0.7055902526233905,-0.06104986894080218
-0.19716828,-0.18909492,0.52240808,0.0708266579431663,0.7024415180168384,-0.7055120080106181,-0.06174386482580095
-0.19715676,-0.18909264,0.52240136,0.07135850771614352,0.7024056222232589,-0.7054330794880721,-0.06243777390055528
-0.19714524,-0.18909036,0.52239464,0.07189035183584046,0.7023693226140675,-0.7053534671456936,-0.06313159549008478
-0.19713372,-0.18908808,0.52238792,0.07242218999455693,0.7023326191683016,-0.7052731710740906,-0.06382532891949896
-0.1971222,-0.1890858,0.5223812,0.07295402188454804,0.7022955118652332,-0.705192191364538,-0.06451897351399768
-0.19711068,-0.18908352,0.52237448,0.07348584719802437,0.7022580006843702,-0.7051105281089775,-0.06521252859887182
-0.19709932,-0.18908196,0.5223658,0.07400180453407154,0.7022238932734726,-0.7050280851027888,-0.06588426107836907
-0.19708828,-0.18908184,0.5223532,0.07448604276133393,0.7021970428078018,-0.7049448472484707,-0.06651244126902245
-0.19707724,-0.18908172,0.5223406,0.07497028895027448,0.7021698566843044,-0.7048610477780086,-0.06714053517766577
-0.1970662,-0.1890816,0.522328,0.07545454286674833,0.7021423348693983,-0.7047766867734365,-0.06776854230081408
-0.19705516,-0.18908148,0.5223154,0.07593880427655961,0.7021144773296641,-0.7046917643172413,-0.06839646213505861
-0.19704412,-0.18908136,0.5223028,0.07642307294545903,0.7020862840318488,-0.7046062804923623,-0.06902429417706418
-0.19703308,-0.18908124,0.5222901999999999,0.07690734863914621,0.7020577549428633,-0.7045202353821901,-0.06965203792357194
-0.19702204,-0.18908112,0.5222776,0.07739163112326786,0.7020288900297837,-0.704433629070569,-0.07027969287139754
-0.197011,-0.189081,0.522265,0.07787592016341965,0.7019996892598509,-0.7043464616417939,-0.07090725851743386
-0.19699996,-0.18908088,0.5222524,0.0783602155251454,0.7019701526004705,-0.7042587331806133,-0.07153473435865024
-0.19698892,-0.18908076,0.5222397999999999,0.07884451697393692,0.701940280019213,-0.7041704437722265,-0.07216211989209248
-0.19697788,-0.18908064,0.5222272,0.07932882427523538,0.7019100714838149,-0.7040815935022853,-0.0727894146148844
-0.19696684,-0.18908052,0.5222146,0.07981313719442942,0.7018795269621765,-0.703992182456893,-0.07341661802422668
-0.1969558,-0.1890804,0.5222019999999999,0.08029745549685748,0.7018486464223644,-0.703902210722605,-0.07404372961739904
-0.19694476,-0.18908028,0.5221893999999999,0.08078177894780665,0.7018174298326101,-0.7038116783864281,-0.07467074889175991
-0.19693372,-0.18908016,0.5221768,0.08126610731251224,0.7017858771613102,-0.7037205855358212,-0.0752976753447455
-0.19692268,-0.18908004,0.5221642,0.08175044035616007,0.7017539883770267,-0.7036289322586946,-0.07592450847387308
-0.19691292,-0.1890797599999999,0.5221465599999999,0.08218972178399586,0.7017259020115652,-0.7035413923985878,-0.07651873797300153
-0.1969038,-0.1890794,0.5221264,0.08260648271565514,0.7016996211282336,-0.7034556987802265,-0.07709663141451005
-0.19689468,-0.18907904,0.5221062399999999,0.08302325168600784,0.7016730908917989,-0.7033695285179308,-0.07767444592847211
-0.19688556,-0.18907868,0.52208608,0.08344002854438952,0.7016463112737306,-0.7032828816787399,-0.07825218112056884
-0.19687644,-0.18907832,0.52206592,0.08385681314009458,0.7016192822455904,-0.703195758330021,-0.07882983659653504
-0.19686732,-0.18907796,0.5220457599999999,0.08427360532237795,0.7015920037790333,-0.7031081585394673,-0.07940741196216129
-0.1968582,-0.1890775999999999,0.5220256,0.08469040494045454,0.7015644758458054,-0.703020082375099,-0.07998490682329307
-0.19684908,-0.18907724,0.5220054399999999,0.08510721184349945,0.7015366984177459,-0.702931529905264,-0.08056232078583182
-0.19683996,-0.18907688,0.52198528,0.08552402588064739,0.7015086714667861,-0.7028425011986358,-0.0811396534557342
-0.19683084,-0.18907652,0.52196512,0.08594084690099386,0.7014803949649502,-0.7027529963242153,-0.08171690443901385
-0.19682172,-0.18907616,0.5219449599999999,0.08635767475359427,0.7014518688843543,-0.7026630153513298,-0.08229407334174
-0.1968126,-0.1890758,0.5219248,0.08677450928746408,0.701423093197208,-0.7025725583496338,-0.08287115977003867
-0.19680348,-0.1890754399999999,0.5219046399999999,0.08719135035157995,0.7013940678758119,-0.702481625389108,-0.08344816333009346
-0.19679436,-0.18907508,0.52188448,0.08760819779487854,0.7013647928925612,-0.7023902165400592,-0.08402508362814498
-0.19678524,-0.18907472,0.5218643199999999,0.08802505146625636,0.7013352682199429,-0.7022983318731216,-0.08460192027049038
-0.19677612,-0.18907436,0.52184416,0.08844191121457114,0.7013054938305361,-0.7022059714592557,-0.08517867286348549
-0.196767,-0.189074,0.521824,0.08885877688864163,0.7012754696970139,-0.7021131353697478,-0.08575534101354432
-0.19676052,-0.1890688999999999,0.52180156,0.08922664863987605,0.7012371006610012,-0.7020382006539092,-0.08629889136988127
-0.19675404,-0.1890638,0.5217791199999999,0.0895945087025152,0.7011985380532959,-0.7019628445076516,-0.086842381202971
-0.19674756,-0.1890587,0.52175668,0.08996235697420059,0.7011597818718891,-0.7018870669781477,-0.08738581018577526
-0.1967410799999999,-0.1890536,0.5217342399999999,0.09033019335256547,0.7011208321148267,-0.7018108681128248,-0.08792917799129235
-0.1967346,-0.1890484999999999,0.5217118,0.09069801773523437,0.7010816887802086,-0.7017342479593635,-0.08847248429255673
-0.19672812,-0.1890434,0.52168936,0.09106583001982213,0.7010423518661896,-0.7016572065656983,-0.08901572876263841
-0.19672164,-0.1890383,0.5216669199999999,0.09143363010393715,0.7010028213709789,-0.7015797439800178,-0.08955891107464613
-0.19671516,-0.1890331999999999,0.52164448,0.09180141788517765,0.7009630972928409,-0.7015018602507646,-0.090102030901724
-0.19670868,-0.1890280999999999,0.52162204,0.09216919326113422,0.7009231796300935,-0.7014235554266344,-0.09064508791705415
-0.1967022,-0.189023,0.5215995999999999,0.09253695612938848,0.7008830683811104,-0.7013448295565772,-0.0911880817938555
-0.19669572,-0.1890179,0.52157716,0.09290470638751396,0.7008427635443193,-0.7012656826897967,-0.09173101220538485
-0.19668924,-0.1890127999999999,0.5215547199999999,0.09327244393307602,0.7008022651182023,-0.7011861148757502,-0.09227387882493707
-0.1966827599999999,-0.1890077,0.52153228,0.09364016866363131,0.7007615731012968,-0.7011061261641486,-0.09281668132584443
-0.19667628,-0.1890026,0.52150984,0.09400788047672849,0.7007206874921945,-0.7010257166049565,-0.09335941938147786
-0.1966698,-0.1889974999999999,0.5214873999999999,0.09437557926990743,0.7006796082895419,-0.700944886248392,-0.09390209266524606
-0.19666332,-0.1889923999999999,0.52146496,0.09474326494070016,0.7006383354920397,-0.7008636351449272,-0.09444470085059677
-0.19665804,-0.188986,0.52144328,0.09510274859556711,0.7005941268745689,-0.7007874792063395,-0.09497497347224013
-0.19665516,-0.1889769999999999,0.52142312,0.09544583195290199,0.700544257389691,-0.700721971607716,-0.0954806530525423
-0.19665228,-0.188968,0.52140296,0.09578888781430141,0.7004942200862774,-0.7006560992958528,-0.09598628608576015
-0.1966494,-0.188959,0.5213827999999999,0.09613191609784201,0.7004440149805196,-0.7005898623043644,-0.09649187230891212
-0.19664652,-0.1889499999999999,0.52136264,0.09647491672161068,0.7003936420886485,-0.7005232606670544,-0.09699741145904116
-0.19664364,-0.188941,0.5213424799999999,0.09681788960370419,0.7003431014269358,-0.7004562944179173,-0.09750290327321434
-0.19664076,-0.188932,0.52132232,0.09716083466223002,0.7002923930116921,-0.7003889635911358,-0.09800834748852394
-0.19663788,-0.188923,0.52130216,0.09750375181530585,0.7002415168592686,-0.7003212682210826,-0.09851374384208691
-0.196635,-0.188914,0.5212819999999999,0.09784664098105994,0.7001904729860553,-0.7002532083423205,-0.09901909207104563
-0.19663212,-0.188905,0.52126184,0.09818950207763004,0.7001392614084835,-0.700184783989601,-0.09952439191256636
-0.19662924,-0.188896,0.5212416799999999,0.09853233502316537,0.7000878821430229,-0.7001159951978656,-0.1000296431038422
-0.19662636,-0.188887,0.52122152,0.09887513973582515,0.7000363352061835,-0.700046842002245,-0.100534845382091
-0.19662348,-0.188878,0.52120136,0.09921791613377862,0.6999846206145154,-0.6999773244380594,-0.10103999848455585
-0.1966206,-0.188869,0.5211812,0.09956066413520602,0.6999327383846081,-0.6999074425408189,-0.1015451021485059
-0.19661772,-0.18886,0.52116104,0.0999033836582979,0.6998806885330914,-0.6998371963462225,-0.10205015611123636
-0.19661484,-0.188851,0.5211408799999999,0.10024607462125493,0.699828471076634,-0.6997665858901586,-0.1025551601100677
-0.19661196,-0.188842,0.52112072,0.10058873694228869,0.6997760860319455,-0.6996956112087054,-0.10306011388234708
-0.19660952,-0.18883104,0.52110444,0.1009268182344408,0.6997206172139574,-0.6996306110092835,-0.10354633429323952
-0.1966073,-0.1888191,0.5210901,0.10126258953665643,0.6996635284182083,-0.6995684489168441,-0.1040231716580223
-0.19660508,-0.18880716,0.52107576,0.10159832591798032,0.699606278903452,-0.699505962208516,-0.10449996901562894
-0.19660286,-0.18879522,0.52106142,0.10193402730183154,0.6995488686926834,-0.6994431509112481,-0.10497672614518429
-0.19660064,-0.18878328,0.52104708,0.102269693611645,0.6994912978089339,-0.6993800150521409,-0.10545344282583174
-0.19659842,-0.18877134,0.52103274,0.10260532477087206,0.6994335662752703,-0.6993165546584438,-0.10593011883673387
-0.1965962,-0.1887594,0.5210184,0.10294092070297979,0.6993756741147965,-0.6992527697575576,-0.10640675395707154
-0.19659398,-0.18874746,0.52100406,0.10327648133145152,0.699317621350652,-0.6991886603770329,-0.10688334796604493
-0.19659176,-0.18873552,0.52098972,0.10361200657978634,0.6992594080060124,-0.6991242265445704,-0.1073599006428725
-0.19658954,-0.18872358,0.52097538,0.1039474963714999,0.6992010341040901,-0.699059468288021,-0.10783641176679273
-0.19658732,-0.18871164,0.52096104,0.10428295063012408,0.6991424996681329,-0.698994385635386,-0.1083128811170631
-0.1965851,-0.1886997,0.5209467,0.10461836927920665,0.6990838047214253,-0.6989289786148168,-0.10878930847296038
-0.19658288,-0.18868776,0.52093236,0.10495375224231132,0.6990249492872869,-0.6988632472546149,-0.1092656936137802
-0.19658066,-0.18867582,0.52091802,0.10528909944301813,0.6989659333890751,-0.6987971915832318,-0.10974203631883821
-0.19657844,-0.18866388,0.52090368,0.105624410804924,0.6989067570501819,-0.6987308116292696,-0.11021833636747023
-0.19657622,-0.18865194,0.52088934,0.10595968625164157,0.6988474202940359,-0.69866410742148,-0.11069459353903131
-0.196574,-0.18864,0.520875,0.106294925706799,0.698787923144102,-0.6985970789887652,-0.11117080761289545
-0.1965707,-0.18862566,0.52086366,0.10660133198033145,0.698724716854456,-0.6985407161654126,-0.11162792632577195
-0.1965674,-0.18861132,0.5208523199999999,0.1069076963517832,0.698661376942799,-0.6984840548801498,-0.11208501196560938
-0.1965641,-0.18859698,0.52084098,0.10721401876355822,0.6985979034389471,-0.6984270951544606,-0.11254206433763606
-0.1965608,-0.18858264,0.52082964,0.10752029915808237,0.6985342963727408,-0.6983698370099558,-0.11299908324709454
-0.1965575,-0.1885683,0.5208183,0.10782653747780331,0.6984705557740447,-0.6983122804683733,-0.11345606849924252
-0.1965542,-0.18855396,0.5208069599999999,0.10813273366519177,0.6984066816727471,-0.6982544255515781,-0.11391301989935317
-0.1965509,-0.18853962,0.52079562,0.1084388876627396,0.6983426740987613,-0.698196272281562,-0.11436993725271387
-0.1965476,-0.18852528,0.52078428,0.10874499941296019,0.6982785330820247,-0.6981378206804449,-0.11482682036462652
-0.1965443,-0.18851094,0.52077294,0.1090510688583903,0.698214258652498,-0.6980790707704727,-0.11528366904040953
-0.196541,-0.1884966,0.5207615999999999,0.10935709594158777,0.6981498508401671,-0.6980200225740189,-0.11574048308539538
-0.1965377,-0.18848226,0.52075026,0.10966308060513262,0.6980853096750418,-0.6979606761135844,-0.11619726230493212
-0.1965344,-0.18846792,0.52073892,0.1099690227916268,0.6980206351871557,-0.6979010314117967,-0.11665400650438294
-0.1965311,-0.18845358,0.52072758,0.1102749224436949,0.6979558274065669,-0.6978410884914104,-0.11711071548912695
-0.1965278,-0.18843924,0.5207162399999999,0.11058077950398301,0.6978908863633574,-0.6977808473753071,-0.1175673890645583
-0.1965245,-0.1884249,0.5207049,0.11088659391515923,0.6978258120876333,-0.697720308086496,-0.11802402703608679
-0.1965212,-0.18841056,0.52069356,0.1111923656199143,0.6977606046095246,-0.6976594706481125,-0.11848062920913827
-0.19651784,-0.1883968,0.52068126,0.1114866246398398,0.6976978850709527,-0.6976006310684074,-0.11891910370876066
-0.19651436,-0.1883842,0.52066704,0.11175790752406055,0.6976402934481406,-0.6975461297849482,-0.11932136391055827
-0.19651088,-0.1883716,0.52065282,0.11202915733469096,0.6975825969572835,-0.6974913970601545,-0.1197235956538437
-0.1965074,-0.188359,0.5206386,0.11230037403167827,0.6975247956188128,-0.6974364329102765,-0.12012579880553485
-0.19650392,-0.1883464,0.52062438,0.11257155757498397,0.6974668894531744,-0.6973812373516417,-0.12052797323256015
-0.19650044,-0.1883338,0.52061016,0.11284270792458201,0.6974088784808292,-0.6973258104006536,-0.12093011880185749
-0.19649696,-0.1883212,0.52059594,0.11311382504045955,0.6973507627222532,-0.6972701520737922,-0.1213322353803744
-0.19649348,-0.1883086,0.52058172,0.11338490888261706,0.6972925421979377,-0.6972142623876145,-0.12173432283506852
-0.19649,-0.188296,0.5205675000000001,0.11365595941106806,0.6972342169283879,-0.6971581413587535,-0.12213638103290714
-0.19648652,-0.1882834,0.52055328,0.11392697658583922,0.697175786934125,-0.6971017890039194,-0.12253840984086764
-0.19648304,-0.1882708,0.52053906,0.11419796036697015,0.697117252235684,-0.6970452053398981,-0.12294040912593715
-0.19647956,-0.1882582,0.52052484,0.11446891071451432,0.697058612853616,-0.6969883903835525,-0.12334237875511353
-0.19647608,-0.1882456,0.52051062,0.11473982758853746,0.6969998688084861,-0.696931344151822,-0.12374431859540358
-0.1964726,-0.188233,0.5204964000000001,0.11501071094911888,0.6969410201208744,-0.6968740666617222,-0.12414622851382476
-0.19646912,-0.1882204,0.52048218,0.11528156075635132,0.6968820668113762,-0.6968165579303455,-0.12454810837740513
-0.19646564,-0.1882078,0.5204679600000001,0.11555237697034046,0.6968230089006011,-0.6967588179748607,-0.12494995805318246
-0.19646216,-0.1881952,0.52045374,0.11582315955120473,0.6967638464091744,-0.6967008468125129,-0.12535177740820433
-0.1964594,-0.18818316,0.52043624,0.11606711982338029,0.696707033328478,-0.6966505845887226,-0.125720707915311
-0.196457,-0.1881714,0.5204171000000001,0.11629765525018516,0.6966513667657861,-0.6966041057041356,-0.12607318700981798
-0.1964546,-0.18815964,0.52039796,0.11652816076047004,0.6965956245676123,-0.6965574489953402,-0.12642564546856833
-0.1964522,-0.18814788,0.52037882,0.11675863632990394,0.696539806751053,-0.6965106144727767,-0.12677808320187656
-0.1964498,-0.18813612,0.52035968,0.11698908193416685,0.6964839133332128,-0.6964636021469298,-0.12713050012006377
-0.1964474,-0.18812436,0.5203405400000001,0.11721949754894803,0.6964279443312034,-0.6964164120283303,-0.1274828961334562
-0.196445,-0.1881126,0.5203214,0.11744988314994705,0.696371899762144,-0.6963690441275532,-0.12783527115238594
-0.1964426,-0.18810084,0.52030226,0.11768023871287349,0.6963157796431615,-0.6963214984552201,-0.1281876250871906
-0.1964402,-0.18808908,0.52028312,0.1179105642134467,0.6962595839913903,-0.6962737750219968,-0.12853995784821332
-0.1964378,-0.18807732,0.52026398,0.11814085962739644,0.6962033128239721,-0.696225873838595,-0.12889226934580367
-0.1964354,-0.18806556,0.52024484,0.11837112493046212,0.6961469661580562,-0.696177794915771,-0.12924455949031632
-0.196433,-0.1880538,0.5202257,0.11860136009839331,0.696090544010799,-0.6961295382643273,-0.1295968281921119
-0.1964306,-0.18804204,0.52020656,0.11883156510694942,0.696034046399365,-0.6960811038951108,-0.12994907536155667
-0.1964282,-0.18803028,0.52018742,0.11906173993190029,0.6959774733409257,-0.6960324918190139,-0.13030130090902325
-0.1964258,-0.18801852,0.52016828,0.11929188454902528,0.6959208248526603,-0.6959837020469747,-0.13065350474488957
-0.1964234,-0.18800676,0.52014914,0.11952199893411411,0.6958641009517552,-0.6959347345899759,-0.13100568677953958
-0.196421,-0.187995,0.52013,0.11975208306296628,0.6958073016554044,-0.695885589459046,-0.1313578469233631
-0.19641674,-0.18798456,0.5201096,0.1199536261601079,0.6957611632945362,-0.695835858958236,-0.1316813905224611
-0.19641248,-0.18797412,0.5200892,0.12015514873226571,0.6957149671290893,-0.6957859784746644,-0.13200491242279908
-0.19640822,-0.18796368,0.5200688,0.12035665076322127,0.6956687131691887,-0.6957359480185615,-0.13232841255489503
-0.19640396,-0.18795324,0.5200484,0.12055813223676139,0.6956224014249623,-0.6956857676001894,-0.13265189084927234
-0.1963997,-0.1879428,0.5200279999999999,0.12075959313667829,0.6955760319065437,-0.6956354372298423,-0.13297534723645912
-0.19639544,-0.18793236,0.5200076,0.12096103344676926,0.69552960462407,-0.6955849569178468,-0.13329878164698875
-0.19639118,-0.18792192,0.5199872,0.12116245315083697,0.6954831195876827,-0.6955343266745618,-0.13362219401139927
-0.19638692,-0.18791148,0.5199668,0.12136385223268964,0.6954365768075281,-0.6954835465103782,-0.13394558426023426
-0.19638266,-0.18790104,0.5199464,0.12156523067614038,0.6953899762937562,-0.6954326164357192,-0.1342689523240418
-0.1963784,-0.1878906,0.519926,0.12176658846500772,0.6953433180565218,-0.6953815364610402,-0.1345922981333755
-0.19637414,-0.18788016,0.5199056,0.12196792558311517,0.6952966021059839,-0.6953303065968286,-0.1349156216187933
-0.19636988,-0.18786972,0.5198851999999999,0.1221692420142922,0.6952498284523054,-0.695278926853604,-0.13523892271085922
-0.19636562,-0.18785928,0.5198648,0.12237053774237289,0.6952029971056545,-0.6952273972419187,-0.1355622013401414
-0.1963613599999999,-0.18784884,0.5198444,0.12257181275119705,0.6951561080762027,-0.6951757177723566,-0.1358854574372141
-0.1963571,-0.1878384,0.519824,0.1227730670246096,0.6951091613741263,-0.6951238884555341,-0.1362086909326559
-0.19635284,-0.18782796,0.5198035999999999,0.12297430054646057,0.6950621570096057,-0.6950719093020994,-0.13653190175705077
-0.19634824,-0.18781808,0.5197832,0.12316893858876339,0.6950179144171449,-0.6950200258802695,-0.136845441398495
-0.1963429599999999,-0.1878093199999999,0.5197628,0.12335041108661635,0.6949792601129793,-0.6949685007719851,-0.1371396625062132
-0.19633768,-0.1878005599999999,0.5197423999999999,0.1235318697823384,0.694940558795939,-0.6949168513784073,-0.13743386248951928
-0.1963324,-0.1877917999999999,0.519722,0.12371331466394889,0.6949018104716066,-0.694865077708561,-0.13772804129594543
-0.19632712,-0.1877830399999999,0.5197016,0.1238947457194697,0.6948630151455679,-0.6948131797714927,-0.13802219887302775
-0.19632184,-0.18777428,0.5196812,0.12407616293692508,0.6948241728234114,-0.6947611575762713,-0.13831633516830644
-0.19631656,-0.18776552,0.5196607999999999,0.12425756630434188,0.6947852835107281,-0.6947090111319882,-0.1386104501293253
-0.19631128,-0.18775676,0.5196404,0.12443895580974937,0.694746347213113,-0.6946567404477563,-0.13890454370363237
-0.1963059999999999,-0.187748,0.51962,0.12462033144117944,0.6947073639361632,-0.694604345532711,-0.13919861583877954
-0.1963007199999999,-0.18773924,0.5195995999999999,0.12480169318666591,0.6946683336854786,-0.6945518263960101,-0.13949266648232256
-0.19629544,-0.18773048,0.5195792,0.12498304103424572,0.694629256466663,-0.6944991830468327,-0.1397866955818211
-0.19629016,-0.18772172,0.5195588,0.12516437497195798,0.6945901322853223,-0.694446415494381,-0.14008070308483914
-0.19628488,-0.18771296,0.5195384,0.1253456949878443,0.6945509611470657,-0.694393523747879,-0.14037468893894436
-0.1962796,-0.1877042,0.5195179999999999,0.12552700106994888,0.6945117430575052,-0.6943405078165724,-0.14066865309170853
-0.19627432,-0.18769544,0.5194976,0.12570829320631818,0.6944724780222558,-0.6942873677097294,-0.14096259549070733
-0.1962690399999999,-0.18768668,0.5194772,0.1258895713850013,0.6944331660469354,-0.6942341034366406,-0.14125651608352066
-0.1962637599999999,-0.18767792,0.5194567999999999,0.1260708355940498,0.6943938071371648,-0.6941807150066184,-0.14155041481773226
-0.1962587999999999,-0.18767092,0.51943672,0.12622928389058286,0.6943565317903092,-0.6941307083841107,-0.1418369991461215
-0.1962539999999999,-0.1876648,0.5194168,0.12637631785611747,0.6943202884598283,-0.6940823383396645,-0.14211991740475247
-0.1962491999999999,-0.18765868,0.51939688,0.12652333857509387,0.6942840146443445,-0.6940338534518246,-0.14240281622199435
-0.1962443999999999,-0.18765256,0.51937696,0.12667034604155325,0.6942477103496257,-0.6939852537288329,-0.14268569555124616
-0.1962396,-0.18764644,0.5193570399999999,0.12681734024953906,0.6942113755814411,-0.6939365391789506,-0.14296855534591
-0.1962348,-0.18764032,0.51933712,0.1269643211930979,0.6941750103455613,-0.6938877098104582,-0.1432513955593918
-0.19623,-0.1876342,0.5193171999999999,0.1271112888662791,0.6941386146477568,-0.6938387656316545,-0.14353421614510115
-0.1962252,-0.18762808,0.51929728,0.1272582432631342,0.6941021884938,-0.6937897066508573,-0.14381701705645067
-0.1962204,-0.18762196,0.5192773599999999,0.127405184377718,0.6940657318894643,-0.6937405328764038,-0.14409979824685706
-0.1962156,-0.18761584,0.51925744,0.12755211220408796,0.6940292448405238,-0.6936912443166499,-0.14438255966974045
-0.1962108,-0.18760972,0.51923752,0.1276990267363037,0.6939927273527526,-0.6936418409799703,-0.1446653012785242
-0.196206,-0.1876035999999999,0.5192176,0.12784592796842822,0.693956179431928,-0.6935923228747586,-0.14494802302663554
-0.1962012,-0.1875974799999999,0.51919768,0.12799281589452682,0.6939196010838259,-0.6935426900094274,-0.14523072486750518
-0.1961964,-0.1875913599999999,0.5191777599999999,0.12813969050866791,0.6938829923142248,-0.6934929423924082,-0.14551340675456764
-0.1961916,-0.18758524,0.51915784,0.12828655180492207,0.6938463531289036,-0.6934430800321515,-0.1457960686412604
-0.1961868,-0.18757912,0.5191379199999999,0.1284333997773629,0.6938096835336418,-0.6933931029371266,-0.14607871048102525
-0.196182,-0.187573,0.519118,0.12858023442006714,0.6937729835342207,-0.6933430111158216,-0.1463613322273075
-0.19617888,-0.18756772,0.5190984399999999,0.12869824273301386,0.6937418160408311,-0.6932951336076599,-0.146631895267506
-0.19617576,-0.18756244,0.51907888,0.12881624026071095,0.693710629248203,-0.6932471510514024,-0.14690243929993424
-0.19617264,-0.18755716,0.51905932,0.12893422700042398,0.6936794231610404,-0.693199063454856,-0.1471729642837965
-0.19616952,-0.18755188,0.51903976,0.12905220294942063,0.6936481977840478,-0.693150870825843,-0.14744347017830034
-0.1961664,-0.1875466,0.5190201999999999,0.12917016810497187,0.6936169531219297,-0.6931025731722015,-0.14771395694265713
-0.19616328,-0.1875413199999999,0.51900064,0.12928812246434915,0.6935856891793907,-0.6930541705017856,-0.1479844245360804
-0.19616016,-0.18753604,0.51898108,0.12940606602482757,0.6935544059611356,-0.6930056628224655,-0.14825487291778783
-0.19615704,-0.18753076,0.51896152,0.1295239987836842,0.6935231034718695,-0.6929570501421267,-0.14852530204700018
-0.19615392,-0.18752548,0.51894196,0.12964192073819758,0.6934917817162978,-0.6929083324686712,-0.1487957118829405
-0.1961508,-0.1875202,0.5189224,0.12975983188564913,0.6934604406991256,-0.6928595098100163,-0.1490661023848361
-0.19614768,-0.18751492,0.51890284,0.12987773222332244,0.6934290804250582,-0.6928105821740959,-0.1493364735119173
-0.19614456,-0.18750964,0.5188832800000001,0.12999562174850288,0.6933977008988018,-0.6927615495688584,-0.1496068252234171
-0.19614144,-0.18750436,0.51886372,0.1301135004584786,0.6933663021250617,-0.6927124120022697,-0.14987715747857233
-0.19613832,-0.18749908,0.51884416,0.13023136835053956,0.6933348841085442,-0.6926631694823105,-0.15014747023662284
-0.1961352,-0.1874938,0.5188246,0.13034922542197777,0.6933034468539556,-0.6926138220169776,-0.15041776345681138
-0.19613208,-0.18748852,0.51880504,0.13046707167008811,0.6932719903660018,-0.6925643696142839,-0.15068803709838488
-0.19612896,-0.18748078,0.51878386,0.13057057232849387,0.6932372310654887,-0.6925226721409603,-0.1509497124118081
-0.19612584,-0.18746812,0.5187594400000001,0.130645386491297,0.6931958939833853,-0.6924966026767281,-0.15119421561126145
-0.19612272,-0.18745546,0.51873502,0.13072018061601043,0.6931545506011674,-0.6924704481166644,-0.15143870656380204
-0.1961196,-0.1874428,0.5187106,0.13079495470331864,0.6931132009285373,-0.6924442084661879,-0.15168318523946012
-0.19611648,-0.18743014,0.51868618,0.13086970875391082,0.6930718449751977,-0.6924178837307272,-0.15192765160826777
-0.19611336,-0.18741748,0.51866176,0.13094444276848013,0.6930304827508493,-0.6923914739157225,-0.1521721056402596
-0.19611024,-0.18740482,0.5186373400000001,0.1310191567477245,0.6929891142651932,-0.6923649790266239,-0.1524165473054721
-0.19610712,-0.18739216,0.51861292,0.13109385069234616,0.6929477395279283,-0.6923383990688926,-0.1526609765739441
-0.196104,-0.1873795,0.5185885,0.1311685246030518,0.6929063585487539,-0.6923117340480004,-0.15290539341571652
-0.19610088,-0.18736684,0.51856408,0.1312431784805526,0.6928649713373684,-0.6922849839694298,-0.15314979780083246
-0.19609776,-0.18735418,0.51853966,0.13131781232556403,0.6928235779034685,-0.6922581488386743,-0.15339418969933727
-0.19609464,-0.18734152,0.51851524,0.13139242613880603,0.6927821782567513,-0.6922312286612375,-0.1536385690812785
-0.19609152,-0.1873288599999999,0.51849082,0.1314670199210031,0.6927407724069122,-0.6922042234426343,-0.15388293591670568
-0.1960884,-0.1873162,0.5184664,0.13154159367288393,0.6926993603636461,-0.6921771331883898,-0.1541272901756708
-0.19608528,-0.18730354,0.51844198,0.13161614739518196,0.6926579421366474,-0.6921499579040401,-0.1543716318282279
-0.19608216,-0.18729088,0.5184175599999999,0.13169068108863466,0.6926165177356095,-0.6921226975951319,-0.15461596084443338
-0.19607904,-0.18727822,0.51839314,0.13176519475398432,0.6925750871702248,-0.6920953522672224,-0.1548602771943456
-0.196077,-0.1872636,0.5183641999999999,0.13182303518121086,0.6925407136386961,-0.6920758542552693,-0.15505179555638135
-0.1960755,-0.187248,0.518333,0.13187253692869635,0.6925098684741502,-0.6920602758881441,-0.15521691469530816
-0.196074,-0.1872324,0.5183018,0.13192202819262489,0.6924790206700162,-0.6920446587008573,-0.15538202847515428
-0.1960725,-0.1872168,0.5182706,0.13197150897329907,0.6924481702297476,-0.6920290026950837,-0.15554713688664584
-0.196071,-0.1872012,0.5182394,0.1320209792710224,0.692417317156798,-0.6920133078725006,-0.15571223992050956
-0.1960695,-0.1871856,0.5182082,0.1320704390860993,0.6923864614546203,-0.6919975742347878,-0.1558773375674724
-0.196068,-0.18717,0.518177,0.1321198884188358,0.6923556031266678,-0.6919818017836272,-0.1560424298182623
-0.1960665,-0.1871544,0.5181458,0.13216932726953826,0.6923247421763931,-0.6919659905207028,-0.15620751666360716
-0.196065,-0.1871388,0.5181146,0.1322187556385148,0.6922938786072488,-0.6919501404477014,-0.15637259809423543
-0.1960635,-0.1871232,0.5180834,0.13226817352607406,0.692263012422687,-0.6919342515663109,-0.15653767410087613
-0.196062,-0.1871076,0.5180522,0.13231758093252588,0.6922321436261604,-0.6919183238782232,-0.15670274467425857
-0.1960605,-0.187092,0.518021,0.13236697785818155,0.6922012722211206,-0.6919023573851303,-0.156867809805113
-0.196059,-0.1870764,0.5179898000000001,0.13241636430335302,0.6921703982110194,-0.6918863520887285,-0.15703286948416953
-0.1960575,-0.1870608,0.5179586,0.13246574026835334,0.6921395215993089,-0.6918703079907154,-0.1571979237021591
-0.196056,-0.1870452,0.5179274,0.1325151057534968,0.6921086423894399,-0.6918542250927904,-0.15736297244981304
-0.1960545,-0.1870296,0.5178962,0.13256446075909842,0.6920777605848639,-0.6918381033966561,-0.15752801571786298
-0.196053,-0.187014,0.517865,0.13261380528547492,0.6920468761890317,-0.6918219429040167,-0.1576930534970414
-0.19605354,-0.18699822,0.5178305,0.13262958891545118,0.6920224199759556,-0.6918137153568354,-0.15782314671464379
-0.19605408,-0.18698244,0.517796,0.13264536483276118,0.6919979643141824,-0.6918054639066298,-0.1579532357450901
-0.19605462,-0.18696666,0.5177615,0.13266113303781996,0.6919735092057951,-0.6917971885543719,-0.1580833205838169
-0.19605516,-0.18695088,0.517727,0.13267689353104323,0.6919490546528773,-0.6917888893010352,-0.15821340122626082
-0.1960557,-0.1869351,0.5176925,0.132692646312847,0.6919246006575116,-0.6917805661475936,-0.15834347766785875
-0.19605624,-0.18691932,0.5176580000000001,0.13270839138364796,0.6919001472217815,-0.691772219095022,-0.15847354990404783
-0.1960567799999999,-0.18690354,0.5176235,0.13272412874386327,0.6918756943477695,-0.6917638481442959,-0.15860361793026537
-0.19605732,-0.18688776,0.5175890000000001,0.13273985839391061,0.6918512420375588,-0.6917554532963924,-0.15873368174194882
-0.19605786,-0.18687198,0.5175545,0.13275558033420817,0.6918267902932319,-0.6917470345522891,-0.15886374133453585
-0.1960584,-0.1868562,0.51752,0.13277129456517456,0.691802339116871,-0.6917385919129645,-0.15899379670346453
-0.19605894,-0.18684042,0.5174855,0.13278700108722905,0.6917778885105591,-0.6917301253793976,-0.15912384784417283
-0.1960594799999999,-0.18682464,0.517451,0.13280269990079138,0.691753438476378,-0.6917216349525692,-0.15925389475209914
-0.19606002,-0.18680886,0.5174165000000001,0.13281839100628182,0.6917289890164103,-0.6917131206334602,-0.1593839374226819
-0.19606056,-0.18679308,0.517382,0.13283407440412098,0.691704540132738,-0.6917045824230527,-0.1595139758513599
-0.1960611,-0.1867773,0.5173475000000001,0.13284975009473007,0.6916800918274427,-0.6916960203223298,-0.15964401003357195
-0.1960616399999999,-0.18676152,0.517313,0.1328654180785312,0.6916556441026066,-0.6916874343322752,-0.15977403996475736
-0.1960622,-0.18674578,0.51727774,0.13287167080322063,0.6916303310404489,-0.6916840418133128,-0.15989305983575103
-0.1960627999999999,-0.18673012,0.5172409600000001,0.13285910072567259,0.6916032867198697,-0.6916910672259178,-0.15999006429310078
-0.1960634,-0.18671446,0.51720418,0.1328465229563274,0.6915762429805874,-0.6916980794017935,-0.16008706517123591
-0.196064,-0.1866988,0.5171674,0.13283393749557845,0.6915491998241329,-0.6917050783413747,-0.16018406246807065
-0.1960645999999999,-0.18668314,0.51713062,0.13282134434381926,0.6915221572520365,-0.691712064045096,-0.16028105618151925
-0.1960652,-0.18666748,0.51709384,0.13280874350144348,0.6914951152658283,-0.6917190365133924,-0.1603780463094961
-0.1960657999999999,-0.18665182,0.5170570600000001,0.13279613496884524,0.6914680738670387,-0.691725995746699,-0.1604750328499156
-0.1960664,-0.18663616,0.51702028,0.1327835187464189,0.6914410330571981,-0.6917329417454517,-0.16057201580069205
-0.196067,-0.1866205,0.5169835,0.13277089483455934,0.6914139928378364,-0.6917398745100864,-0.16066899515974037
-0.1960675999999999,-0.18660484,0.5169467200000001,0.13275826323366147,0.6913869532104838,-0.6917467940410396,-0.16076597092497502
-0.1960682,-0.18658918,0.51690994,0.13274562394412037,0.6913599141766703,-0.6917537003387476,-0.16086294309431087
-0.1960688,-0.18657352,0.51687316,0.13273297696633177,0.6913328757379258,-0.6917605934036478,-0.1609599116656627
-0.1960694,-0.18655786,0.5168363800000001,0.1327203223006914,0.6913058378957803,-0.6917674732361776,-0.16105687663694535
-0.19607,-0.1865422,0.5167996,0.13270765994759542,0.6912788006517634,-0.6917743398367745,-0.1611538380060738
-0.1960705999999999,-0.18652654,0.5167628200000001,0.13269498990744025,0.6912517640074051,-0.6917811932058765,-0.1612507957709633
-0.1960712,-0.18651088,0.51672604,0.1326823121806225,0.6912247279642347,-0.6917880333439221,-0.1613477499295288
-0.1960718,-0.18649522,0.51668926,0.13266962676753932,0.6911976925237824,-0.6917948602513501,-0.16144470047968568
-0.1960702799999999,-0.18648436,0.5166508400000001,0.13264846194730265,0.691188760817818,-0.691791835399871,-0.16151327789448763
-0.1960676999999999,-0.1864759,0.5166116000000001,0.13262305926203638,0.6911888802103526,-0.691783885621457,-0.161567668857405
-0.19606512,-0.1864674399999999,0.5165723600000001,0.1325976557086912,0.6911889989220246,-0.6917759316940092,-0.1616220585149635
-0.19606254,-0.18645898,0.5165331200000001,0.13257225128732036,0.6911891169529102,-0.6917679736175891,-0.16167644686682797
-0.19605996,-0.1864505199999999,0.5164938800000001,0.13254684599797675,0.6911892343030861,-0.6917600113922581,-0.16173083391266285
-0.19605738,-0.18644206,0.5164546400000001,0.13252143984071335,0.6911893509726283,-0.6917520450180771,-0.16178521965213305
-0.1960548,-0.1864335999999999,0.5164154000000001,0.13249603281558345,0.691189466961614,-0.691744074495108,-0.16183960408490322
-0.19605222,-0.18642514,0.5163761600000001,0.13247062492264017,0.691189582270119,-0.6917360998234119,-0.16189398721063816
-0.19604964,-0.18641668,0.51633692,0.13244521616193675,0.6911896968982199,-0.6917281210030504,-0.16194836902900261
-0.19604706,-0.1864082199999999,0.51629768,0.13241980653352595,0.6911898108459931,-0.6917201380340849,-0.16200274953966126
-0.19604448,-0.18639976,0.51625844,0.13239439603746112,0.6911899241135152,-0.6917121509165771,-0.16205712874227882
-0.1960419,-0.1863912999999999,0.5162192,0.13236898467379543,0.6911900367008628,-0.6917041596505882,-0.16211150663652013
-0.19603932,-0.18638284,0.51617996,0.132343572442582,0.6911901486081118,-0.6916961642361797,-0.1621658832220499
-0.19603674,-0.1863743799999999,0.51614072,0.13231815934387395,0.6911902598353388,-0.6916881646734135,-0.16222025849853292
-0.19603416,-0.18636592,0.51610148,0.13229274537772473,0.6911903703826203,-0.691680160962351,-0.16227463246563417
-0.19603158,-0.1863574599999999,0.51606224,0.13226733054418713,0.6911904802500332,-0.691672153103054,-0.16232900512301812
-0.196029,-0.186349,0.516023,0.13224191484331443,0.6911905894376532,-0.6916641410955839,-0.1623833764703497
-0.1960233,-0.1863470199999999,0.51598268,0.13221732436295897,0.6912226247695232,-0.691631013830222,-0.1624081366594988
-0.1960176,-0.18634504,0.51594236,0.13219273568694506,0.6912546572435201,-0.6915978838258431,-0.1624328986331302
-0.1960119,-0.1863430599999999,0.51590204,0.1321681488154207,0.6912866868594217,-0.69156475108268,-0.16245766239109657
-0.1960062,-0.18634108,0.51586172,0.1321435637485333,0.6913187136170061,-0.6915316156009655,-0.1624824279332501
-0.1960005,-0.1863390999999999,0.5158214,0.13211898048643106,0.6913507375160511,-0.6914984773809321,-0.16250719525944363
-0.1959948,-0.18633712,0.51578108,0.13209439902926154,0.6913827585563349,-0.6914653364228124,-0.1625319643695295
-0.1959891,-0.1863351399999999,0.51574076,0.13206981937717238,0.6914147767376354,-0.6914321927268392,-0.16255673526336012
-0.1959834,-0.18633316,0.51570044,0.1320452415303114,0.6914467920597305,-0.6913990462932452,-0.16258150794078793
-0.1959777,-0.1863311799999999,0.5156601199999999,0.1320206654888263,0.6914788045223985,-0.6913658971222634,-0.16260628240166541
-0.195972,-0.1863292,0.5156198,0.13199609125286457,0.6915108141254172,-0.691332745214126,-0.16263105864584484
-0.1959663,-0.18632722,0.51557948,0.13197151882257427,0.6915428208685652,-0.6912995905690663,-0.16265583667317884
-0.1959606,-0.18632524,0.51553916,0.13194694819810285,0.6915748247516199,-0.6912664331873168,-0.16268061648351975
-0.1959549,-0.18632326,0.51549884,0.13192237937959797,0.6916068257743602,-0.6912332730691105,-0.1627053980767199
-0.1959492,-0.18632128,0.51545852,0.13189781236720716,0.6916388239365635,-0.6912001102146801,-0.16273018145263154
-0.1959435,-0.1863193,0.5154182,0.13187324716107834,0.6916708192380084,-0.6911669446242584,-0.16275496661110736
-0.1959378,-0.18631732,0.51537788,0.13184868376135905,0.6917028116784731,-0.6911337762980784,-0.16277975355199947
-0.19593246,-0.18631432,0.5153369999999999,0.13181481797132813,0.6917329636583615,-0.6911060705576708,-0.16279668298199854
-0.19592784,-0.18630928,0.515295,0.1317623438948187,0.6917594361875554,-0.6910892939510823,-0.1627978960644555
-0.19592322,-0.18630424,0.515253,0.13170986907622964,0.6917859037694174,-0.6910725164492755,-0.16279911161403413
-0.1959186,-0.1862992,0.515211,0.13165739351601308,0.6918123664038491,-0.69105573805257,-0.16280032963078994
-0.19591398,-0.18629416,0.515169,0.13160491721462123,0.6918388240907525,-0.6910389587612865,-0.16280155011477823
-0.19590936,-0.18628912,0.515127,0.13155244017250672,0.6918652768300292,-0.6910221785757449,-0.1628027730660548
-0.19590474,-0.18628408,0.515085,0.13149996239012163,0.6918917246215817,-0.6910053974962657,-0.16280399848467497
-0.19590012,-0.18627904,0.515043,0.1314474838679183,0.6919181674653115,-0.6909886155231687,-0.16280522637069397
-0.1958955,-0.186274,0.5150009999999999,0.1313950046063491,0.6919446053611211,-0.6909718326567746,-0.16280645672416721
-0.19589088,-0.18626896,0.514959,0.1313425246058663,0.6919710383089124,-0.6909550488974033,-0.16280768954515001
-0.19588626,-0.18626392,0.514917,0.1312900438669221,0.6919974663085877,-0.6909382642453754,-0.1628089248336975
-0.19588164,-0.18625888,0.514875,0.1312375623899692,0.692023889360049,-0.6909214787010107,-0.1628101625898651
-0.19587702,-0.18625384,0.514833,0.13118508017545977,0.6920503074631988,-0.6909046922646298,-0.162811402813708
-0.1958724,-0.1862488,0.514791,0.13113259722384613,0.6920767206179391,-0.6908879049365527,-0.1628126455052813
-0.19586778,-0.18624376,0.514749,0.13108011353558077,0.6921031288241726,-0.6908711167170999,-0.16281389066464008
-0.19586316,-0.18623872,0.5147069999999999,0.1310276291111158,0.6921295320818014,-0.6908543276065915,-0.16281513829183933
-0.19585854,-0.18623368,0.5146649999999999,0.13097514395090396,0.6921559303907279,-0.690837537605348,-0.16281638838693438
-0.19585592,-0.18622616,0.5146242,0.13091473646662208,0.6921731391063496,-0.690836245119998,-0.1627972963658766
-0.1958543,-0.1862174,0.5145839999999999,0.13085036709029604,0.6921857496836978,-0.6908427006439124,-0.16276803228575878
-0.19585268,-0.18620864,0.5145438,0.1307859965442961,0.6921983542714941,-0.6908491549132119,-0.16273876799168496
-0.19585106,-0.18619988,0.5145036,0.1307216248291797,0.6922109528696305,-0.6908556079278952,-0.1627095034837108
-0.19584944,-0.18619112,0.5144634,0.13065725194550384,0.6922235454779994,-0.6908620596879607,-0.16268023876189144
-0.19584782,-0.18618236,0.5144232,0.1305928778938261,0.692236132096493,-0.6908685101934064,-0.1626509738262825
-0.1958462,-0.1861736,0.514383,0.13052850267470337,0.692248712725004,-0.6908749594442308,-0.16262170867693898
-0.19584458,-0.18616484,0.5143428,0.13046412628869325,0.6922612873634246,-0.6908814074404322,-0.16259244331391662
-0.19584296,-0.18615608,0.5143025999999999,0.13039974873635268,0.6922738560116477,-0.6908878541820093,-0.1625631777372704
-0.19584134,-0.18614732,0.5142624,0.13033537001823936,0.6922864186695656,-0.6908942996689598,-0.16253391194705602
-0.19583972,-0.18613856,0.5142222,0.13027099013491017,0.6922989753370709,-0.6909007439012824,-0.1625046459433285
-0.1958381,-0.1861298,0.514182,0.13020660908692266,0.6923115260140565,-0.6909071868789753,-0.16247537972614337
-0.19583648,-0.18612104,0.5141418,0.13014222687483426,0.6923240707004149,-0.6909136286020369,-0.16244611329555608
-0.19583486,-0.18611228,0.5141016,0.130077843499202,0.692336609396039,-0.6909200690704658,-0.1624168466516218
-0.19583324,-0.18610352,0.5140614,0.13001345896058353,0.6923491421008217,-0.69092650828426,-0.16238757979439605
-0.19583162,-0.18609476,0.5140212,0.1299490732595359,0.6923616688146559,-0.6909329462434181,-0.16235831272393392
-0.19583,-0.186086,0.513981,0.12988468639661677,0.6923741895374342,-0.690939382947938,-0.16232904544029106
-0.19582916,-0.1860773,0.51394734,0.1298197525777242,0.692388754882886,-0.6909434311932122,-0.16230162920727537
-0.19582832,-0.1860686,0.51391368,0.1297548174191694,0.6924033140799266,-0.6909474782877847,-0.16227421315601498
-0.19582748,-0.1860599,0.51388002,0.12968988092153558,0.6924178671284357,-0.6909515242317065,-0.16224679728656471
-0.19582664,-0.1860512,0.51384636,0.12962494308540592,0.6924324140282925,-0.6909555690250286,-0.16221938159897953
-0.1958258,-0.1860425,0.5138127,0.1295600039113639,0.692446954779377,-0.6909596126678025,-0.16219196609331454
-0.19582496,-0.1860338,0.51377904,0.12949506339999248,0.6924614893815693,-0.6909636551600791,-0.1621645507696243
-0.19582412,-0.1860251,0.51374538,0.12943012155187505,0.6924760178347485,-0.6909676965019096,-0.1621371356279639
-0.19582328,-0.1860164,0.51371172,0.1293651783675948,0.6924905401387949,-0.6909717366933454,-0.16210972066838814
-0.19582244,-0.1860077,0.51367806,0.1293002338477352,0.6925050562935882,-0.6909757757344372,-0.16208230589095188
-0.1958215999999999,-0.185999,0.5136444,0.12923528799287948,0.6925195662990083,-0.6909798136252364,-0.1620548912957101
-0.1958207599999999,-0.1859903,0.51361074,0.12917034080361092,0.6925340701549356,-0.6909838503657942,-0.16202747688271754
-0.1958199199999999,-0.1859816,0.51357708,0.12910539228051304,0.6925485678612499,-0.6909878859561616,-0.1620000626520293
-0.19581908,-0.1859729,0.51354342,0.12904044242416884,0.6925630594178313,-0.6909919203963898,-0.16197264860369984
-0.19581824,-0.1859642,0.51350976,0.12897549123516192,0.6925775448245599,-0.6909959536865301,-0.1619452347377842
-0.1958174,-0.1859555,0.5134761,0.12891053871407548,0.6925920240813164,-0.6909999858266336,-0.16191782105433725
-0.19581656,-0.1859468,0.5134424399999999,0.12884558486149295,0.6926064971879805,-0.6910040168167513,-0.16189040755341372
-0.19581536,-0.18593962,0.5134101,0.12878366620434922,0.6926238590155628,-0.6910065938454063,-0.16185439290772025
-0.19581344,-0.18593548,0.5133804,0.12872781831040733,0.6926470053545176,-0.6910062619622925,-0.16180117643379896
-0.19581152,-0.18593134,0.5133506999999999,0.12867196764784222,0.692670146922056,-0.6910059257212138,-0.16174796110856712
-0.1958096,-0.1859272,0.513321,0.12861611421708333,0.6926932837178857,-0.6910055851223622,-0.16169474693239966
-0.1958076799999999,-0.18592306,0.5132913,0.12856025801856025,0.692716415741715,-0.6910052401659299,-0.1616415339056709
-0.19580576,-0.18591892,0.5132616,0.1285043990527025,0.6927395429932522,-0.6910048908521089,-0.16158832202875553
-0.19580384,-0.18591478,0.5132319,0.12844853731993938,0.6927626654722054,-0.6910045371810917,-0.16153511130202788
-0.19580192,-0.18591064,0.5132021999999999,0.12839267282070044,0.6927857831782831,-0.69100417915307,-0.16148190172586244
-0.1958,-0.1859065,0.5131725,0.12833680555541538,0.6928088961111935,-0.6910038167682366,-0.16142869330063367
-0.19579808,-0.18590236,0.5131428,0.12828093552451383,0.6928320042706447,-0.6910034500267839,-0.16137548602671614
-0.19579616,-0.18589822,0.5131131,0.12822506272842524,0.6928551076563454,-0.6910030789289037,-0.16132227990448392
-0.19579424,-0.18589408,0.5130834,0.12816918716757936,0.692878206268004,-0.6910027034747886,-0.16126907493431153
-0.19579232,-0.18588994,0.5130537,0.12811330884240582,0.6929013001053289,-0.6910023236646312,-0.16121587111657332
-0.1957904,-0.1858858,0.5130239999999999,0.12805742775333456,0.6929243891680287,-0.6910019394986238,-0.16116266845164368
-0.19578848,-0.18588166,0.5129943,0.12800154390079496,0.6929474734558118,-0.6910015509769586,-0.1611094669398967
-0.19578656,-0.18587752,0.5129646,0.12794565728521692,0.6929705529683868,-0.6910011580998285,-0.16105626658170677
-0.19578464,-0.18587338,0.5129349,0.1278897679070303,0.6929936277054626,-0.6910007608674259,-0.16100306737744804
-0.19578092,-0.18587284,0.51290636,0.12782685480389328,0.6930249121767448,-0.6909944284919127,-0.16094553764082595
-0.1957763,-0.1858741,0.5128784,0.12776042653825928,0.6930602970423927,-0.6909851249686946,-0.16088584507740294
-0.19577168,-0.18587536,0.51285044,0.1276939932084715,0.6930956746299,-0.6909758154125912,-0.16082615590351956
-0.19576706,-0.18587662,0.51282248,0.12762755481540955,0.6931310449386321,-0.6909664998242138,-0.1607664701198434
-0.19576244,-0.18587788,0.5127945199999999,0.1275611113599527,0.6931664079679535,-0.6909571782041737,-0.16070678772704144
-0.19575782,-0.18587914,0.51276656,0.12749466284298083,0.6932017637172291,-0.6909478505530822,-0.16064710872578128
-0.1957532,-0.1858804,0.5127385999999999,0.12742820926537327,0.6932371121858243,-0.6909385168715512,-0.16058743311672985
-0.19574858,-0.18588166,0.51271064,0.12736175062801003,0.6932724533731043,-0.6909291771601921,-0.1605277609005543
-0.19574396,-0.18588292,0.51268268,0.12729528693177103,0.693307787278434,-0.6909198314196167,-0.1604680920779218
-0.19573934,-0.18588418,0.51265472,0.12722881817753595,0.6933431139011793,-0.6909104796504364,-0.16040842664949884
-0.19573472,-0.18588544,0.51262676,0.12716234436618504,0.6933784332407056,-0.6909011218532634,-0.16034876461595254
-0.1957301,-0.1858867,0.5125988,0.12709586549859814,0.6934137452963786,-0.6908917580287096,-0.16028910597794938
-0.19572548,-0.18588796,0.51257084,0.12702938157565546,0.6934490500675639,-0.6908823881773869,-0.16022945073615602
-0.19572086,-0.18588922,0.51254288,0.12696289259823743,0.6934843475536275,-0.6908730122999073,-0.1601697988912392
-0.1957162399999999,-0.18589048,0.51251492,0.1268963985672241,0.6935196377539358,-0.690863630396883,-0.1601101504438649
-0.19571162,-0.18589174,0.51248696,0.12682989948349602,0.6935549206678541,-0.6908542424689262,-0.16005050539469987
-0.195707,-0.185893,0.512459,0.12676339534793343,0.6935901962947493,-0.6908448485166495,-0.15999086374440993
-0.1956980599999999,-0.18589528,0.51243194,0.12668205402570099,0.6936353052290339,-0.6908271261499415,-0.15993624449469585
-0.19568912,-0.18589756,0.51240488,0.1266007062973642,0.6936804027239226,-0.690809397689542,-0.15988163154533136
-0.1956801799999999,-0.18589984,0.51237782,0.12651935216469162,0.6937254887785762,-0.6907916631367921,-0.15982702489709635
-0.19567124,-0.18590212,0.51235076,0.12643799162945266,0.6937705633921557,-0.6907739224930322,-0.15977242455077065
-0.1956623,-0.1859044,0.5123237,0.12635662469341669,0.6938156265638226,-0.6907561757596032,-0.15971783050713392
-0.19565336,-0.18590668,0.51229664,0.12627525135835266,0.6938606782927383,-0.6907384229378464,-0.15966324276696522
-0.19564442,-0.18590896,0.51226958,0.12619387162603027,0.693905718578065,-0.6907206640291025,-0.15960866133104368
-0.19563548,-0.18591124,0.51224252,0.12611248549821893,0.6939507474189649,-0.6907028990347132,-0.1595540862001482
-0.19562654,-0.18591352,0.51221546,0.12603109297668863,0.6939957648146007,-0.6906851279560192,-0.15949951737505727
-0.1956176,-0.1859158,0.5121884,0.1259496940632088,0.6940407707641347,-0.6906673507943624,-0.15944495485654894
-0.19560866,-0.18591808,0.51216134,0.12586828875954942,0.6940857652667307,-0.6906495675510841,-0.1593903986454015
-0.19559972,-0.18592036,0.51213428,0.12578687706748068,0.6941307483215515,-0.690631778227526,-0.15933584874239276
-0.19559078,-0.18592264,0.51210722,0.1257054589887725,0.6941757199277612,-0.6906139828250298,-0.15928130514829997
-0.19558184,-0.18592492,0.51208016,0.12562403452519516,0.6942206800845235,-0.6905961813449373,-0.15922676786390055
-0.1955729,-0.1859272,0.5120531,0.12554260367851916,0.6942656287910028,-0.6905783737885908,-0.15917223688997173
-0.19556396,-0.18592948,0.5120260400000001,0.12546116645051458,0.6943105660463634,-0.6905605601573317,-0.15911771222728993
-0.19555524,-0.1859312,0.5119985,0.12537889235484534,0.6943547054239882,-0.6905466703047137,-0.15905022017750078
-0.19554696,-0.1859318,0.51197,0.12529494912750322,0.694397260720984,-0.6905406290498386,-0.15895678550405912
-0.19553868,-0.1859324,0.5119415,0.12521099685750128,0.694439804899283,-0.6905345741720924,-0.15886335483793448
-0.1955304,-0.185933,0.511913,0.1251270355464354,0.6944823379572029,-0.690528505672422,-0.1587699281812218
-0.19552212,-0.1859336,0.5118845,0.1250430651959018,0.6945248598930611,-0.6905224235517744,-0.1586765055360159
-0.19551384,-0.1859342,0.511856,0.12495908580749694,0.6945673707051754,-0.6905163278110967,-0.15858308690441164
-0.19550556,-0.1859348,0.5118275,0.12487509738281741,0.6946098703918637,-0.690510218451337,-0.15848967228850314
-0.19549728,-0.1859354,0.511799,0.12479109992346041,0.6946523589514444,-0.690504095473443,-0.1583962616903848
-0.195489,-0.185936,0.5117705,0.12470709343102325,0.694694836382236,-0.6904979588783632,-0.15830285511215064
-0.19548072,-0.1859366,0.511742,0.12462307790710381,0.6947373026825573,-0.6904918086670462,-0.15820945255589475
-0.19547244,-0.1859372,0.5117135,0.12453905335329964,0.6947797578507273,-0.6904856448404413,-0.15811605402371054
-0.19546416,-0.1859378,0.511685,0.12445501977120924,0.694822201885065,-0.6904794673994974,-0.15802265951769173
-0.19545588,-0.1859384,0.5116565000000001,0.12437097716243103,0.6948646347838903,-0.6904732763451645,-0.15792926903993157
-0.1954476,-0.185939,0.511628,0.12428692552856395,0.6949070565455225,-0.6904670716783924,-0.15783588259252324
-0.19543932,-0.1859396,0.5115995,0.12420286487120726,0.694949467168282,-0.6904608534001316,-0.15774250017755992
-0.19543104,-0.1859402,0.511571,0.12411879519196002,0.6949918666504886,-0.690454621511333,-0.15764912179713403
-0.19542276,-0.1859408,0.5115425,0.1240347164924222,0.6950342549904632,-0.6904483760129472,-0.15755574745333834
-0.19541752,-0.185944,0.51151512,0.12394551919541447,0.6950819984187063,-0.6904383834121337,-0.15745908184946414
-0.1954138,-0.1859485,0.5114883,0.12385375596699767,0.6951324116664402,-0.6904265087933106,-0.15736077446157562
-0.19541008,-0.185953,0.51146148,0.12376198117377343,0.6951828111851305,-0.690414618572188,-0.15726247330657722
-0.19540636,-0.1859575,0.51143466,0.12367019481801513,0.6952331969724648,-0.6904027127503349,-0.15716417838712082
-0.19540264,-0.185962,0.5114078400000001,0.12357839690199615,0.695283569026131,-0.6903907913293206,-0.1570658897058577
-0.19539892,-0.1859664999999999,0.5113810200000001,0.12348658742799064,0.6953339273438174,-0.6903788543107147,-0.1569676072654389
-0.1953952,-0.185971,0.5113542,0.12339476639827272,0.6953842719232127,-0.6903669016960878,-0.15686933106851497
-0.19539148,-0.1859755,0.51132738,0.1233029338151177,0.6954346027620061,-0.6903549334870104,-0.15677106111773662
-0.19538776,-0.1859799999999999,0.51130056,0.12321108968080066,0.695484919857887,-0.6903429496850535,-0.15667279741575366
-0.19538404,-0.1859845,0.51127374,0.12311923399759728,0.6955352232085453,-0.6903309502917893,-0.15657453996521567
-0.19538032,-0.185989,0.51124692,0.12302736676778406,0.6955855128116718,-0.6903189353087895,-0.1564762887687723
-0.1953766,-0.1859934999999999,0.5112201000000001,0.12293548799363747,0.6956357886649563,-0.6903069047376268,-0.15637804382907242
-0.19537288,-0.185998,0.51119328,0.12284359767743447,0.6956860507660908,-0.6902948585798746,-0.15627980514876458
-0.19536916,-0.1860025,0.51116646,0.12275169582145282,0.6957362991127664,-0.6902827968371058,-0.15618157273049743
-0.19536544,-0.1860069999999999,0.51113964,0.1226597824279704,0.6957865337026752,-0.6902707195108947,-0.15608334657691875
-0.19536172,-0.1860115,0.51111282,0.12256785749926542,0.6958367545335095,-0.690258626602816,-0.15598512669067618
-0.195358,-0.186016,0.511086,0.12247592103761704,0.6958869616029619,-0.6902465181144445,-0.1558869130744173
-0.19535914,-0.18601756,0.51105816,0.12236703085402707,0.6959298007121818,-0.6902441206865058,-0.15579177160037905
-0.19536028,-0.1860191199999999,0.51103032,0.12225813123874496,0.6959726217349679,-0.6902417091590964,-0.15569663476933063
-0.19536142,-0.18602068,0.51100248,0.12214922219493143,0.6960154246695018,-0.6902392835336653,-0.15560150258348676
-0.19536256,-0.18602224,0.51097464,0.12204030372574622,0.6960582095139651,-0.6902368438116627,-0.15550637504506074
-0.1953637,-0.1860238,0.5109468,0.12193137583435087,0.69610097626654,-0.6902343899945391,-0.15541125215626678
-0.19536484,-0.18602536,0.51091896,0.12182243852390587,0.6961437249254094,-0.6902319220837454,-0.15531613391931762
-0.19536598,-0.18602692,0.51089112,0.1217134917975732,0.696186455488757,-0.6902294400807326,-0.1552210203364265
-0.19536712,-0.18602848,0.51086328,0.12160453565851456,0.6962291679547666,-0.6902269439869524,-0.15512591140980586
-0.19536826,-0.18603004,0.51083544,0.12149557010989204,0.6962718623216229,-0.6902244338038566,-0.1550308071416678
-0.1953694,-0.1860316,0.5108076,0.1213865951548682,0.6963145385875109,-0.6902219095328973,-0.15493570753422423
-0.19537054,-0.18603316,0.51077976,0.12127761079660587,0.6963571967506168,-0.6902193711755272,-0.1548406125896865
-0.19537168,-0.18603472,0.51075192,0.12116861703826816,0.6963998368091264,-0.6902168187331996,-0.1547455223102658
-0.19537282,-0.18603628,0.51072408,0.12105961388301854,0.6964424587612269,-0.6902142522073674,-0.15465043669817286
-0.1953739599999999,-0.18603784,0.51069624,0.12095060133402086,0.696485062605106,-0.6902116715994846,-0.15455535575561807
-0.1953751,-0.1860394,0.5106684,0.1208415793944391,0.6965276483389513,-0.690209076911005,-0.15446027948481134
-0.19537624,-0.18604096,0.51064056,0.12073254806743822,0.6965702159609516,-0.690206468143383,-0.15436520788796276
-0.19537736,-0.18604262,0.5106119,0.12061632772960831,0.696616374496075,-0.6902021581435038,-0.1542670060739424
-0.19537844,-0.18604448,0.5105816,0.12048573606503372,0.6966697274457219,-0.6901944574135448,-0.15416254156309453
-0.19537952,-0.18604634,0.5105513,0.12035513098571246,0.6967230539918589,-0.6901867390929118,-0.1540580853508245
-0.1953806,-0.1860482,0.510521,0.12022451249730207,0.696776354131542,-0.6901790031845566,-0.1539536374403462
-0.19538168,-0.18605006,0.5104907000000001,0.12009388060546071,0.6968296278618288,-0.6901712496914318,-0.1538491978348726
-0.19538276,-0.18605192,0.5104604,0.11996323531584709,0.6968828751797781,-0.6901634786164902,-0.15374476653761593
-0.19538384,-0.18605378,0.5104301,0.11983257663412078,0.6969360960824497,-0.6901556899626857,-0.15364034355178752
-0.19538492,-0.18605564,0.5103998000000001,0.11970190456594151,0.6969892905669048,-0.6901478837329728,-0.15353592888059756
-0.195386,-0.1860575,0.5103695,0.11957121911697006,0.6970424586302063,-0.6901400599303065,-0.15343152252725575
-0.19538708,-0.18605936,0.5103392,0.11944052029286745,0.6970956002694175,-0.6901322185576423,-0.1533271244949707
-0.19538816,-0.18606122,0.5103089000000001,0.11930980809929599,0.6971487154816038,-0.6901243596179362,-0.1532227347869507
-0.19538924,-0.18606308,0.5102786,0.11917908254191772,0.6972018042638316,-0.6901164831141455,-0.15311835340640234
-0.19539032,-0.1860649399999999,0.5102483,0.1190483436263959,0.6972548666131682,-0.6901085890492273,-0.15301398035653188
-0.1953914,-0.1860668,0.5102180000000001,0.11891759135839414,0.6973079025266824,-0.6901006774261401,-0.1529096156405447
-0.19539248,-0.18606866,0.5101877,0.11878682574357681,0.6973609120014447,-0.6900927482478422,-0.15280525926164515
-0.19539356,-0.18607052,0.5101574,0.11865604678760883,0.6974138950345262,-0.6900848015172931,-0.15270091122303686
-0.19539464,-0.1860723799999999,0.5101271,0.11852525449615568,0.6974668516229995,-0.6900768372374527,-0.15259657152792258
-0.1953936,-0.1860784399999999,0.51009728,0.11839111009487453,0.6975398216102081,-0.6900479983541737,-0.15249754845865754
-0.1953915,-0.1860866,0.5100677,0.11825527685546111,0.6976227793264288,-0.6900087114494111,-0.1524011987637584
-0.1953894,-0.18609476,0.51003812,0.11811942295191183,0.6977057036952056,-0.689969404668942,-0.152304870485062
-0.1953873,-0.18610292,0.5100085400000001,0.11798354839340475,0.6977885947117443,-0.6899300780204239,-0.15220856362715543
-0.1953852,-0.18611108,0.50997896,0.11784765318911913,0.6978714523712544,-0.6898907315115163,-0.15211227819462328
-0.1953831,-0.18611924,0.50994938,0.11771173734823522,0.6979542766689465,-0.6898513651498785,-0.15201601419204763
-0.195381,-0.1861274,0.5099198,0.11757580087993447,0.698037067600035,-0.6898119789431723,-0.15191977162400822
-0.1953789,-0.18613556,0.50989022,0.11743984379339958,0.6981198251597367,-0.6897725728990592,-0.1518235504950822
-0.1953768,-0.18614372,0.50986064,0.11730386609781396,0.6982025493432706,-0.6897331470252029,-0.1517273508098442
-0.1953747,-0.18615188,0.50983106,0.11716786780236282,0.6982852401458588,-0.6896937013292682,-0.15163117257286685
-0.1953726,-0.18616004,0.50980148,0.117031848916232,0.6983678975627262,-0.6896542358189197,-0.15153501578871978
-0.1953705,-0.1861682,0.5097719,0.11689580944860851,0.6984505215890998,-0.6896147505018246,-0.15143888046197032
-0.1953684,-0.18617636,0.50974232,0.11675974940868064,0.69853311222021,-0.6895752453856503,-0.15134276659718343
-0.1953663,-0.18618452,0.50971274,0.1166236688056377,0.6986156694512892,-0.689535720478066,-0.15124667419892154
-0.1953642,-0.18619268,0.50968316,0.11648756764867006,0.6986981932775723,-0.6894961757867409,-0.15115060327174457
-0.1953621,-0.18620084,0.5096535799999999,0.11635144594696943,0.698780683694298,-0.6894566113193463,-0.15105455382021
-0.19536,-0.186209,0.509624,0.11621530370972841,0.6988631406967062,-0.6894170270835545,-0.15095852584887298
-0.19535442,-0.1862192,0.50959592,0.11607244076671175,0.6989526741817839,-0.6893650050025294,-0.1508914763214082
-0.19534884,-0.1862294,0.50956784,0.11592956061953558,0.6990421688218691,-0.6893129677035476,-0.150824453385739
-0.19534326,-0.1862396,0.50953976,0.11578666327969556,0.699131624613187,-0.6892609151964837,-0.1507574570453673
-0.19533768,-0.1862498,0.50951168,0.1156437487586881,0.6992210415519663,-0.6892088474912134,-0.1506904873037919
-0.1953321,-0.18626,0.5094835999999999,0.11550081706801074,0.6993104196344391,-0.6891567645976125,-0.150623544164508
-0.19532652,-0.1862702,0.5094555199999999,0.11535786821916177,0.6993997588568406,-0.6891046665255589,-0.15055662763100763
-0.19532094,-0.1862804,0.50942744,0.11521490222364049,0.6994890592154108,-0.6890525532849301,-0.15048973770677943
-0.19531536,-0.1862906,0.50939936,0.1150719190929471,0.6995783207063917,-0.6890004248856052,-0.15042287439530888
-0.19530978,-0.1863008,0.50937128,0.11492891883858224,0.6996675433260299,-0.6889482813374641,-0.15035603770007755
-0.1953041999999999,-0.186311,0.5093432,0.11478590147204837,0.6997567270705753,-0.6888961226503871,-0.15028922762456445
-0.19529862,-0.1863212,0.50931512,0.11464286700484831,0.6998458719362814,-0.6888439488342561,-0.1502224441722449
-0.19529304,-0.1863314,0.50928704,0.11449981544848552,0.6999349779194051,-0.6887917598989537,-0.15015568734659068
-0.19528746,-0.1863416,0.50925896,0.11435674681446466,0.7000240450162067,-0.6887395558543623,-0.15008895715107035
-0.19528188,-0.1863517999999999,0.50923088,0.11421366111429174,0.7001130732229504,-0.688687336710367,-0.15002225358914967
-0.1952762999999999,-0.186362,0.5092028000000001,0.1140705583594728,0.7002020625359038,-0.6886351024768521,-0.14995557666429019
-0.19527072,-0.1863722,0.5091747200000001,0.11392743856151526,0.7002910129513379,-0.6885828531637038,-0.1498889263799507
-0.1952652799999999,-0.18638398,0.50914618,0.11378541976407142,0.7003843054084464,-0.6885263216873879,-0.1498205838003493
-0.1952601199999999,-0.18639892,0.5091167200000001,0.11364561786031456,0.7004863195764539,-0.6884612381975342,-0.1497488334742524
-0.19525496,-0.18641386,0.50908726,0.11350579572344469,0.7005882929299455,-0.6883961355091593,-0.14967711502680553
-0.1952498,-0.1864288,0.5090578,0.11336595336653782,0.7006902254640848,-0.6883310136343467,-0.1496054284626694
-0.19524464,-0.18644374,0.50902834,0.11322609080267124,0.7007921171740392,-0.6882658725851808,-0.14953377378650062
-0.19523948,-0.18645868,0.50899888,0.11308620804492367,0.7008939680549815,-0.6882007123737476,-0.14946215100295146
-0.19523432,-0.18647362,0.50896942,0.11294630510637475,0.700995778102088,-0.6881355330121339,-0.14939056011666996
-0.1952291599999999,-0.18648856,0.5089399600000001,0.11280638200010602,0.7010975473105395,-0.6880703345124276,-0.1493190011323004
-0.1952239999999999,-0.1865035,0.5089105,0.11266643873919922,0.7011992756755216,-0.6880051168867183,-0.14924747405448183
-0.1952188399999999,-0.18651844,0.50888104,0.11252647533673824,0.7013009631922238,-0.6879398801470964,-0.1491759788878501
-0.19521368,-0.18653338,0.5088515800000001,0.11238649180580781,0.7014026098558399,-0.6878746243056539,-0.14910451563703617
-0.19520852,-0.18654832,0.50882212,0.11224648815949388,0.7015042156615686,-0.6878093493744835,-0.14903308430666695
-0.19520336,-0.18656326,0.50879266,0.11210646441088334,0.7016057806046122,-0.6877440553656793,-0.148961684901365
-0.1951982,-0.1865782,0.5087632000000001,0.11196642057306516,0.701707304680178,-0.6876787422913371,-0.148890317425749
-0.1951930399999999,-0.18659314,0.50873374,0.11182635665912864,0.7018087878834773,-0.6876134101635528,-0.14881898188443307
-0.1951878799999999,-0.1866080799999999,0.50870428,0.11168627268216476,0.701910230209726,-0.687548058994425,-0.14874767828202703
-0.19518272,-0.18662302,0.50867482,0.11154616865526548,0.702011631654144,-0.687482688796052,-0.14867640662313666
-0.19517736,-0.18663788,0.50864256,0.11138389631056055,0.7021223204012129,-0.6874054228588816,-0.1486326325585907
-0.1951718999999999,-0.1866527,0.5086089,0.11121053478439796,0.7022376144041427,-0.6873222002643031,-0.14860263420540157
-0.19516644,-0.18666752,0.50857524,0.11103715923563913,0.7023528459738313,-0.6872389595345534,-0.14857268093160106
-0.1951609799999999,-0.18668234,0.50854158,0.11086376968720306,0.7024680151052631,-0.6871557006903056,-0.14854277274115227
-0.19515552,-0.18669716,0.50850792,0.11069036616200947,0.7025831217934313,-0.6870724237522341,-0.14851290963800917
-0.19515006,-0.18671198,0.50847426,0.11051694868297973,0.7026981660333377,-0.686989128741014,-0.14848309162611734
-0.1951446,-0.1867268,0.5084406,0.11034351727303733,0.7028131478199933,-0.6869058156773228,-0.1484533187094141
-0.19513914,-0.18674162,0.50840694,0.11017007195510603,0.7029280671484184,-0.6868224845818391,-0.14842359089182772
-0.19513368,-0.18675644,0.50837328,0.1099966127521122,0.7030429240136418,-0.6867391354752429,-0.1483939081772782
-0.19512822,-0.18677126,0.50833962,0.10982313968698354,0.703157718410701,-0.6866557683782161,-0.14836427056967746
-0.19512276,-0.18678608,0.5083059600000001,0.10964965278264835,0.7032724503346428,-0.6865723833114414,-0.14833467807292774
-0.1951173,-0.1868009,0.5082723,0.10947615206203737,0.703387119780523,-0.6864889802956037,-0.14830513069092371
-0.19511184,-0.18681572,0.50823864,0.10930263754808255,0.7035017267434059,-0.6864055593513892,-0.1482756284275512
-0.19510638,-0.18683054,0.50820498,0.10912910926371712,0.7036162712183655,-0.686322120499485,-0.1482461712866875
-0.19510092,-0.18684536,0.50817132,0.10895556723187591,0.7037307532004834,-0.6862386637605804,-0.14821675927220102
-0.19509546,-0.18686018,0.50813766,0.1087820114754949,0.7038451726848517,-0.6861551891553658,-0.14818739238795203
-0.19509,-0.186875,0.508104,0.10860844201751217,0.7039595296665703,-0.686071696704533,-0.1481580706377923
-0.1950861,-0.18688334,0.50806554,0.10842507973374188,0.7040744843582394,-0.6859932607270341,-0.14810931367575114
-0.1950822,-0.18689168,0.50802708,0.10824169824569947,0.7041893724443936,-0.6859148053508576,-0.14806060346274807
-0.1950783,-0.18690002,0.50798862,0.10805829757872006,0.7043041939192602,-0.6858363305982235,-0.148011940003819
-0.1950744,-0.18690836,0.50795016,0.10787487775814106,0.7044189487770773,-0.6857578364913536,-0.14796332330399098
-0.1950705,-0.1869167,0.5079117,0.10769143880930099,0.7045336370120928,-0.6856793230524718,-0.14791475336828103
-0.1950666,-0.18692504,0.50787324,0.10750798075754055,0.7046482586185648,-0.6856007903038033,-0.14786623020169662
-0.1950627,-0.18693338,0.50783478,0.10732450362820203,0.7047628135907613,-0.685522238267575,-0.1478177538092358
-0.1950588,-0.18694172,0.50779632,0.10714100744662972,0.7048773019229612,-0.685443666966016,-0.147769324195887
-0.1950549,-0.18695006,0.50775786,0.10695749223816967,0.7049917236094524,-0.6853650764213569,-0.14772094136662878
-0.195051,-0.1869584,0.5077194,0.10677395802816947,0.7051060786445335,-0.6852864666558296,-0.14767260532643056
-0.1950471,-0.18696674,0.50768094,0.10659040484197863,0.7052203670225138,-0.6852078376916687,-0.14762431608025176
-0.1950432,-0.18697508,0.50764248,0.10640683270494879,0.705334588737711,-0.6851291895511092,-0.14757607363304254
-0.1950393,-0.18698342,0.50760402,0.10622324164243285,0.7054487437844549,-0.6850505222563888,-0.14752787798974332
-0.1950354,-0.18699176,0.50756556,0.10603963167978568,0.705562832157084,-0.6849718358297465,-0.1474797291552849
-0.1950315,-0.1870001,0.5075271,0.10585600284236386,0.705676853849948,-0.6848931302934234,-0.14743162713458857
-0.1950276,-0.18700844,0.50748864,0.10567235515552581,0.7057908088574057,-0.6848144056696612,-0.14738357193256593
-0.19502444,-0.18701474,0.50744998,0.10549321048535673,0.7059028296117329,-0.6847392079276475,-0.14732479361688916
-0.19502276,-0.18701696,0.50741092,0.10532308668238341,0.7060110555480205,-0.6846710807126123,-0.14724451803543862
-0.19502108,-0.18701918,0.50737186,0.10515293807880999,0.7061192252855228,-0.6846029309876118,-0.14716428295866585
-0.1950194,-0.1870214,0.5073328,0.10498276469495048,0.7062273388177039,-0.6845347587706174,-0.14708408839273268
-0.19501772,-0.18702362,0.50729374,0.10481256655112019,0.7063353961380366,-0.6844665640796019,-0.14700393434379325
-0.19501604,-0.18702584,0.5072546800000001,0.10464234366763683,0.7064433972399998,-0.6843983469325401,-0.14692382081799457
-0.19501436,-0.18702806,0.50721562,0.10447209606481951,0.7065513421170817,-0.684330107347409,-0.1468437478214764
-0.19501268,-0.18703028,0.50717656,0.10430182376298924,0.7066592307627768,-0.6842618453421868,-0.14676371536037092
-0.195011,-0.1870325,0.5071375,0.10413152678246951,0.7067670631705881,-0.6841935609348541,-0.14668372344080338
-0.19500932,-0.18703472,0.50709844,0.10396120514358466,0.7068748393340257,-0.6841252541433923,-0.1466037720688913
-0.19500764,-0.18703694,0.5070593800000001,0.10379085886666167,0.7069825592466081,-0.684056924985786,-0.14652386125074532
-0.19500596,-0.18703916,0.5070203200000001,0.10362048797202932,0.7070902229018606,-0.6839885734800205,-0.14644399099246866
-0.19500428,-0.18704138,0.50698126,0.10345009248001776,0.7071978302933168,-0.6839201996440832,-0.14636416130015706
-0.1950026,-0.1870436,0.5069422,0.10327967241095941,0.7073053814145174,-0.6838518034959632,-0.14628437217989898
-0.19500092,-0.18704582,0.50690314,0.10310922778518808,0.7074128762590115,-0.683783385053652,-0.14620462363777556
-0.19499924,-0.18704804,0.50686408,0.10293875862303986,0.707520314820355,-0.6837149443351422,-0.14612491567986086
-0.19499756,-0.18705026,0.5068250200000001,0.10276826494485279,0.707627697092112,-0.6836464813584284,-0.14604524831222154
-0.19499516,-0.18705136,0.50679132,0.10260234451728267,0.7077406721809284,-0.683563638324147,-0.14600223354969327
-0.1949924,-0.1870519,0.5067603,0.10243870924049107,0.7078564132113101,-0.6834735974249336,-0.1459775693309789
-0.19498964,-0.18705244,0.5067292800000001,0.10227506241327672,0.7079720951594495,-0.6833835382425841,-0.1459529504427582
-0.19498688,-0.18705298,0.5066982600000001,0.1021114040571286,0.7080877180207974,-0.6832934607972646,-0.1459283768883847
-0.19498412,-0.18705352,0.5066672400000001,0.10194773419353759,0.7082032817908125,-0.6832033651091429,-0.14590384867120448
-0.19498136,-0.18705406,0.5066362200000001,0.10178405284399518,0.7083187864649628,-0.6831132511983878,-0.14587936579455507
-0.1949786,-0.1870546,0.5066052000000001,0.10162036002999443,0.7084342320387234,-0.6830231190851697,-0.14585492826176605
-0.19497584,-0.18705514,0.5065741800000001,0.10145665577302994,0.7085496185075782,-0.6829329687896598,-0.14583053607615903
-0.19497308,-0.18705568,0.50654316,0.10129294009459662,0.7086649458670199,-0.6828428003320312,-0.14580618924104716
-0.19497032,-0.18705622,0.50651214,0.10112921301619152,0.708780214112549,-0.6827526137324579,-0.145781887759736
-0.19496756,-0.18705676,0.50648112,0.10096547455931223,0.7088954232396745,-0.6826624090111152,-0.14575763163552224
-0.1949648,-0.1870573,0.5064501,0.10080172474545784,0.7090105732439137,-0.6825721861881796,-0.14573342087169533
-0.19496204,-0.18705784,0.50641908,0.10063796359612895,0.7091256641207924,-0.6824819452838294,-0.14570925547153613
-0.19495928,-0.18705838,0.50638806,0.10047419113282642,0.7092406958658444,-0.6823916863182438,-0.14568513543831735
-0.19495652,-0.18705892,0.50635704,0.10031040737705328,0.7093556684746121,-0.6823014093116025,-0.1456610607753038
-0.19495376,-0.18705946,0.50632602,0.10014661235031347,0.7094705819426461,-0.6822111142840881,-0.14563703148575216
-0.194951,-0.18706,0.506295,0.09998280607411161,0.7095854362655056,-0.6821208012558831,-0.14561304757291077
-0.1949462,-0.1870528,0.50626914,0.09982743459345922,0.709681948162646,-0.6820400984642526,-0.1456273320549159
-0.1949414,-0.1870456,0.5062432800000001,0.09967206144272861,0.7097784090566672,-0.6819593826898827,-0.14564165120588743
-0.1949366,-0.1870384,0.50621742,0.09951668663776492,0.7098748189444546,-0.6818786539472046,-0.14565600502679965
-0.1949318,-0.1870312,0.5061915600000001,0.09936131019441459,0.709971177822898,-0.6817979122506508,-0.14567039351862193
-0.194927,-0.187024,0.5061657,0.09920593212852381,0.7100674856888932,-0.6817171576146546,-0.14568481668231834
-0.1949222,-0.1870168,0.50613984,0.09905055245594016,0.7101637425393413,-0.6816363900536492,-0.14569927451884795
-0.1949174,-0.1870096,0.5061139800000001,0.09889517119251123,0.7102599483711491,-0.68155560958207,-0.1457137670291644
-0.1949126,-0.1870024,0.50608812,0.09873978835408519,0.7103561031812287,-0.681474816214352,-0.14572829421421632
-0.1949078,-0.1869952,0.50606226,0.09858440395651098,0.7104522069664977,-0.6813940099649315,-0.14574285607494716
-0.194903,-0.186988,0.5060364,0.0984290180156384,0.7105482597238794,-0.6813131908482457,-0.14575745261229536
-0.1948982,-0.1869808,0.50601054,0.09827363054731687,0.7106442614503022,-0.6812323588787321,-0.1457720838271939
-0.1948934,-0.1869736,0.50598468,0.09811824156739743,0.7107402121427,-0.6811515140708295,-0.14578674972057082
-0.1948886,-0.1869664,0.50595882,0.09796285109173068,0.7108361117980126,-0.6810706564389768,-0.1458014502933488
-0.1948838,-0.1869592,0.50593296,0.0978074591361685,0.7109319604131851,-0.6809897859976145,-0.14581618554644557
-0.194879,-0.186952,0.5059070999999999,0.09765206571656329,0.7110277579851676,-0.6809089027611832,-0.14583095548077366
-0.1948742,-0.1869448,0.50588124,0.09749667084876737,0.7111235045109167,-0.6808280067441246,-0.14584576009724015
-0.19486942,-0.18693626,0.5058577599999999,0.0973505871795054,0.7112148482053324,-0.6807492618773033,-0.14586550422076572
-0.1948646799999999,-0.18692504,0.50583904,0.09722312994747107,0.7112974470808642,-0.6806748332750469,-0.14589508602228388
-0.1948599399999999,-0.1869138199999999,0.50582032,0.0970956751976262,0.7113800095979811,-0.68060039370633,-0.14592469252694001
-0.1948551999999999,-0.1869026,0.5058016,0.09696822293922512,0.7114625357544346,-0.6805259431799975,-0.14595432373469913
-0.19485046,-0.18689138,0.5057828799999999,0.09684077318152153,0.7115450255479793,-0.6804514817048942,-0.14598397964552343
-0.19484572,-0.18688016,0.50576416,0.09671332593376938,0.711627478976372,-0.6803770092898659,-0.14601366025937243
-0.19484098,-0.18686894,0.50574544,0.09658588120522323,0.711709896037373,-0.6803025259437582,-0.14604336557620326
-0.19483624,-0.18685772,0.50572672,0.09645843900513762,0.7117922767287443,-0.6802280316754176,-0.1460730955959707
-0.1948315,-0.1868465,0.505708,0.09633099934276698,0.7118746210482519,-0.6801535264936914,-0.1461028503186262
-0.19482676,-0.18683528,0.50568928,0.09620356222736609,0.7119569289936637,-0.6800790104074266,-0.14613262974411934
-0.1948220199999999,-0.18682406,0.50567056,0.09607612766819021,0.7120392005627506,-0.6800044834254712,-0.14616243387239697
-0.1948172799999999,-0.18681284,0.50565184,0.09594869567449422,0.7121214357532861,-0.6799299455566735,-0.14619226270340283
-0.1948125399999999,-0.18680162,0.50563312,0.09582126625553358,0.7122036345630469,-0.6798553968098822,-0.14622211623707887
-0.1948078,-0.1867904,0.5056144,0.09569383942056359,0.7122857969898121,-0.6797808371939466,-0.14625199447336368
-0.19480306,-0.18677918,0.50559568,0.09556641517884017,0.7123679230313636,-0.6797062667177162,-0.14628189741219386
-0.19479832,-0.18676796,0.50557696,0.09543899353961863,0.7124500126854861,-0.6796316853900416,-0.146311825053503
-0.19479358,-0.18675674,0.50555824,0.09531157451215555,0.7125320659499672,-0.6795570932197731,-0.1463417773972224
-0.1947892799999999,-0.18674256,0.50554452,0.09518474983605157,0.7126114299407647,-0.6794759671684216,-0.1464145599213578
-0.1947852,-0.1867269,0.5055333,0.09505823270264714,0.7126894297764944,-0.6793915590394718,-0.1465087662435952
-0.19478112,-0.18671124,0.50552208,0.09493172906436977,0.7127673916290682,-0.6793071284197755,-0.14660299289312767
-0.1947770399999999,-0.18669558,0.50551086,0.09480523892922857,0.7128453154931554,-0.6792226753183396,-0.14669723986644367
-0.19477296,-0.18667992,0.50549964,0.09467876230523242,0.7129232013634288,-0.6791381997441729,-0.14679150716002912
-0.19476888,-0.18666426,0.5054884199999999,0.09455229920038942,0.7130010492345632,-0.6790537017062859,-0.14688579477036792
-0.1947648,-0.1866486,0.5054772,0.09442584962270656,0.7130788591012364,-0.6789691812136892,-0.14698010269394207
-0.19476072,-0.18663294,0.50546598,0.09429941358019076,0.7131566309581286,-0.6788846382753955,-0.14707443092723105
-0.19475664,-0.18661728,0.50545476,0.09417299108084735,0.713234364799924,-0.6788000729004188,-0.14716877946671236
-0.19475256,-0.18660162,0.50544354,0.09404658213268167,0.7133120606213079,-0.678715485097774,-0.14726314830886128
-0.19474848,-0.18658596,0.5054323199999999,0.09392018674369819,0.7133897184169693,-0.6786308748764777,-0.1473575374501508
-0.1947444,-0.1865703,0.5054211,0.09379380492190031,0.7134673381815999,-0.6785462422455472,-0.14745194688705204
-0.19474032,-0.18655464,0.50540988,0.0936674366752912,0.7135449199098941,-0.678461587214002,-0.14754637661603384
-0.19473624,-0.18653898,0.50539866,0.09354108201187321,0.7136224635965484,-0.678376909790862,-0.14764082663356282
-0.19473216,-0.18652332,0.5053874399999999,0.09341474093964734,0.7136999692362633,-0.6782922099851483,-0.1477352969361033
-0.19472808,-0.18650766,0.5053762199999999,0.09328841346661468,0.7137774368237411,-0.6782074878058846,-0.14782978752011766
-0.194724,-0.186492,0.505365,0.09316209960077501,0.713854866353687,-0.6781227432620944,-0.14792429838206622
-0.19472226,-0.1864642199999999,0.50535654,0.09303885068242379,0.7139058760638111,-0.6780569914193129,-0.14805704567039674
-0.19472052,-0.18643644,0.50534808,0.09291561209945323,0.7139568551396787,-0.6779912102306773,-0.14818980017931424
-0.19471878,-0.1864086599999999,0.50533962,0.09279238385670664,0.7140078035765339,-0.6779253997015622,-0.14832256190303836
-0.19471704,-0.1863808799999999,0.50533116,0.0926691659590265,0.7140587213696211,-0.6778595598373435,-0.1484553308357877
-0.1947153,-0.1863531,0.5053227,0.09254595841125426,0.7141096085141871,-0.677793690643399,-0.14858810697178007
-0.19471356,-0.18632532,0.50531424,0.09242276121823045,0.7141604650054798,-0.6777277921251081,-0.14872089030523328
-0.19471182,-0.18629754,0.5053057799999999,0.09229957438479483,0.7142112908387488,-0.6776618642878512,-0.14885368083036332
-0.19471008,-0.18626976,0.5052973199999999,0.09217639791578565,0.7142620860092458,-0.6775959071370108,-0.14898647854138652
-0.19470834,-0.1862419799999999,0.50528886,0.09205323181604066,0.7143128505122233,-0.6775299206779706,-0.14911928343251776
-0.1947066,-0.1862142,0.5052804,0.09193007609039672,0.7143635843429356,-0.6774639049161156,-0.14925209549797136
-0.19470486,-0.18618642,0.50527194,0.09180693074368924,0.7144142874966389,-0.6773978598568331,-0.14938491473196122
-0.19470312,-0.18615864,0.50526348,0.09168379578075311,0.7144649599685912,-0.677331785505511,-0.14951774112870025
-0.19470138,-0.18613086,0.50525502,0.09156067120642215,0.7145156017540508,-0.6772656818675397,-0.14965057468240062
-0.19469964,-0.18610308,0.50524656,0.09143755702552896,0.714566212848279,-0.6771995489483098,-0.14978341538727397
-0.1946979,-0.1860753,0.5052381,0.09131445324290552,0.714616793246538,-0.6771333867532149,-0.14991626323753082
-0.19469616,-0.18604752,0.50522964,0.09119135986338278,0.7146673429440922,-0.6770671952876492,-0.15004911822738182
-0.19469448,-0.1860173199999999,0.50522132,0.09107317326445925,0.7147124496955349,-0.6770064867092451,-0.15017991981404788
-0.19469292,-0.18598228,0.50521328,0.09096478634859922,0.7147467072275263,-0.6769567763374891,-0.1503066037229142
-0.19469136,-0.1859472399999999,0.50520524,0.09085640463625876,0.7147809430044407,-0.6769070414522109,-0.15043328915725257
-0.1946898,-0.1859121999999999,0.5051972,0.09074802813031346,0.7148151570237731,-0.6768572820562127,-0.15055997611256225
-0.19468824,-0.18587716,0.50518916,0.09063965683363864,0.7148493492830194,-0.676807498152296,-0.15068666458434218
-0.19468668,-0.18584212,0.50518112,0.09053129074910875,0.7148835197796762,-0.6767576897432643,-0.15081335456809156
-0.19468512,-0.18580708,0.50517308,0.09042292987959823,0.7149176685112417,-0.676707856831922,-0.15094004605930897
-0.19468356,-0.18577204,0.5051650400000001,0.09031457422798059,0.7149517954752137,-0.6766579994210743,-0.15106673905349324
-0.194682,-0.1857369999999999,0.505157,0.09020622379712923,0.714985900669091,-0.6766081175135272,-0.1511934335461427
-0.19468044,-0.18570196,0.50514896,0.09009787858991714,0.7150199840903738,-0.6765582111120878,-0.1513201295327555
-0.19467888,-0.1856669199999999,0.50514092,0.08998953860921646,0.7150540457365624,-0.6765082802195638,-0.15144682700882994
-0.19467732,-0.1856318799999999,0.50513288,0.08988120385789922,0.715088085605158,-0.676458324838765,-0.15157352596986384
-0.19467576,-0.1855968399999999,0.50512484,0.08977287433883699,0.7151221036936627,-0.6764083449725008,-0.1517002264113548
-0.1946742,-0.1855618,0.5051168,0.0896645500549006,0.7151560999995792,-0.676358340623582,-0.15182692832880063
-0.19467264,-0.18552676,0.50510876,0.08955623100896073,0.715190074520411,-0.6763083117948209,-0.1519536317176985
-0.19467108,-0.18549172,0.5051007200000001,0.08944791720388723,0.7152240272536626,-0.67625825848903,-0.1520803365735457
-0.19466952,-0.1854566799999999,0.5050926800000001,0.08933960864255003,0.7152579581968388,-0.676208180709023,-0.15220704289183945
-0.1946666,-0.18542472,0.5050859600000001,0.08924134627865482,0.7153041138184445,-0.6761441713855679,-0.15233209238406364
-0.194663,-0.1853942999999999,0.5050799,0.08914811607341461,0.7153563707150628,-0.676073181912623,-0.1524563182569894
-0.1946594,-0.1853638799999999,0.50507384,0.08905489884058362,0.7154086056136958,-0.6760021654013527,-0.15258055046120128
-0.1946558,-0.18533346,0.5050677800000001,0.08896169458252405,0.7154608185096909,-0.6759311218560389,-0.1527047889913262
-0.1946522,-0.1853030399999999,0.50506172,0.08886850330159718,0.7155130093983967,-0.6758600512809642,-0.15282903384199187
-0.1946486,-0.18527262,0.50505566,0.08877532500016319,0.7155651782751618,-0.6757889536804126,-0.1529532850078245
-0.194645,-0.1852422,0.5050496,0.08868215968058107,0.7156173251353365,-0.6757178290586696,-0.15307754248345098
-0.1946414,-0.18521178,0.5050435400000001,0.08858900734520919,0.7156694499742718,-0.6756466774200222,-0.15320180626349744
-0.1946378,-0.18518136,0.50503748,0.08849586799640444,0.7157215527873203,-0.6755754987687582,-0.15332607634258924
-0.1946342,-0.1851509399999999,0.50503142,0.08840274163652284,0.7157736335698346,-0.6755042931091677,-0.1534503527153525
-0.1946306,-0.1851205199999999,0.50502536,0.08830962826791912,0.7158256923171689,-0.6754330604455414,-0.15357463537641186
-0.194627,-0.1850900999999999,0.5050193000000001,0.08821652789294757,0.7158777290246777,-0.6753618007821712,-0.15369892432039237
-0.1946234,-0.1850596799999999,0.50501324,0.08812344051396048,0.7159297436877177,-0.6752905141233513,-0.15382321954191847
-0.1946198,-0.18502926,0.50500718,0.08803036613331011,0.7159817363016453,-0.6752192004733765,-0.15394752103561438
-0.1946162,-0.18499884,0.50500112,0.08793730475334666,0.7160337068618184,-0.675147859836543,-0.15407182879610395
-0.1946126,-0.1849684199999999,0.50499506,0.08784425637642014,0.7160856553635963,-0.675076492217149,-0.15419614281801092
-0.194609,-0.184938,0.504989,0.0877512210048789,0.7161375818023381,-0.6750050976194931,-0.15432046309595804
-0.19460642,-0.1849056599999999,0.5049815,0.08767062977605383,0.7161888827178854,-0.6749389780472945,-0.1544173593170501
-0.19460384,-0.1848733199999999,0.504974,0.08759004903378945,0.7162401659075163,-0.6748728404086349,-0.15451426254495995
-0.19460126,-0.18484098,0.5049665,0.0875094787799755,0.7162914313681948,-0.6748066847066418,-0.15461117277671263
-0.19459868,-0.1848086399999999,0.504959,0.0874289190165011,0.716342679096885,-0.6747405109444427,-0.1547080900093332
-0.1945961,-0.1847763,0.5049515,0.08734836974525503,0.7163939090905515,-0.6746743191251656,-0.15480501423984586
-0.19459352,-0.1847439599999999,0.5049440000000001,0.08726783096812518,0.7164451213461599,-0.6746081092519403,-0.15490194546527508
-0.19459094,-0.1847116199999999,0.5049365,0.0871873026869994,0.7164963158606766,-0.6745418813278957,-0.1549988836826448
-0.19458836,-0.18467928,0.504929,0.08710678490376439,0.7165474926310681,-0.674475635356163,-0.1550958288889783
-0.1945857799999999,-0.1846469399999999,0.5049215,0.08702627762030667,0.7165986516543016,-0.6744093713398724,-0.1551927810812991
-0.1945831999999999,-0.1846146,0.504914,0.08694578083851218,0.7166497929273454,-0.6743430892821566,-0.15528974025663014
-0.1945806199999999,-0.18458226,0.5049065,0.08686529456026636,0.716700916447168,-0.6742767891861475,-0.15538670641199392
-0.1945780399999999,-0.1845499199999999,0.504899,0.08678481878745384,0.7167520222107387,-0.6742104710549784,-0.15548367954441317
-0.19457546,-0.18451758,0.5048914999999999,0.08670435352195907,0.7168031102150272,-0.674144134891783,-0.15558065965090964
-0.19457288,-0.18448524,0.504884,0.08662389876566551,0.7168541804570041,-0.6740777806996958,-0.1556776467285053
-0.1945703,-0.1844528999999999,0.5048765,0.08654345452045648,0.7169052329336407,-0.6740114084818523,-0.15577464077422154
-0.19456772,-0.18442056,0.504869,0.0864630207882146,0.7169562676419087,-0.6739450182413876,-0.15587164178507945
-0.1945671199999999,-0.1843848599999999,0.5048604,0.0863833458258332,0.716996836461035,-0.6738917588881027,-0.15595945425494945
-0.19457048,-0.1843424399999999,0.5048496,0.08630517153025641,0.7170164961883851,-0.6738647865835125,-0.15602887862066364
-0.19457384,-0.18430002,0.5048388,0.08622699821275413,0.7170361455175011,-0.6738378071413268,-0.1560983038587894
-0.1945771999999999,-0.1842576,0.5048279999999999,0.08614882587441675,0.7170557844479378,-0.6738108205621673,-0.15616772996861578
-0.1945805599999999,-0.18421518,0.5048172,0.08607065451633494,0.7170754129792505,-0.6737838268466568,-0.1562371569494318
-0.19458392,-0.18417276,0.5048064,0.08599248413959917,0.7170950311109945,-0.6737568259954169,-0.1563065848005265
-0.19458728,-0.1841303399999999,0.5047956,0.08591431474529986,0.7171146388427251,-0.67372981800907,-0.15637601352118874
-0.1945906399999999,-0.18408792,0.5047848,0.08583614633452755,0.7171342361739977,-0.6737028028882388,-0.15644544311070738
-0.194594,-0.1840454999999999,0.504774,0.0857579789083728,0.7171538231043681,-0.6736757806335452,-0.1565148735683714
-0.19459736,-0.1840030799999999,0.5047632,0.08567981246792564,0.7171733996333928,-0.673648751245612,-0.15658430489346928
-0.1946007199999999,-0.18396066,0.5047524,0.08560164701427672,0.7171929657606269,-0.6736217147250618,-0.15665373708528982
-0.1946040799999999,-0.1839182399999999,0.5047416,0.08552348254851622,0.7172125214856271,-0.6735946710725172,-0.15672317014312173
-0.19460744,-0.18387582,0.5047308,0.0854453190717347,0.7172320668079497,-0.6735676202886013,-0.15679260406625362
-0.1946108,-0.1838333999999999,0.5047200000000001,0.0853671565850222,0.7172516017271513,-0.6735405623739366,-0.15686203885397404
-0.1946141599999999,-0.1837909799999999,0.5047092,0.08528899508946905,0.7172711262427883,-0.6735134973291461,-0.15693147450557152
-0.19461752,-0.1837485599999999,0.5046984,0.08521083458616562,0.7172906403544178,-0.673486425154853,-0.15700091102033445
-0.19462088,-0.1837061399999999,0.5046876,0.08513267507620198,0.7173101440615968,-0.6734593458516802,-0.15707034839755135
-0.19462932,-0.1836565199999999,0.50467708,0.0850561956341668,0.7173064698539716,-0.6734553479654742,-0.15714568459419276
-0.1946403,-0.1836032999999999,0.5046667,0.08498055073320133,0.7172912041667343,-0.6734628865040189,-0.1572239642159963
-0.19465128,-0.1835500799999999,0.50465632,0.0849048996394839,0.7172759312915646,-0.6734704170502375,-0.15730223700000864
-0.19466226,-0.1834968599999999,0.5046459400000001,0.08482924235419191,0.7172606512291795,-0.6734779396035813,-0.15738050294500214
-0.19467324,-0.1834436399999999,0.50463556,0.08475357887850282,0.7172453639802968,-0.6734854541635009,-0.15745876204974943
-0.19468422,-0.1833904199999999,0.50462518,0.08467790921359451,0.7172300695456342,-0.6734929607294476,-0.15753701431302353
-0.1946951999999999,-0.1833371999999999,0.5046148,0.08460223336064486,0.7172147679259089,-0.6735004593008725,-0.1576152597335972
-0.19470618,-0.1832839799999999,0.50460442,0.08452655132083159,0.7171994591218394,-0.6735079498772268,-0.15769349831024337
-0.19471716,-0.1832307599999999,0.5045940400000001,0.08445086309533317,0.7171841431341429,-0.6735154324579624,-0.15777173004173556
-0.19472814,-0.1831775399999999,0.50458366,0.08437516868532788,0.7171688199635381,-0.6735229070425305,-0.15784995492684695
-0.19473912,-0.1831243199999999,0.50457328,0.08429946809199376,0.7171534896107429,-0.673530373630383,-0.157928172964351
-0.1947501,-0.1830711,0.5045629,0.08422376131650994,0.7171381520764754,-0.6735378322209716,-0.15800638415302157
-0.19476108,-0.1830178799999999,0.5045525200000001,0.08414804836005468,0.7171228073614537,-0.6735452828137485,-0.15808458849163226
-0.19477206,-0.1829646599999999,0.5045421400000001,0.08407232922380725,0.7171074554663969,-0.673552725408166,-0.15816278597895728
-0.19478304,-0.1829114399999999,0.50453176,0.08399660390894657,0.717092096392023,-0.6735601600036758,-0.15824097661377048
-0.19479402,-0.1828582199999999,0.50452138,0.08392087241665155,0.717076730139051,-0.6735675865997307,-0.15831916039484617
-0.194805,-0.1828049999999999,0.504511,0.08384513474810185,0.7170613567081993,-0.6735750051957833,-0.1583973373209589
-0.19482456,-0.1827422999999999,0.5045024800000001,0.08376490987348327,0.7170134680692127,-0.6736142990763914,-0.1584894399039548
-0.19484412,-0.1826795999999999,0.50449396,0.08368466959874946,0.7169655708236505,-0.6736535795943221,-0.1585815280145247
-0.19486368,-0.1826169,0.5044854400000001,0.08360441392657035,0.7169176649741418,-0.6736928467481411,-0.15867360164943806
-0.19488324,-0.1825541999999999,0.50447692,0.08352414285961665,0.7168697505233149,-0.6737321005364154,-0.1587656608054658
-0.1949028,-0.1824914999999999,0.5044684,0.08344385640055982,0.7168218274737994,-0.6737713409577111,-0.15885770547937877
-0.19492236,-0.1824287999999999,0.50445988,0.08336355455207209,0.7167738958282247,-0.6738105680105962,-0.15894973566794882
-0.19494192,-0.1823660999999999,0.50445136,0.08328323731682563,0.7167259555892203,-0.6738497816936385,-0.15904175136794763
-0.19496148,-0.1823034,0.50444284,0.083202904697494,0.7166780067594161,-0.6738889820054069,-0.15913375257614784
-0.19498104,-0.1822406999999999,0.50443432,0.08312255669675125,0.7166300493414421,-0.6739281689444699,-0.15922573928932265
-0.1950006,-0.1821779999999999,0.5044258,0.0830421933172717,0.7165820833379292,-0.6739673425093978,-0.15931771150424542
-0.19502016,-0.1821152999999999,0.50441728,0.08296181456173074,0.7165341087515075,-0.6740065026987606,-0.15940966921769015
-0.19503972,-0.1820525999999999,0.50440876,0.08288142043280416,0.7164861255848081,-0.6740456495111291,-0.15950161242643152
-0.19505928,-0.1819898999999999,0.5044002399999999,0.08280101093316883,0.7164381338404621,-0.6740847829450742,-0.15959354112724464
-0.19507884,-0.1819271999999999,0.50439172,0.08272058606550148,0.7163901335211008,-0.6741239029991684,-0.15968545531690465
-0.1950984,-0.1818644999999999,0.5043831999999999,0.08264014583248008,0.716342124629356,-0.6741630096719836,-0.15977735499218793
-0.19511796,-0.1818018,0.50437468,0.08255969023678317,0.7162941071678591,-0.674202102962093,-0.1598692401498708
-0.19513952,-0.1817388199999999,0.50436598,0.08247748473692097,0.7162444259938018,-0.6742448846053615,-0.15995381310798176
-0.19516508,-0.1816752799999999,0.50435692,0.08239179647461431,0.716191424471633,-0.6742950590318945,-0.16002377558398284
-0.19519064,-0.18161174,0.50434786,0.08230609538270534,0.7161384121477299,-0.6743452241122704,-0.16009372263256644
-0.1952162,-0.1815481999999999,0.5043388,0.08222038146415622,0.7160853890237399,-0.6743953798443776,-0.16016365425141166
-0.19524176,-0.1814846599999999,0.50432974,0.08213465472192966,0.7160323551013104,-0.6744455262261049,-0.16023357043819803
-0.19526732,-0.18142112,0.50432068,0.08204891515898888,0.7159793103820897,-0.6744956632553414,-0.16030347119060584
-0.19529288,-0.1813575799999999,0.50431162,0.08196316277829735,0.7159262548677263,-0.6745457909299767,-0.1603733565063159
-0.19531844,-0.18129404,0.50430256,0.08187739758281906,0.7158731885598693,-0.6745959092479002,-0.1604432263830094
-0.195344,-0.1812304999999999,0.5042935,0.0817916195755182,0.7158201114601679,-0.6746460182070022,-0.16051308081836818
-0.19536956,-0.1811669599999999,0.5042844400000001,0.0817058287593598,0.7157670235702716,-0.6746961178051727,-0.16058291981007503
-0.19539512,-0.18110342,0.50427538,0.08162002513730918,0.7157139248918309,-0.6747462080403023,-0.1606527433558127
-0.19542068,-0.1810398799999999,0.50426632,0.08153420871233172,0.7156608154264963,-0.6747962889102821,-0.16072255145326497
-0.19544624,-0.1809763399999999,0.50425726,0.08144837948739364,0.7156076951759188,-0.6748463604130029,-0.16079234410011584
-0.1954718,-0.1809127999999999,0.5042482,0.08136253746546135,0.7155545641417499,-0.6748964225463564,-0.1608621212940501
-0.19549736,-0.1808492599999999,0.50423914,0.08127668264950172,0.7155014223256412,-0.6749464753082344,-0.16093188303275316
-0.19552292,-0.1807857199999999,0.50423008,0.08119081504248224,0.7154482697292452,-0.6749965186965283,-0.1610016293139107
-0.19554848,-0.1807221799999999,0.50422102,0.08110493464737037,0.7153951063542144,-0.6750465527091312,-0.1610713601352093
-0.19557544,-0.1806613599999999,0.5042127200000001,0.08101805074637303,0.71534733291978,-0.6750935946896437,-0.16113009385844254
-0.1956031,-0.1806018999999999,0.5042048,0.08093066201266941,0.7153022489617847,-0.6751391389765105,-0.1611833229538966
-0.19563076,-0.1805424399999999,0.5041968800000001,0.08084326447116374,0.7152571541008924,-0.6751846774975171,-0.16123653856899622
-0.19565842,-0.1804829799999999,0.50418896,0.0807558581243624,0.7152120483378618,-0.6752302102506311,-0.16128974070239668
-0.19568608,-0.18042352,0.5041810400000001,0.0806684429747721,0.715166931673452,-0.6752757372338193,-0.1613429293527538
-0.19571374,-0.1803640599999999,0.50417312,0.08058101902489909,0.7151218041084224,-0.6753212584450495,-0.1613961045187236
-0.1957414,-0.1803046,0.5041652000000001,0.08049358627725067,0.7150766656435329,-0.6753667738822886,-0.16144926619896288
-0.19576906,-0.18024514,0.50415728,0.08040614473433362,0.7150315162795432,-0.6754122835435048,-0.1615024143921288
-0.19579672,-0.18018568,0.50414936,0.08031869439865524,0.7149863560172146,-0.6754577874266654,-0.1615555490968786
-0.19582438,-0.18012622,0.50414144,0.08023123527272318,0.7149411848573077,-0.6755032855297384,-0.1616086703118705
-0.19585204,-0.18006676,0.50413352,0.08014376735904509,0.714896002800584,-0.6755487778506912,-0.1616617780357631
-0.1958797,-0.1800072999999999,0.5041256000000001,0.08005629066012912,0.7148508098478049,-0.675594264387492,-0.16171487226721526
-0.19590736,-0.17994784,0.50411768,0.07996880517848313,0.7148056059997331,-0.6756397451381091,-0.16176795300488622
-0.19593502,-0.17988838,0.5041097600000001,0.07988131091661564,0.7147603912571309,-0.6756852201005101,-0.16182102024743614
-0.1959626799999999,-0.17982892,0.50410184,0.07979380787703497,0.7147151656207612,-0.675730689272664,-0.16187407399352488
-0.1959903399999999,-0.17976946,0.5040939200000001,0.07970629606225021,0.7146699290913874,-0.6757761526525384,-0.16192711424181366
-0.196018,-0.17971,0.504086,0.07961877547476992,0.7146246816697732,-0.6758216102381022,-0.1619801409909633
-0.1960470399999999,-0.17965456,0.50408138,0.07953571779259191,0.7145766830023818,-0.6758734039716429,-0.1620165902255543
-0.1960760799999999,-0.17959912,0.50407676,0.07945265388538339,0.7145286736098573,-0.6759251933021143,-0.16205302662834503
-0.19610512,-0.17954368,0.50407214,0.07936958375541582,0.7144806534926116,-0.6759769782275373,-0.16208945019843343
-0.19613416,-0.17948824,0.50406752,0.07928650740496047,0.7144326226510569,-0.6760287587459334,-0.16212586093491724
-0.1961632,-0.1794328,0.5040629000000001,0.07920342483628845,0.7143845810856058,-0.6760805348553245,-0.16216225883689503
-0.19619224,-0.17937736,0.5040582800000001,0.07912033605167182,0.7143365287966718,-0.6761323065537314,-0.1621986439034659
-0.19622128,-0.17932192,0.5040536600000001,0.07903724105338183,0.7142884657846679,-0.6761840738391758,-0.16223501613372887
-0.19625032,-0.17926648,0.5040490400000001,0.07895413984369049,0.7142403920500074,-0.6762358367096792,-0.16227137552678378
-0.1962793599999999,-0.17921104,0.50404442,0.07887103242487006,0.7141923075931055,-0.6762875951632631,-0.16230772208173083
-0.1963084,-0.1791556,0.5040398,0.07878791879919231,0.7141442124143759,-0.6763393491979492,-0.1623440557976705
-0.19633744,-0.17910016,0.50403518,0.07870479896892932,0.7140961065142337,-0.676391098811759,-0.16238037667370347
-0.1963664799999999,-0.17904472,0.50403056,0.07862167293635383,0.7140479898930941,-0.6764428440027141,-0.16241668470893136
-0.19639552,-0.17898928,0.50402594,0.07853854070373792,0.713999862551373,-0.6764945847688362,-0.16245297990245566
-0.19642456,-0.17893384,0.50402132,0.07845540227335457,0.7139517244894861,-0.676546321108147,-0.16248926225337862
-0.1964536,-0.1788784,0.5040167000000001,0.07837225764747613,0.7139035757078495,-0.6765980530186685,-0.16252553176080273
-0.19648264,-0.17882296,0.5040120800000001,0.07828910682837581,0.7138554162068803,-0.6766497804984218,-0.16256178842383107
-0.19651152,-0.17876996,0.5040102000000001,0.07821139675762823,0.7138063060865736,-0.6767010818977458,-0.16260129325033745
-0.19654008,-0.17872184,0.5040138000000001,0.07814457343090303,0.713755307525885,-0.6767515345902134,-0.1626473087749158
-0.19656864,-0.1786737199999999,0.5040174000000001,0.07807774249843641,0.7137043013658324,-0.6768019813814086,-0.16269331374231735
-0.1965972,-0.1786256,0.504021,0.07801090396188416,0.7136532876071894,-0.6768524222700949,-0.16273930815142712
-0.19662576,-0.17857748,0.5040246,0.07794405782290154,0.7136022662507292,-0.6769028572550353,-0.16278529200113004
-0.19665432,-0.17852936,0.5040282,0.07787720408314441,0.7135512372972256,-0.676953286334993,-0.16283126529031122
-0.19668288,-0.17848124,0.5040318,0.07781034274426855,0.7135002007474529,-0.6770037095087316,-0.16287722801785626
-0.19671144,-0.17843312,0.5040354,0.07774347380792981,0.7134491566021851,-0.6770541267750151,-0.1629231801826509
-0.19674,-0.178385,0.504039,0.07767659727578487,0.7133981048621963,-0.6771045381326066,-0.16296912178358125
-0.1967685599999999,-0.17833688,0.5040426,0.07760971314948972,0.7133470455282613,-0.6771549435802703,-0.16301505281953368
-0.19679712,-0.17828876,0.5040462,0.07754282143070101,0.7132959786011551,-0.67720534311677,-0.16306097328939462
-0.1968256799999999,-0.17824064,0.5040498,0.07747592212107544,0.7132449040816524,-0.6772557367408697,-0.1631068831920509
-0.1968542399999999,-0.17819252,0.5040534,0.07740901522226973,0.7131938219705284,-0.6773061244513335,-0.16315278252638973
-0.1968827999999999,-0.1781444,0.504057,0.07734210073594085,0.7131427322685586,-0.6773565062469257,-0.16319867129129814
-0.1969113599999999,-0.17809628,0.5040606,0.0772751786637462,0.7130916349765185,-0.6774068821264104,-0.16324454948566414
-0.19693992,-0.1780481599999999,0.5040642,0.07720824900734291,0.7130405300951839,-0.6774572520885523,-0.1632904171083755
-0.1969684799999999,-0.17800004,0.5040678,0.07714131176838859,0.7129894176253305,-0.6775076161321157,-0.16333627415832014
-0.19699708,-0.17795468,0.50407252,0.0770842404757413,0.7129378305729865,-0.6775607310201581,-0.16336806722120134
-0.1970257,-0.1779106999999999,0.5040778,0.07703210152375933,0.712886003509447,-0.6776152196606547,-0.16339282548326495
-0.1970543199999999,-0.17786672,0.50408308,0.07697995878119977,0.71283417014715,-0.677669703928844,-0.16341757614669808
-0.1970829399999999,-0.17782274,0.50408836,0.0769278122490891,0.7127823304864871,-0.6777241838238821,-0.1634423192110109
-0.1971115599999999,-0.17777876,0.50409364,0.07687566192845458,0.7127304845278504,-0.6777786593449255,-0.1634670546757142
-0.1971401799999999,-0.17773478,0.50409892,0.07682350782032288,0.7126786322716318,-0.6778331304911308,-0.16349178254031851
-0.1971688,-0.1776907999999999,0.5041042,0.07677134992572097,0.7126267737182231,-0.6778875972616543,-0.1635165028043344
-0.1971974199999999,-0.17764682,0.50410948,0.07671918824567625,0.7125749088680171,-0.6779420596556527,-0.16354121546727318
-0.19722604,-0.17760284,0.50411476,0.07666702278121562,0.7125230377214057,-0.6779965176722823,-0.1635659205286458
-0.19725466,-0.1775588599999999,0.50412004,0.0766148535333662,0.7124711602787817,-0.6780509713106999,-0.1635906179879632
-0.1972832799999999,-0.17751488,0.50412532,0.07656268050315551,0.7124192765405376,-0.6781054205700621,-0.16361530784473716
-0.1973118999999999,-0.1774709,0.5041306,0.07651050369161075,0.7123673865070659,-0.6781598654495254,-0.163639990098479
-0.1973405199999999,-0.17742692,0.50413588,0.07645832309975911,0.7123154901787595,-0.6782143059482467,-0.1636646647487001
-0.19736914,-0.17738294,0.50414116,0.07640613872862825,0.7122635875560113,-0.6782687420653826,-0.16368933179491266
-0.19739776,-0.17733896,0.50414644,0.07635395057924568,0.7122116786392146,-0.6783231738000902,-0.16371399123662836
-0.1974263799999999,-0.17729498,0.50415172,0.07630175865263865,0.7121597634287624,-0.678377601151526,-0.16373864307335906
-0.197455,-0.177251,0.504157,0.07624956294983515,0.712107841925048,-0.6784320241188468,-0.16376328730461737
-0.19747984,-0.17721008,0.5041585599999999,0.07618501107867903,0.7120597410684667,-0.6784867975386114,-0.1637755622864691
-0.19750468,-0.17716916,0.50416012,0.07612045734500436,0.7120116321992966,-0.6785415675949171,-0.16378782809572032
-0.19752952,-0.17712824,0.50416168,0.07605590175013667,0.7119635153177393,-0.6785963342865416,-0.16380008473211802
-0.1975543599999999,-0.17708732,0.50416324,0.07599134429540164,0.7119153904239964,-0.6786510976122616,-0.16381233219540933
-0.1975791999999999,-0.1770464,0.5041648,0.0759267849821248,0.7118672575182702,-0.678705857570854,-0.16382457048534174
-0.19760404,-0.17700548,0.50416636,0.07586222381163191,0.7118191166007627,-0.6787606141610961,-0.16383679960166275
-0.1976288799999999,-0.17696456,0.50416792,0.07579766078524876,0.7117709676716762,-0.6788153673817648,-0.1638490195441201
-0.19765372,-0.17692364,0.5041694800000001,0.07573309590430094,0.7117228107312137,-0.6788701172316374,-0.1638612303124619
-0.19767856,-0.17688272,0.50417104,0.07566852917011439,0.7116746457795776,-0.678924863709491,-0.16387343190643622
-0.1977033999999999,-0.1768418,0.5041726,0.07560396058401492,0.711626472816971,-0.6789796068141023,-0.16388562432579135
-0.19772824,-0.17680088,0.50417416,0.07553939014732824,0.7115782918435971,-0.6790343465442489,-0.16389780757027603
-0.1977530799999999,-0.17675996,0.50417572,0.0754748178613804,0.711530102859659,-0.6790890828987075,-0.16390998163963882
-0.19777792,-0.17671904,0.5041772800000001,0.07541024372749715,0.7114819058653604,-0.6791438158762556,-0.16392214653362888
-0.19780276,-0.17667812,0.50417884,0.07534566774700462,0.7114337008609052,-0.6791985454756699,-0.1639343022519952
-0.1978276,-0.1766372,0.5041804000000001,0.07528108992122876,0.7113854878464969,-0.6792532716957278,-0.1639464487944871
-0.19785244,-0.17659628,0.50418196,0.07521651025149548,0.7113372668223398,-0.6793079945352063,-0.16395858616085432
-0.19787612,-0.176557,0.5041831400000001,0.07515047678552181,0.7112903825406347,-0.6793629598178621,-0.16396452778457893
-0.19789748,-0.176521,0.5041835600000001,0.07508153938710971,0.7112461791706979,-0.6794184136209221,-0.16395808699535086
-0.1979188399999999,-0.176485,0.5041839800000001,0.07501260287288256,0.7112019669172769,-0.6794738644198419,-0.1639516368737991
-0.1979401999999999,-0.176449,0.5041844000000001,0.0749436672442146,0.7111577457805496,-0.6795293122132743,-0.1639451774199842
-0.19796156,-0.176413,0.5041848200000001,0.07487473250247989,0.7111135157606937,-0.6795847569998721,-0.16393870863396695
-0.19798292,-0.1763769999999999,0.5041852400000001,0.07480579864905265,0.711069276857887,-0.6796401987782879,-0.16393223051580783
-0.19800428,-0.176341,0.5041856600000001,0.07473686568530702,0.7110250290723085,-0.6796956375471749,-0.16392574306556795
-0.19802564,-0.176305,0.5041860800000001,0.07466793361261696,0.710980772404136,-0.6797510733051858,-0.16391924628330862
-0.198047,-0.1762689999999999,0.5041865000000001,0.07459900243235681,0.7109365068535486,-0.679806506050973,-0.16391274016909102
-0.19806836,-0.176233,0.50418692,0.0745300721459007,0.7108922324207245,-0.6798619357831898,-0.16390622472297706
-0.19808972,-0.176197,0.50418734,0.07446114275462246,0.7108479491058437,-0.679917362500489,-0.16389969994502818
-0.19811108,-0.176161,0.50418776,0.0743922142598965,0.7108036569090851,-0.679972786201523,-0.16389316583530655
-0.19813244,-0.176125,0.50418818,0.07432328666309676,0.7107593558306279,-0.6800282068849451,-0.16388662239387455
-0.1981538,-0.1760889999999999,0.5041886,0.07425435996559762,0.710715045870652,-0.6800836245494079,-0.16388006962079454
-0.19817516,-0.176053,0.50418902,0.0741854341687728,0.7106707270293374,-0.6801390391935642,-0.16387350751612884
-0.19819652,-0.1760169999999999,0.50418944,0.0741165092739968,0.7106263993068642,-0.6801944508160671,-0.16386693607994077
-0.19821788,-0.175981,0.50418986,0.07404758528264388,0.7105820627034127,-0.6802498594155693,-0.1638603553122933
-0.19823572,-0.17594684,0.5041943600000001,0.0739832352500383,0.7105345956566727,-0.6803075360081617,-0.1638558077318284
-0.1982518,-0.1759135999999999,0.5042009000000001,0.07392117246114693,0.710485559460367,-0.6803663446018058,-0.1638522724695494
-0.19826788,-0.1758803599999999,0.5042074400000001,0.07385911035237766,0.7104365149984406,-0.6804251495901594,-0.16384872834427103
-0.19828396,-0.17584712,0.5042139800000001,0.07379704892498636,0.7103874622711414,-0.6804839509720093,-0.16384517535605084
-0.19830004,-0.1758138799999999,0.5042205200000001,0.0737349881802295,0.7103384012787167,-0.6805427487461415,-0.16384161350494658
-0.19831612,-0.17578064,0.5042270600000001,0.07367292811936355,0.710289332021415,-0.6806015429113428,-0.16383804279101655
-0.1983322,-0.1757473999999999,0.5042336000000001,0.07361086874364425,0.7102402544994839,-0.6806603334663996,-0.16383446321431872
-0.19834828,-0.17571416,0.5042401400000001,0.07354881005432849,0.7101911687131724,-0.6807191204100983,-0.16383087477491157
-0.19836436,-0.17568092,0.5042466800000001,0.07348675205267208,0.7101420746627285,-0.6807779037412254,-0.16382727747285364
-0.19838044,-0.1756476799999999,0.5042532200000001,0.07342469473993124,0.7100929723484015,-0.6808366834585677,-0.16382367130820363
-0.19839652,-0.1756144399999999,0.5042597600000001,0.07336263811736246,0.7100438617704398,-0.6808954595609115,-0.16382005628102042
-0.1984126,-0.1755812,0.5042663000000001,0.07330058218622199,0.7099947429290926,-0.6809542320470433,-0.1638164323913634
-0.19842868,-0.1755479599999999,0.50427284,0.07323852694776584,0.7099456158246091,-0.68101300091575,-0.1638127996392915
-0.19844476,-0.1755147199999999,0.50427938,0.07317647240325063,0.709896480457239,-0.6810717661658178,-0.16380915802486454
-0.19846084,-0.1754814799999999,0.50428592,0.07311441855393223,0.7098473368272316,-0.6811305277960332,-0.16380550754814183
-0.19847692,-0.17544824,0.50429246,0.07305236540106727,0.7097981849348369,-0.6811892858051833,-0.1638018482091835
-0.198493,-0.175415,0.504299,0.07299031294591157,0.7097490247803048,-0.6812480401920545,-0.16379818000804935
-0.19850644,-0.1753881799999999,0.50431508,0.0729577502896938,0.7097144585787085,-0.6812907304106135,-0.16378490349714772
-0.19851988,-0.17536136,0.50433116,0.07292518920981315,0.7096798890439395,-0.6813334184480575,-0.16377162382775182
-0.19853332,-0.1753345399999999,0.5043472400000001,0.07289262970654826,0.709645316176154,-0.6813761043041048,-0.16375834099999995
-0.19854676,-0.1753077199999999,0.5043633200000001,0.07286007178017836,0.7096107399755077,-0.6814187879784733,-0.16374505501403103
-0.1985602,-0.1752809,0.5043794,0.0728275154309827,0.7095761604421564,-0.6814614694708819,-0.16373176586998384
-0.19857364,-0.1752540799999999,0.50439548,0.07279496065923993,0.7095415775762566,-0.6815041487810488,-0.16371847356799696
-0.19858708,-0.17522726,0.50441156,0.07276240746522936,0.7095069913779639,-0.6815468259086923,-0.16370517810820912
-0.19860052,-0.1752004399999999,0.5044276400000001,0.07272985584922997,0.7094724018474345,-0.6815895008535308,-0.16369187949075942
-0.19861396,-0.17517362,0.50444372,0.07269730581152063,0.7094378089848244,-0.6816321736152829,-0.1636785777157863
-0.1986274,-0.1751468,0.5044598,0.0726647573523804,0.70940321279029,-0.6816748441936669,-0.1636652727834288
-0.19864084,-0.17511998,0.50447588,0.07263221047208829,0.7093686132639871,-0.6817175125884012,-0.1636519646938257
-0.19865428,-0.17509316,0.50449196,0.07259966517092337,0.7093340104060719,-0.6817601787992044,-0.16363865344711606
-0.19866772,-0.17506634,0.50450804,0.07256712144916438,0.7092994042167008,-0.6818028428257947,-0.16362533904343857
-0.19868116,-0.17503952,0.50452412,0.07253457930709034,0.7092647946960297,-0.681845504667891,-0.16361202148293225
-0.1986946,-0.1750127,0.5045402,0.0725020387449804,0.7092301818442147,-0.6818881643252114,-0.16359870076573618
-0.19870804,-0.17498588,0.50455628,0.07246949976311318,0.7091955656614127,-0.6819308217974744,-0.1635853768919891
-0.19872034,-0.1749612,0.50457506,0.0724431092932773,0.709162062891541,-0.6819699474576286,-0.16357920172190454
-0.19873036,-0.1749408,0.50459924,0.07242901280793262,0.7091307914936043,-0.6820020121592939,-0.1635873285740586
-0.19874038,-0.1749204,0.50462342,0.07241491571450481,0.7090995185877119,-0.6820340753962265,-0.16359545445748458
-0.1987504,-0.1749,0.5046476,0.07240081801305451,0.7090682441739335,-0.682066137168353,-0.16360357937214273
-0.19876042,-0.1748796,0.50467178,0.07238671970364247,0.7090369682523395,-0.6820981974755996,-0.16361170331799346
-0.19877044,-0.1748592,0.50469596,0.07237262078632933,0.7090056908229998,-0.6821302563178927,-0.16361982629499722
-0.19878046,-0.1748388,0.50472014,0.07235852126117605,0.7089744118859842,-0.6821623136951586,-0.1636279483031145
-0.19879048,-0.1748184,0.50474432,0.07234442112824295,0.708943131441363,-0.6821943696073236,-0.16363606934230543
-0.1988005,-0.174798,0.5047685000000001,0.07233032038759096,0.708911849489206,-0.6822264240543146,-0.16364418941253053
-0.19881052,-0.1747776,0.50479268,0.07231621903928076,0.7088805660295838,-0.6822584770360571,-0.1636523085137502
-0.19882054,-0.1747572,0.50481686,0.07230211708337303,0.7088492810625658,-0.6822905285524778,-0.16366042664592484
-0.19883056,-0.1747368,0.5048410400000001,0.07228801451992858,0.7088179945882224,-0.6823225786035033,-0.16366854380901485
-0.19884058,-0.1747164,0.50486522,0.0722739113490081,0.7087867066066236,-0.6823546271890596,-0.16367666000298065
-0.1988506,-0.174696,0.5048894,0.0722598075706724,0.7087554171178393,-0.6823866743090733,-0.1636847752277828
-0.19886062,-0.1746756,0.50491358,0.07224570318498195,0.7087241261219396,-0.6824187199634706,-0.16369288948338143
-0.19887064,-0.1746552,0.50493776,0.07223159819199769,0.7086928336189948,-0.6824507641521782,-0.1637010027697371
-0.19888066,-0.1746348,0.50496194,0.07221749259178026,0.7086615396090749,-0.6824828068751221,-0.16370911508681021
-0.19888808,-0.1746204,0.504989,0.07221412820708238,0.7086393494342675,-0.6825006482968891,-0.16373227291830764
-0.1988942,-0.174609,0.5050175,0.07221613339067613,0.7086217115513973,-0.6825113881637684,-0.16376295375583044
-0.19890032,-0.1745976,0.505046,0.07221813708404427,0.7086040735151067,-0.6825221263591691,-0.1637936345041088
-0.19890644,-0.1745862,0.5050745,0.07222013928719931,0.7085864353254987,-0.6825328628831013,-0.1638243151630367
-0.19891256,-0.1745748,0.5051030000000001,0.07222214000015317,0.7085687969826758,-0.6825435977355746,-0.16385499573250725
-0.19891868,-0.1745634,0.5051315000000001,0.07222413922291807,0.7085511584867408,-0.6825543309165988,-0.16388567621241404
-0.1989248,-0.174552,0.50516,0.07222613695550595,0.7085335198377966,-0.6825650624261836,-0.16391635660265033
-0.19893092,-0.1745406,0.5051885,0.0722281331979293,0.7085158810359454,-0.6825757922643393,-0.16394703690310994
-0.19893704,-0.1745292,0.505217,0.0722301279502002,0.7084982420812905,-0.6825865204310751,-0.16397771711368614
-0.19894316,-0.1745178,0.5052455,0.07223212121233075,0.7084806029739343,-0.6825972469264014,-0.1640083972342724
-0.19894928,-0.1745064,0.505274,0.07223411298433303,0.7084629637139795,-0.682607971750328,-0.16403907726476213
-0.1989554,-0.174495,0.5053025,0.07223610326621954,0.7084453243015291,-0.6826186949028643,-0.164069757205049
-0.19896152,-0.1744836,0.5053310000000001,0.0722380920580023,0.7084276847366855,-0.6826294163840204,-0.16410043705502636
-0.19896764,-0.1744722,0.5053595000000001,0.07224007935969352,0.7084100450195514,-0.6826401361938063,-0.1641311168145877
-0.19897376,-0.1744608,0.5053880000000001,0.07224206517130531,0.7083924051502297,-0.6826508543322319,-0.1641617964836264
-0.19897988,-0.1744494,0.5054165,0.07224404949285017,0.7083747651288231,-0.6826615707993069,-0.16419247606203616
-0.198986,-0.174438,0.505445,0.07224603232434013,0.708357124955434,-0.6826722855950411,-0.1642231555497103
-0.19899134,-0.17442954,0.50546972,0.0722446449077668,0.7083452891141977,-0.6826798576001332,-0.1642433398921746
-0.19899668,-0.17442108,0.5054944400000001,0.07224325682089702,0.7083334532151044,-0.6826874288774067,-0.16426352410998357
-0.19900202,-0.17441262,0.5055191600000001,0.07224186806373684,0.7083216172581852,-0.6826949994268651,-0.16428370820310578
-0.19900736,-0.17440416,0.5055438800000001,0.07224047863629175,0.7083097812434704,-0.6827025692485122,-0.16430389217150956
-0.1990127,-0.1743957,0.5055686,0.07223908853856793,0.7082979451709903,-0.6827101383423513,-0.1643240760151636
-0.19901804,-0.17438724,0.50559332,0.07223769777057137,0.7082861090407753,-0.6827177067083863,-0.1643442597340366
-0.19902338,-0.17437878,0.50561804,0.07223630633230768,0.7082742728528557,-0.6827252743466206,-0.16436444332809683
-0.19902872,-0.17437032,0.50564276,0.0722349142237829,0.7082624366072622,-0.6827328412570578,-0.164384626797313
-0.19903406,-0.17436186,0.5056674800000001,0.07223352144500308,0.7082506003040248,-0.6827404074397015,-0.16440481014165373
-0.1990394,-0.1743534,0.5056922,0.07223212799597384,0.708238763943174,-0.6827479728945554,-0.1644249933610873
-0.19904474,-0.17434494,0.50571692,0.07223073387670137,0.7082269275247405,-0.682755537621623,-0.16444517645558265
-0.19905008,-0.17433648,0.50574164,0.07222933908719126,0.7082150910487541,-0.6827631016209079,-0.16446535942510793
-0.19905542,-0.17432802,0.50576636,0.07222794362744962,0.7082032545152459,-0.6827706648924138,-0.16448554226963186
-0.19906076,-0.17431956,0.5057910800000001,0.07222654749748228,0.7081914179242458,-0.6827782274361442,-0.16450572498912303
-0.1990661,-0.1743111,0.5058158,0.07222515069729536,0.7081795812757843,-0.6827857892521026,-0.1645259075835501
-0.19907144,-0.17430264,0.50584052,0.07222375322689446,0.7081677445698918,-0.682793350340293,-0.16454609005288134
-0.19907758,-0.17429418,0.50586408,0.07221658126163966,0.7081552300536548,-0.6828015858012337,-0.1645689216281641
-0.19908532,-0.17428572,0.50588532,0.07219786058096447,0.7081413597404709,-0.6828111703605396,-0.16459705095571642
-0.19909306,-0.17427726,0.50590656,0.0721791386362362,0.7081274890194469,-0.6828207536297212,-0.16462517928094575
-0.1991008,-0.1742688,0.5059278,0.07216041542750316,0.7081136178906562,-0.6828303356087666,-0.16465330660376998
-0.19910854,-0.17426034,0.50594904,0.07214169095481315,0.7080997463541717,-0.6828399162976639,-0.16468143292410653
-0.19911628,-0.17425188,0.50597028,0.07212296521821401,0.7080858744100669,-0.6828494956964022,-0.16470955824187297
-0.19912402,-0.17424342,0.50599152,0.07210423821775375,0.7080720020584144,-0.6828590738049688,-0.16473768255698695
-0.19913176,-0.17423496,0.50601276,0.07208550995348041,0.7080581292992876,-0.6828686506233526,-0.16476580586936623
-0.1991395,-0.1742265,0.506034,0.07206678042544157,0.7080442561327598,-0.6828782261515419,-0.164793928178928
-0.19914724,-0.17421804,0.50605524,0.07204804963368559,0.708030382558904,-0.6828878003895249,-0.1648220494855902
-0.19915498,-0.17420958,0.5060764799999999,0.07202931757826031,0.7080165085777934,-0.6828973733372902,-0.16485016978927047
-0.19916272,-0.17420112,0.50609772,0.07201058425921365,0.708002634189501,-0.6829069449948258,-0.16487828908988628
-0.19917046,-0.17419266,0.50611896,0.07199184967659368,0.7079887593941001,-0.6829165153621204,-0.16490640738735532
-0.1991782,-0.1741842,0.5061401999999999,0.07197311383044824,0.7079748841916639,-0.6829260844391623,-0.16493452468159517
-0.19918594,-0.17417574,0.50616144,0.07195437672082541,0.7079610085822653,-0.6829356522259395,-0.16496264097252347
-0.1991936799999999,-0.17416728,0.50618268,0.071935638347773,0.7079471325659776,-0.6829452187224407,-0.1649907562600577
-0.19920142,-0.17415882,0.50620392,0.0719168987113393,0.7079332561428742,-0.6829547839286545,-0.16501887054411588
-0.19921052,-0.17414728,0.50622424,0.07189023588636079,0.7079082792380155,-0.682975101405077,-0.16505354595161026
-0.1992203,-0.1741342,0.5062441,0.07185960892500193,0.707877750900223,-0.6830007928887173,-0.16509149977806648
-0.19923008,-0.17412112,0.50626396,0.07182897840800581,0.7078472209695298,-0.6830264813026776,-0.1651294506314937
-0.19923986,-0.17410804,0.5062838199999999,0.07179834433563088,0.7078166894462401,-0.6830521666468489,-0.1651673985115483
-0.19924964,-0.17409496,0.50630368,0.07176770670813573,0.7077861563306581,-0.6830778489211213,-0.16520534341788667
-0.19925942,-0.17408188,0.50632354,0.0717370655257788,0.7077556216230882,-0.683103528125386,-0.16524328535016533
-0.1992691999999999,-0.1740688,0.5063434,0.07170642078881889,0.7077250853238346,-0.6831292042595332,-0.16528122430804082
-0.19927898,-0.17405572,0.50636326,0.07167577249751428,0.7076945474332015,-0.6831548773234538,-0.16531916029116936
-0.19928876,-0.17404264,0.5063831200000001,0.07164512065212375,0.7076640079514933,-0.6831805473170388,-0.16535709329920764
-0.19929854,-0.17402956,0.5064029800000001,0.07161446525290599,0.7076334668790142,-0.6832062142401786,-0.1653950233318121
-0.1993083199999999,-0.17401648,0.50642284,0.07158380630011965,0.7076029242160685,-0.6832318780927643,-0.16543295038863937
-0.1993181,-0.1740034,0.5064427,0.07155314379402353,0.7075723799629604,-0.6832575388746864,-0.16547087446934605
-0.1993278799999999,-0.17399032,0.50646256,0.07152247773487636,0.7075418341199943,-0.6832831965858364,-0.16550879557358866
-0.19933766,-0.17397724,0.5064824200000001,0.0714918081229372,0.7075112866874744,-0.6833088512261045,-0.16554671370102397
-0.19934744,-0.17396416,0.5065022800000001,0.07146113495846446,0.7074807376657054,-0.6833345027953821,-0.16558462885130842
-0.19935722,-0.17395108,0.5065221400000001,0.0714304582417172,0.707450187054991,-0.6833601512935599,-0.16562254102409874
-0.199367,-0.173938,0.506542,0.0713997779729544,0.7074196348556362,-0.6833857967205291,-0.16566045021905168
-0.1993797199999999,-0.17392318,0.50655868,0.07136519176208675,0.7073899114909252,-0.6834170759492895,-0.16567324113007692
-0.19939244,-0.17390836,0.50657536,0.07133060439685693,0.7073601857299402,-0.683448353776583,-0.16568602910493826
-0.19940516,-0.17389354,0.50659204,0.07129601587750536,0.7073304575727489,-0.6834796302022044,-0.16569881414354792
-0.19941788,-0.17387872,0.50660872,0.07126142620427309,0.7073007270194193,-0.6835109052259492,-0.1657115962458187
-0.1994306,-0.1738639,0.5066254000000001,0.07122683537740115,0.7072709940700193,-0.6835421788476126,-0.16572437541166332
-0.19944332,-0.17384908,0.5066420800000001,0.0711922433971301,0.7072412587246164,-0.6835734510669895,-0.16573715164099406
-0.19945604,-0.17383426,0.5066587600000001,0.07115765026370102,0.7072115209832792,-0.6836047218838753,-0.1657499249337238
-0.19946876,-0.17381944,0.5066754400000001,0.07112305597735487,0.7071817808460751,-0.6836359912980653,-0.16576269528976537
-0.19948148,-0.17380462,0.5066921200000001,0.07108846053833229,0.7071520383130722,-0.6836672593093543,-0.1657754627090311
-0.1994942,-0.1737898,0.5067088000000001,0.07105386394687446,0.7071222933843385,-0.6836985259175378,-0.16578822719143396
-0.19950692,-0.17377498,0.5067254800000001,0.07101926620322202,0.7070925460599419,-0.6837297911224108,-0.1658009887368865
-0.19951964,-0.17376016,0.50674216,0.07098466730761599,0.7070627963399506,-0.6837610549237687,-0.16581374734530152
-0.19953236,-0.17374534,0.50675884,0.07095006726029746,0.7070330442244322,-0.6837923173214067,-0.165826503016592
-0.19954508,-0.17373052,0.50677552,0.07091546606150706,0.7070032897134555,-0.6838235783151199,-0.16583925575067038
-0.1995578,-0.1737157,0.5067922,0.0708808637114858,0.7069735328070877,-0.6838548379047035,-0.16585200554744967
-0.19957052,-0.17370088,0.50680888,0.07084626021047474,0.7069437735053975,-0.6838860960899528,-0.16586475240684262
-0.19958322,-0.17368438,0.50682612,0.07081297898026065,0.7069134636362526,-0.683919117361333,-0.16587199234781314
-0.19959588,-0.17366452,0.50684448,0.07078234452364937,0.7068820548901572,-0.6839556661388865,-0.16586822159327563
-0.19960854,-0.17364466,0.50686284,0.07075171053827514,0.7068506435429021,-0.6839922134058571,-0.1658644482071115
-0.1996212,-0.1736248,0.5068812,0.0707210770243465,0.7068192295945612,-0.6840287591620421,-0.16586067218935513
-0.19963386,-0.1736049399999999,0.50689956,0.07069044398207203,0.7067878130452085,-0.6840653034072379,-0.16585689354004107
-0.19964652,-0.17358508,0.50691792,0.0706598114116602,0.7067563938949181,-0.6841018461412423,-0.16585311225920385
-0.19965918,-0.17356522,0.50693628,0.07062917931331963,0.7067249721437643,-0.684138387363852,-0.16584932834687796
-0.19967184,-0.17354536,0.50695464,0.07059854768725882,0.7066935477918209,-0.6841749270748644,-0.16584554180309796
-0.1996845,-0.1735255,0.506973,0.07056791653368628,0.7066621208391625,-0.6842114652740765,-0.16584175262789844
-0.19969716,-0.17350564,0.50699136,0.07053728585281054,0.7066306912858626,-0.6842480019612852,-0.16583796082131388
-0.19970982,-0.1734857799999999,0.50700972,0.0705066556448401,0.706599259131996,-0.6842845371362882,-0.16583416638337894
-0.19972248,-0.17346592,0.50702808,0.07047602590998359,0.7065678243776367,-0.684321070798882,-0.16583036931412828
-0.19973514,-0.1734460599999999,0.50704644,0.07044539664844943,0.7065363870228587,-0.6843576029488642,-0.16582656961359643
-0.1997478,-0.1734261999999999,0.5070648,0.07041476786044612,0.7065049470677361,-0.6843941335860313,-0.16582276728181805
-0.19976046,-0.1734063399999999,0.50708316,0.07038413954618229,0.7064735045123438,-0.6844306627101813,-0.16581896231882787
-0.19977312,-0.1733864799999999,0.50710152,0.07035351170586641,0.7064420593567555,-0.6844671903211108,-0.16581515472466046
-0.19978578,-0.1733666199999999,0.50711988,0.07032288433970693,0.7064106116010457,-0.6845037164186172,-0.16581134449935056
-0.1997994,-0.1733444399999999,0.50713664,0.07028891507853327,0.7063755757590509,-0.6845480919068245,-0.16579180997527518
-0.1998135,-0.1733210999999999,0.5071526,0.07025327745607646,0.706338743253674,-0.6845963897482246,-0.16576441092465222
-0.1998276,-0.1732977599999999,0.50716856,0.07021764312716022,0.7063019065642961,-0.6846446841732526,-0.16573700796929566
-0.1998417,-0.1732744199999999,0.50718452,0.07018201209217186,0.7062650656912681,-0.6846929751815154,-0.1657096011095548
-0.1998558,-0.17325108,0.50720048,0.07014638435149859,0.7062282206349411,-0.6847412627726197,-0.16568219034577894
-0.1998699,-0.17322774,0.50721644,0.07011075990552754,0.7061913713956662,-0.6847895469461722,-0.1656547756783174
-0.199884,-0.1732044,0.5072323999999999,0.07007513875464629,0.7061545179737948,-0.6848378277017798,-0.16562735710751988
-0.1998981,-0.17318106,0.50724836,0.07003952089924172,0.7061176603696776,-0.6848861050390493,-0.16559993463373565
-0.1999122,-0.17315772,0.50726432,0.07000390633970112,0.7060807985836661,-0.6849343789575877,-0.1655725082573143
-0.1999263,-0.17313438,0.5072802799999999,0.06996829507641142,0.7060439326161115,-0.6849826494570017,-0.16554507797860535
-0.1999404,-0.17311104,0.50729624,0.06993268710975979,0.7060070624673648,-0.6850309165368984,-0.16551764379795833
-0.1999545,-0.1730877,0.5073122,0.06989708244013323,0.7059701881377776,-0.6850791801968849,-0.16549020571572287
-0.1999686,-0.17306436,0.5073281599999999,0.06986148106791872,0.7059333096277013,-0.6851274404365679,-0.16546276373224866
-0.1999827,-0.17304102,0.50734412,0.06982588299350306,0.7058964269374871,-0.6851756972555548,-0.16543531784788523
-0.1999968,-0.17301768,0.50736008,0.06979028821727347,0.7058595400674864,-0.6852239506534524,-0.1654078680629826
-0.2000109,-0.17299434,0.5073760399999999,0.06975469673961668,0.7058226490180508,-0.6852722006298685,-0.16538041437789044
-0.200025,-0.172971,0.507392,0.06971910856091953,0.7057857537895319,-0.6853204471844094,-0.16535295679295847
-0.20004036,-0.17294916,0.5074076,0.06969244950791438,0.7057494550549159,-0.6853700312992604,-0.16531360914373253
-0.20005572,-0.17292732,0.5074232,0.0696657949933126,0.7057131525545869,-0.6854196107737961,-0.16527425838924167
-0.20007108,-0.17290548,0.5074388,0.0696391450174241,0.705676846289098,-0.6854691856076861,-0.16523490453003734
-0.20008644,-0.17288364,0.5074544,0.06961249958055903,0.7056405362590026,-0.6855187558005993,-0.16519554756667124
-0.2001018,-0.1728618,0.50747,0.06958585868302691,0.7056042224648538,-0.6855683213522052,-0.16515618749969457
-0.20011716,-0.17283996,0.5074856,0.06955922232513764,0.7055679049072049,-0.6856178822621736,-0.16511682432965924
-0.20013252,-0.17281812,0.5075012,0.06953259050720104,0.7055315835866094,-0.685667438530174,-0.16507745805711674
-0.20014788,-0.17279628,0.5075168,0.06950596322952668,0.7054952585036204,-0.685716990155876,-0.1650380886826187
-0.20016324,-0.17277444,0.5075324,0.06947934049242431,0.7054589296587913,-0.6857665371389489,-0.1649987162067171
-0.2001785999999999,-0.1727526,0.507548,0.06945272229620304,0.7054225970526757,-0.6858160794790632,-0.16495934062996312
-0.20019396,-0.17273076,0.5075636,0.06942610864117298,0.705386260685827,-0.6858656171758879,-0.16491996195290906
-0.20020932,-0.17270892,0.5075792,0.06939949952764292,0.7053499205587985,-0.6859151502290934,-0.16488058017610638
-0.20022468,-0.17268708,0.5075948,0.06937289495592247,0.7053135766721439,-0.6859646786383499,-0.16484119530010696
-0.2002400399999999,-0.17266524,0.5076104,0.06934629492632083,0.7052772290264165,-0.6860142024033268,-0.16480180732546262
-0.2002553999999999,-0.1726434,0.507626,0.06931969943914737,0.7052408776221701,-0.6860637215236944,-0.16476241625272542
-0.20027076,-0.17262156,0.5076416,0.06929310849471072,0.7052045224599581,-0.6861132359991232,-0.16472302208244682
-0.2002862599999999,-0.17260042,0.50765766,0.0692648486370389,0.7051686760829652,-0.6861603621634512,-0.1646920654142371
-0.20030204,-0.17258068,0.50767464,0.06923324448159027,0.7051338513723497,-0.6862027179658262,-0.16467798688246754
-0.2003178199999999,-0.17256094,0.50769162,0.06920164197691978,0.7050990234120843,-0.6862450715452822,-0.16466390530663869
-0.2003335999999999,-0.1725412,0.5077086,0.06917004112329388,0.7050641922023304,-0.6862874229015494,-0.1646498206868963
-0.20034938,-0.17252146,0.50772558,0.06913844192097823,0.7050293577432489,-0.6863297720343581,-0.16463573302338547
-0.20036516,-0.17250172,0.50774256,0.06910684437023937,0.7049945200350014,-0.6863721189434384,-0.16462164231625181
-0.2003809399999999,-0.17248198,0.50775954,0.06907524847134347,0.7049596790777491,-0.6864144636285203,-0.1646075485656408
-0.20039672,-0.17246224,0.50777652,0.06904365422455626,0.7049248348716532,-0.6864568060893345,-0.1645934517716978
-0.2004125,-0.1724425,0.5077935,0.06901206163014426,0.7048899874168751,-0.6864991463256107,-0.16457935193456835
-0.20042828,-0.17242276,0.5078104800000001,0.0689804706883734,0.7048551367135761,-0.6865414843370795,-0.16456524905439796
-0.20044406,-0.17240302,0.50782746,0.06894888139950947,0.7048202827619175,-0.6865838201234712,-0.16455114313133204
-0.20045984,-0.17238328,0.5078444400000001,0.06891729376381903,0.7047854255620607,-0.6866261536845155,-0.16453703416551638
-0.20047562,-0.1723635399999999,0.50786142,0.06888570778156772,0.7047505651141674,-0.6866684850199433,-0.1645229221570962
-0.2004914,-0.1723438,0.5078784000000001,0.0688541234530219,0.7047157014183988,-0.6867108141294846,-0.16450880710621751
-0.20050718,-0.17232406,0.50789538,0.06882254077844727,0.7046808344749165,-0.6867531410128699,-0.1644946890130257
-0.20052296,-0.1723043199999999,0.5079123600000001,0.0687909597581102,0.7046459642838814,-0.686795465669829,-0.16448056787766643
-0.20053874,-0.17228458,0.50792934,0.06875938039227639,0.7046110908454557,-0.6868377881000929,-0.1644664437002854
-0.20055404,-0.1722633599999999,0.50794368,0.06872525117423847,0.7045746368900487,-0.6868845394800641,-0.16444163197181588
-0.2005691,-0.1722414,0.5079567,0.06868984950319652,0.7045373902093782,-0.6869335029884738,-0.16441147418647842
-0.2005841599999999,-0.17221944,0.5079697200000001,0.06865445146211027,0.7045001392700289,-0.6869824627900636,-0.16438131244714363
-0.20059922,-0.1721974799999999,0.50798274,0.06861905705137712,0.7044628840724001,-0.6870314188844293,-0.1643511467542093
-0.20061428,-0.17217552,0.50799576,0.06858366627139488,0.7044256246168912,-0.6870803712711671,-0.16432097710807397
-0.20062934,-0.17215356,0.50800878,0.06854827912256092,0.704388360903901,-0.6871293199498723,-0.16429080350913575
-0.2006444,-0.1721316,0.5080218000000001,0.06851289560527252,0.7043510929338291,-0.6871782649201409,-0.16426062595779278
-0.2006594599999999,-0.17210964,0.50803482,0.06847751571992756,0.7043138207070752,-0.6872272061815692,-0.16423044445444368
-0.20067452,-0.17208768,0.50804784,0.06844213946692304,0.7042765442240381,-0.687276143733753,-0.16420025899948648
-0.20068958,-0.17206572,0.5080608600000001,0.0684067668466567,0.7042392634851176,-0.6873250775762885,-0.1641700695933199
-0.20070464,-0.17204376,0.5080738800000001,0.06837139785952537,0.7042019784907129,-0.6873740077087714,-0.16413987623634216
-0.2007197,-0.1720218,0.5080869,0.06833603250592685,0.7041646892412238,-0.6874229341307982,-0.164109678928952
-0.2007347599999999,-0.17199984,0.50809992,0.06830067078625807,0.7041273957370497,-0.6874718568419652,-0.16407947767154776
-0.20074982,-0.17197788,0.5081129400000001,0.06826531270091613,0.7040900979785902,-0.6875207758418682,-0.16404927246452788
-0.20076488,-0.17195592,0.5081259600000001,0.06822995825029839,0.7040527959662449,-0.6875696911301039,-0.16401906330829125
-0.20077994,-0.17193396,0.50813898,0.06819460743480166,0.7040154897004137,-0.6876186027062681,-0.16398885020323625
-0.200795,-0.171912,0.508152,0.06815926025482336,0.7039781791814959,-0.6876675105699575,-0.16395863314976183
-0.20080994,-0.17188542,0.50816238,0.06812424377380014,0.7039258468358535,-0.6877360363240279,-0.16391044478003777
-0.20082488,-0.17185884,0.50817276,0.06808923528674374,0.7038735073621227,-0.6878045539269233,-0.16386225089750306
-0.20083982,-0.17183226,0.5081831400000001,0.06805423479440813,0.7038211607615955,-0.6878730633778124,-0.1638140515034415
-0.20085476,-0.17180568,0.5081935200000001,0.06801924229754666,0.703768807035563,-0.687941564675864,-0.16376584659913715
-0.2008697,-0.1717791,0.5082039,0.06798425779691332,0.7037164461853174,-0.688010057820247,-0.16371763618587437
-0.20088464,-0.17175252,0.50821428,0.06794928129326108,0.7036640782121502,-0.6880785428101316,-0.16366942026493725
-0.20089958,-0.17172594,0.50822466,0.06791431278734325,0.703611703117353,-0.688147019644686,-0.16362119883761048
-0.20091452,-0.17169936,0.5082350400000001,0.06787935227991271,0.7035593209022183,-0.6882154883230809,-0.16357297190517844
-0.20092946,-0.17167278,0.5082454200000001,0.06784439977172194,0.7035069315680381,-0.6882839488444856,-0.16352473946892548
-0.2009444,-0.1716462,0.5082558,0.06780945526352367,0.7034545351161045,-0.6883524012080706,-0.1634765015301368
-0.20095934,-0.17161962,0.50826618,0.06777451875607002,0.7034021315477099,-0.6884208454130061,-0.1634282580900967
-0.20097428,-0.17159304,0.50827656,0.06773959025011328,0.7033497208641468,-0.6884892814584624,-0.16338000915009052
-0.20098922,-0.17156646,0.5082869400000001,0.06770466974640496,0.7032973030667073,-0.6885577093436107,-0.16333175471140288
-0.20100416,-0.17153988,0.50829732,0.06766975724569727,0.7032448781566846,-0.6886261290676214,-0.16328349477531923
-0.2010191,-0.1715133,0.5083077,0.06763485274874129,0.7031924461353711,-0.6886945406296661,-0.16323522934312465
-0.20103404,-0.17148672,0.50831808,0.06759995625628823,0.7031400070040597,-0.6887629440289159,-0.16318695841610423
-0.20104892,-0.17146048,0.5083289000000001,0.06756091862825347,0.7030845097911312,-0.6888319245088926,-0.16315107766498577
-0.20106368,-0.17143492,0.5083406,0.06751358707971698,0.7030229026419975,-0.6889020687979476,-0.1631399813851829
-0.20107844,-0.17140936,0.5083523,0.06746625807093831,0.7029612870617578,-0.6889722071487501,-0.16312887755073394
-0.2010932,-0.1713838,0.508364,0.06741893160299507,0.7028996630510189,-0.6890423395601961,-0.16311776616201606
-0.20110796,-0.17135824,0.5083757,0.06737160767696473,0.7028380306103884,-0.6891124660311813,-0.1631066472194067
-0.20112272,-0.17133268,0.5083874,0.06732428629392473,0.7027763897404735,-0.6891825865606013,-0.16309552072328334
-0.20113748,-0.17130712,0.5083991,0.06727696745495251,0.7027147404418819,-0.6892527011473522,-0.16308438667402364
-0.20115224,-0.17128156,0.5084108,0.06722965116112556,0.7026530827152213,-0.6893228097903299,-0.16307324507200568
-0.201167,-0.171256,0.5084225,0.06718233741352073,0.7025914165611,-0.6893929124884302,-0.16306209591760684
-0.20118176,-0.17123044,0.5084342,0.06713502621321596,0.7025297419801254,-0.6894630092405488,-0.16305093921120586
-0.20119652,-0.17120488,0.5084459,0.0670877175612879,0.702468058972906,-0.6895331000455823,-0.1630397749531806
-0.20121128,-0.17117932,0.5084576,0.06704041145881398,0.70240636754005,-0.6896031849024267,-0.1630286031439096
-0.20122604,-0.17115376,0.5084693,0.06699310790687121,0.7023446676821662,-0.6896732638099784,-0.16301742378377146
-0.2012408,-0.1711281999999999,0.508481,0.06694580690653675,0.7022829593998633,-0.6897433367671334,-0.16300623687314486
-0.20125556,-0.17110264,0.5084927,0.06689850845888753,0.7022212426937494,-0.6898134037727881,-0.16299504241240867
-0.20127032,-0.17107708,0.5085044,0.06685121256500054,0.7021595175644341,-0.6898834648258391,-0.16298384040194192
-0.20128508,-0.1710515199999999,0.5085161,0.06680391922595277,0.7020977840125264,-0.6899535199251825,-0.1629726308421237
-0.20130108,-0.17102808,0.5085240799999999,0.06674674718796661,0.7020422076350763,-0.6900177029361255,-0.1629637385231661
-0.2013177,-0.1710056999999999,0.5085301999999999,0.06668463613004805,0.7019897054091058,-0.6900789483687646,-0.1629559996505189
-0.2013343199999999,-0.17098332,0.5085363199999999,0.06662252649103531,0.7019371944916893,-0.6901401895774982,-0.1629482515494481
-0.20135094,-0.17096094,0.5085424399999999,0.06656041827226761,0.7018846748831665,-0.6902014265610273,-0.16294049422011422
-0.20136756,-0.17093856,0.50854856,0.06649831147508536,0.7018321465838759,-0.6902626593180532,-0.16293272766267872
-0.20138418,-0.17091618,0.50855468,0.0664362061008282,0.7017796095941573,-0.6903238878472764,-0.16292495187730266
-0.2014008,-0.1708937999999999,0.5085608,0.0663741021508358,0.7017270639143498,-0.6903851121473983,-0.1629171668641476
-0.2014174199999999,-0.17087142,0.50856692,0.06631199962644804,0.7016745095447935,-0.6904463322171202,-0.16290937262337515
-0.20143404,-0.17084904,0.50857304,0.06624989852900456,0.701621946485828,-0.6905075480551429,-0.16290156915514714
-0.20145066,-0.17082666,0.50857916,0.06618779885984513,0.7015693747377937,-0.6905687596601675,-0.16289375645962562
-0.20146728,-0.17080428,0.50858528,0.06612570062030951,0.7015167943010306,-0.6906299670308954,-0.16288593453697287
-0.2014839,-0.1707819,0.5085914,0.06606360381173734,0.7014642051758794,-0.6906911701660277,-0.1628781033873513
-0.20150052,-0.1707595199999999,0.50859752,0.06600150843546837,0.701411607362681,-0.6907523690642657,-0.16287026301092358
-0.2015171399999999,-0.1707371399999999,0.50860364,0.06593941449284224,0.7013590008617762,-0.6908135637243106,-0.16286241340785254
-0.20153376,-0.17071476,0.50860976,0.0658773219851986,0.7013063856735057,-0.6908747541448635,-0.1628545545783012
-0.20155038,-0.17069238,0.50861588,0.0658152309138772,0.7012537617982112,-0.690935940324626,-0.16284668652243278
-0.201567,-0.17067,0.508622,0.06575314128021746,0.701201129236234,-0.6909971222622993,-0.1628388092404108
-0.2015895,-0.17064942,0.50861654,0.06567240134188887,0.7011572167470168,-0.6910604994944985,-0.16279152049164203
-0.2016119999999999,-0.17062884,0.50861108,0.06559166801309577,0.701113291981133,-0.6911238700692328,-0.1627442199132263
-0.2016345,-0.1706082599999999,0.50860562,0.06551094129586515,0.7010693549395438,-0.6911872339844861,-0.16269690750612603
-0.201657,-0.17058768,0.50860016,0.06543022119222383,0.7010254056232107,-0.6912505912382431,-0.16264958327130394
-0.2016795,-0.1705671,0.5085947,0.06534950770419846,0.700981444033096,-0.6913139418284883,-0.16260224720972308
-0.201702,-0.1705465199999999,0.5085892399999999,0.0652688008338155,0.7009374701701616,-0.6913772857532066,-0.162554899322347
-0.2017245,-0.17052594,0.50858378,0.0651881005831016,0.7008934840353706,-0.6914406230103827,-0.16250753961013936
-0.201747,-0.17050536,0.50857832,0.06510740695408275,0.7008494856296855,-0.6915039535980019,-0.16246016807406433
-0.2017695,-0.17048478,0.50857286,0.0650267199487852,0.7008054749540698,-0.691567277514049,-0.16241278471508627
-0.201792,-0.1704642,0.5085674,0.06494603956923498,0.7007614520094875,-0.6916305947565098,-0.16236538953416996
-0.2018145,-0.17044362,0.50856194,0.06486536581745783,0.7007174167969021,-0.6916939053233694,-0.16231798253228058
-0.201837,-0.17042304,0.50855648,0.06478469869547954,0.7006733693172781,-0.6917572092126135,-0.16227056371038354
-0.2018595,-0.17040246,0.50855102,0.06470403820532566,0.7006293095715803,-0.6918205064222278,-0.1622231330694446
-0.201882,-0.1703818799999999,0.50854556,0.06462338434902153,0.7005852375607735,-0.6918837969501983,-0.16217569061043008
-0.2019045,-0.1703613,0.5085400999999999,0.0645427371285926,0.7005411532858233,-0.691947080794511,-0.16212823633430626
-0.201927,-0.17034072,0.5085346399999999,0.06446209654606386,0.7004970567476955,-0.6920103579531518,-0.16208077024204007
-0.20195058,-0.17032142,0.50852742,0.06438089435681842,0.700457308888636,-0.6920708989103784,-0.16202632424296637
-0.20197632,-0.17030468,0.5085166799999999,0.06429856252231372,0.7004262710674579,-0.692125972746345,-0.16195793128471825
-0.20200206,-0.17028794,0.5085059399999999,0.06421623764070421,0.7003952216110331,-0.69218103778468,-0.16188952807092863
-0.2020278,-0.1702711999999999,0.5084951999999999,0.06413391971376879,0.7003641605205633,-0.6922360940236739,-0.16182111460289078
-0.20205354,-0.17025446,0.50848446,0.06405160874328569,0.7003330877972506,-0.6922911414616186,-0.16175269088189778
-0.20207928,-0.17023772,0.50847372,0.0639693047310335,0.7003020034422975,-0.6923461800968055,-0.16168425690924354
-0.20210502,-0.17022098,0.50846298,0.06388700767878999,0.7002709074569071,-0.6924012099275262,-0.16161581268622158
-0.20213076,-0.17020424,0.50845224,0.06380471758833345,0.7002397998422822,-0.6924562309520726,-0.1615473582141264
-0.2021565,-0.1701875,0.5084415,0.06372243446144119,0.7002086805996264,-0.6925112431687371,-0.1614788934942521
-0.20218224,-0.17017076,0.50843076,0.06364015829989111,0.7001775497301429,-0.6925662465758119,-0.1614104185278937
-0.20220798,-0.17015402,0.50842002,0.06355788910546022,0.700146407235036,-0.6926212411715894,-0.1613419333163458
-0.20223372,-0.17013728,0.50840928,0.0634756268799259,0.7001152531155095,-0.6926762269543625,-0.1612734378609041
-0.20225946,-0.17012054,0.50839854,0.0633933716250648,0.7000840873727681,-0.6927312039224242,-0.16120493216286366
-0.2022852,-0.1701038,0.5083878000000001,0.06331112334265396,0.7000529100080166,-0.6927861720740673,-0.16113641622352068
-0.20231094,-0.17008706,0.50837706,0.06322888203446964,0.7000217210224599,-0.6928411314075856,-0.16106789004417094
-0.20233668,-0.17007032,0.50836632,0.06314664770228845,0.6999905204173033,-0.6928960819212724,-0.16099935362611106
-0.20236242,-0.17005358,0.50835558,0.06306442034788626,0.6999593081937523,-0.6929510236134212,-0.16093080697063739
-0.2023866,-0.1700378,0.50834816,0.0629721388589786,0.6999187123264988,-0.6930042228994633,-0.1609144272781409
-0.20241,-0.1700225,0.5083424,0.06287482627068425,0.6998734167079116,-0.6930565514400779,-0.1609241228436912
-0.2024334,-0.1700072,0.50833664,0.06277751163798696,0.69982810692704,-0.6931088769983467,-0.16093380444626537
-0.2024568,-0.1699919,0.50833088,0.06268019496369201,0.6997827829839711,-0.6931611995716234,-0.16094347208554388
-0.2024802,-0.1699766,0.5083251200000001,0.06258287625060427,0.6997374448787931,-0.6932135191572625,-0.16095312576120752
-0.2025036,-0.1699613,0.50831936,0.062485555501529136,0.6996920926115942,-0.6932658357526191,-0.16096276547293795
-0.202527,-0.169946,0.5083136,0.06238823271927194,0.6996467261824637,-0.6933181493550472,-0.16097239122041748
-0.2025504,-0.1699307,0.5083078400000001,0.0622909079066378,0.6996013455914909,-0.6933704599619012,-0.16098200300332827
-0.2025738,-0.1699154,0.50830208,0.06219358106643228,0.6995559508387662,-0.6934227675705354,-0.16099160082135378
-0.2025972,-0.1699001,0.50829632,0.062096252201460915,0.6995105419243797,-0.6934750721783043,-0.16100118467417773
-0.2026206,-0.1698848,0.5082905600000001,0.06199892131452891,0.6994651188484227,-0.6935273737825625,-0.16101075456148412
-0.202644,-0.1698695,0.5082848,0.061901588408441975,0.6994196816109871,-0.6935796723806639,-0.16102031048295784
-0.2026674,-0.1698541999999999,0.50827904,0.061804253486005704,0.6993742302121648,-0.6936319679699628,-0.16102985243828416
-0.2026908,-0.1698389,0.50827328,0.06170691655002593,0.6993287646520487,-0.6936842605478141,-0.16103938042714916
-0.2027142,-0.1698236,0.5082675200000001,0.06160957760330803,0.699283284930732,-0.6937365501115712,-0.1610488944492388
-0.2027376,-0.1698083,0.50826176,0.06151223664865795,0.6992377910483083,-0.693788836658589,-0.16105839450424025
-0.202761,-0.169793,0.508256,0.06141489368888162,0.6991922830048721,-0.6938411201862213,-0.16106788059184105
-0.20278152,-0.16977644,0.50825312,0.06131743358519091,0.699134487446764,-0.6938971790948141,-0.16111438683536639
-0.20280204,-0.16975988,0.5082502400000001,0.061219964446236085,0.6990766779919861,-0.693953230710533,-0.1611608756097579
-0.20282256,-0.16974332,0.50824736,0.061122486275607464,0.6990188546415403,-0.6940092750304022,-0.16120734691350913
-0.20284308,-0.16972676,0.50824448,0.06102499907689524,0.6989610173964286,-0.6940653120514451,-0.16125380074511433
-0.2028636,-0.1697102,0.5082416000000001,0.06092750285369001,0.6989031662576525,-0.6941213417706847,-0.1613002371030684
-0.20288412,-0.16969364,0.50823872,0.06082999760958278,0.6988453012262159,-0.6941773641851454,-0.16134665598586723
-0.20290464,-0.1696770799999999,0.50823584,0.06073248334816427,0.6987874223031225,-0.6942333792918508,-0.161393057392007
-0.20292516,-0.16966052,0.5082329600000001,0.06063496007302614,0.6987295294893768,-0.6942893870878252,-0.16143944131998492
-0.20294568,-0.1696439599999999,0.50823008,0.06053742778775979,0.6986716227859836,-0.6943453875700925,-0.16148580776829902
-0.2029662,-0.1696273999999999,0.5082272,0.0604398864959571,0.6986137021939491,-0.6944013807356771,-0.16153215673544793
-0.20298672,-0.1696108399999999,0.5082243200000001,0.060342336201210205,0.6985557677142793,-0.6944573665816034,-0.16157848821993093
-0.20300724,-0.16959428,0.50822144,0.06024477690711148,0.6984978193479813,-0.6945133451048963,-0.16162480222024844
-0.20302776,-0.16957772,0.50821856,0.0601472086172533,0.6984398570960629,-0.6945693163025801,-0.16167109873490088
-0.20304828,-0.16956116,0.50821568,0.060049631335228566,0.6983818809595324,-0.6946252801716801,-0.16171737776239012
-0.2030688,-0.1695446,0.5082128,0.05995204506463035,0.6983238909393986,-0.6946812367092211,-0.1617636393012185
-0.20308932,-0.16952804,0.50820992,0.059854449809052024,0.6982658870366711,-0.6947371859122281,-0.16180988334988897
-0.2031095,-0.1695121799999999,0.5082049399999999,0.05976052126054782,0.698212057705692,-0.694793733195836,-0.16183408443478284
-0.203129,-0.16949772,0.50819576,0.05967394283846953,0.6981665922227104,-0.6948514863367111,-0.16181422059232634
-0.2031485,-0.16948326,0.5081865799999999,0.059587367032052495,0.6981211140924807,-0.6949092356770542,-0.16179434452165958
-0.203168,-0.1694688,0.5081774,0.05950079384349541,0.6980756233153101,-0.6949669812146995,-0.1617744562230473
-0.2031875,-0.16945434,0.5081682200000001,0.05941422327499636,0.6980301198915068,-0.6950247229474814,-0.16175455569675398
-0.203207,-0.16943988,0.50815904,0.059327655328753906,0.6979846038213786,-0.6950824608732344,-0.16173464294304507
-0.2032265,-0.16942542,0.50814986,0.05924109000696629,0.6979390751052343,-0.6951401949897931,-0.16171471796218606
-0.203246,-0.16941096,0.50814068,0.05915452731183169,0.697893533743383,-0.695197925294991,-0.16169478075444266
-0.2032655,-0.1693965,0.5081315,0.059067967245548574,0.697847979736134,-0.6952556517866635,-0.1616748313200816
-0.203285,-0.1693820399999999,0.50812232,0.05898140981031502,0.6978024130837972,-0.6953133744626445,-0.16165486965936918
-0.2033045,-0.16936758,0.50811314,0.058894855008329514,0.6977568337866824,-0.6953710933207687,-0.161634895772573
-0.203324,-0.16935312,0.50810396,0.05880830284179017,0.6977112418451006,-0.6954288083588706,-0.16161490965996028
-0.2033435,-0.16933866,0.50809478,0.058721753312895,0.6976656372593625,-0.6954865195747844,-0.1615949113217988
-0.203363,-0.1693242,0.5080856,0.05863520642384255,0.6976200200297795,-0.6955442269663448,-0.16157490075835712
-0.2033825,-0.16930974,0.50807642,0.05854866217683063,0.6975743901566633,-0.6956019305313865,-0.16155487796990364
-0.203402,-0.16929528,0.50806724,0.05846212057405773,0.697528747640326,-0.6956596302677441,-0.16153484295670767
-0.2034215,-0.16928082,0.50805806,0.05837558161772181,0.6974830924810802,-0.6957173261732518,-0.16151479571903854
-0.20343972,-0.16927044,0.5080468,0.05828566563291033,0.697449180170503,-0.6957677210562903,-0.16147662554486905
-0.2034573,-0.1692621,0.5080345,0.058194063639571046,0.6974211327380744,-0.6958144627947913,-0.16142938992962513
-0.20347488,-0.16925376,0.5080222,0.05810246571409578,0.6973930723935865,-0.6958611998387637,-0.1613821446577421
-0.20349246,-0.16924542,0.5080099,0.058010871858457644,0.697364999137524,-0.6959079321864621,-0.16133488972973287
-0.20351004,-0.16923708,0.5079976,0.05791928207462958,0.697336912970372,-0.695954659836141,-0.16128762514611072
-0.20352762,-0.16922874,0.5079853,0.057827696364584305,0.6973088138926156,-0.6960013827860553,-0.16124035090738906
-0.2035452,-0.1692204,0.507973,0.05773611473029508,0.6972807019047401,-0.6960481010344591,-0.16119306701408193
-0.20356278,-0.16921206,0.5079607,0.05764453717373445,0.6972525770072313,-0.6960948145796079,-0.1611457734667034
-0.20358036,-0.16920372,0.5079484,0.05755296369687521,0.6972244392005755,-0.696141523419756,-0.16109847026576782
-0.20359794,-0.16919538,0.5079361,0.05746139430169006,0.697196288485259,-0.6961882275531581,-0.16105115741179
-0.20361552,-0.16918704,0.5079238,0.05736982899015161,0.6971681248617687,-0.6962349269780697,-0.16100383490528491
-0.2036331,-0.1691787,0.5079115000000001,0.05727826776423254,0.6971399483305913,-0.6962816216927452,-0.16095650274676793
-0.20365068,-0.16917036,0.5078992,0.0571867106259051,0.6971117588922146,-0.6963283116954398,-0.1609091609367545
-0.20366826,-0.16916202,0.5078869,0.05709515757714219,0.697083556547126,-0.6963749969844086,-0.16086180947576087
-0.20368584,-0.16915368,0.5078746000000001,0.057003608619916005,0.6970553412958135,-0.6964216775579067,-0.16081444836430314
-0.20370342,-0.16914534,0.5078623,0.0569120637561989,0.6970271131387656,-0.6964683534141896,-0.16076707760289785
-0.203721,-0.169137,0.50785,0.05682052298796326,0.696998872076471,-0.696515024551512,-0.1607196971920618
-0.20373756,-0.16913088,0.50783446,0.05670856794929385,0.6969818889824486,-0.6965534020283861,-0.160666558045785
-0.20375412,-0.16912476,0.5078189200000001,0.05659661558156169,0.6969648879178642,-0.6965917747783819,-0.16061340985564126
-0.20377068,-0.16911864,0.50780338,0.05648466588775649,0.6969478688830051,-0.696630142799552,-0.16056025262206658
-0.20378724,-0.16911252,0.50778784,0.056372718870868074,0.6969308318781592,-0.6966685060899495,-0.16050708634549748
-0.2038038,-0.1691064,0.5077723,0.05626077453388562,0.6969137769036151,-0.6967068646476273,-0.1604539110263703
-0.20382036,-0.16910028,0.50775676,0.05614883287979926,0.6968967039596611,-0.6967452184706381,-0.16040072666512267
-0.20383692,-0.16909416,0.50774122,0.05603689391159843,0.6968796130465872,-0.6967835675570351,-0.16034753326219203
-0.20385348,-0.16908804,0.50772568,0.05592495763227269,0.6968625041646829,-0.6968219119048713,-0.16029433081801633
-0.20387004,-0.16908192,0.50771014,0.05581302404481182,0.6968453773142387,-0.6968602515121994,-0.1602411193330341
-0.2038866,-0.1690758,0.5076946,0.055701093152205,0.6968282324955456,-0.6968985863770728,-0.16018789880768375
-0.20390316,-0.16906968,0.50767906,0.05558916495744188,0.696811069708895,-0.6969369164975447,-0.16013466924240466
-0.20391972,-0.16906356,0.50766352,0.055477239463512164,0.6967938889545787,-0.6969752418716677,-0.16008143063763647
-0.20393628,-0.16905744,0.50764798,0.05536531667340482,0.6967766902328897,-0.6970135624974957,-0.16002818299381874
-0.20395284,-0.16905132,0.50763244,0.05525339659010976,0.6967594735441204,-0.6970518783730814,-0.15997492631139226
-0.2039694,-0.1690451999999999,0.5076169,0.05514147921661633,0.6967422388885648,-0.6970901894964779,-0.15992166059079754
-0.20398596,-0.1690390799999999,0.50760136,0.05502956455591395,0.6967249862665164,-0.697128495865739,-0.15986838583247598
-0.20400286,-0.1690324999999999,0.50758338,0.054916946291904176,0.6967110798717486,-0.6971674473504424,-0.1597978427538425
-0.20402044,-0.1690249999999999,0.50756052,0.05480291858850677,0.6967038832339121,-0.6972076862060943,-0.15969277220999556
-0.20403802,-0.1690175,0.50753766,0.05468889432705808,0.6966966676347405,-0.6972479088807697,-0.15958769283790528
-0.2040556,-0.16901,0.5075148,0.054574873510756614,0.6966894330751202,-0.6972881153726607,-0.1594826046401156
-0.20407318,-0.1690025,0.50749194,0.054460856142800704,0.6966821795559374,-0.6973283056799597,-0.15937750761917058
-0.20409076,-0.168995,0.50746908,0.0543468422263889,0.696674907078078,-0.6973684798008591,-0.1592724017776152
-0.20410834,-0.1689874999999999,0.5074462200000001,0.05423283176471919,0.69666761564243,-0.6974086377335522,-0.15916728711799433
-0.20412592,-0.16898,0.50742336,0.05411882476098949,0.6966603052498809,-0.6974487794762324,-0.15906216364285333
-0.2041435,-0.1689725,0.5074005,0.054004821218397295,0.696652975901319,-0.6974889050270937,-0.1589570313547378
-0.20416108,-0.168965,0.50737764,0.0538908211401405,0.6966456275976333,-0.6975290143843302,-0.1588518902561941
-0.20417866,-0.1689575,0.50735478,0.053776824529416234,0.696638260339713,-0.6975691075461368,-0.1587467403497685
-0.20419624,-0.16895,0.50733192,0.053662831389421496,0.6966308741284484,-0.6976091845107084,-0.1586415816380077
-0.20421382,-0.1689425,0.50730906,0.05354884172335344,0.6966234689647295,-0.6976492452762412,-0.1585364141234591
-0.2042314,-0.168935,0.5072862,0.05343485553440881,0.6966160448494478,-0.6976892898409301,-0.15843123780867002
-0.20424898,-0.1689275,0.5072633400000001,0.05332087282578392,0.696608601783495,-0.6977293182029722,-0.15832605269618827
-0.20426656,-0.16892,0.50724048,0.05320689360067548,0.6966011397677628,-0.6977693303605641,-0.1582208587885622
-0.20428414,-0.1689125,0.50721762,0.053092917862279265,0.6965936588031441,-0.697809326311903,-0.15811565608834027
-0.20430328,-0.16890232,0.50719104,0.052969419977718396,0.6965822085264343,-0.6978545283234819,-0.15800798907039476
-0.2043232,-0.1688908,0.5071626,0.05284116445510687,0.6965687598015594,-0.6979023240390241,-0.15789908267141595
-0.20434312,-0.16887928,0.50713416,0.052712914454328956,0.696555286948128,-0.6979501020775695,-0.15779016409222762
-0.20436304,-0.16886776,0.50710572,0.052584669980016194,0.696541789967562,-0.6979978624362524,-0.15768123333580314
-0.20438296,-0.16885624,0.5070772800000001,0.05245643103679916,0.696528268861285,-0.6980456051122081,-0.157572290405116
-0.20440288,-0.16884472,0.5070488400000001,0.052328197629307904,0.6965147236307212,-0.6980933301025724,-0.15746333530314
-0.2044228,-0.1688332,0.5070204,0.05219996976217257,0.6965011542772956,-0.6981410374044813,-0.15735436803285013
-0.20444272,-0.16882168,0.50699196,0.052071747440022846,0.6964875608024343,-0.698188727015072,-0.15724538859722176
-0.20446264,-0.16881016,0.50696352,0.05194353066748811,0.6964739432075641,-0.6982363989314812,-0.157136396999231
-0.20448256,-0.16879864,0.50693508,0.051815319449197594,0.6964603014941126,-0.6982840531508472,-0.1570273932418547
-0.20450248,-0.16878712,0.50690664,0.051687113789779714,0.6964466356635091,-0.698331689670308,-0.15691837732806993
-0.2045224,-0.1687756,0.5068782,0.051558913693863,0.6964329457171826,-0.6983793084870025,-0.15680934926085488
-0.20454232,-0.16876408,0.50684976,0.051430719166075806,0.6964192316565639,-0.69842690959807,-0.15670030904318835
-0.20456224,-0.16875256,0.50682132,0.05130253021104536,0.6964054934830846,-0.6984744930006503,-0.1565912566780491
-0.2045821599999999,-0.16874104,0.50679288,0.05117434683339979,0.6963917311981765,-0.6985220586918839,-0.15648219216841774
-0.20460208,-0.16872952,0.50676444,0.051046169037765765,0.6963779448032734,-0.6985696066689118,-0.1563731155172744
-0.204622,-0.168718,0.506736,0.050917996828770296,0.6963641342998091,-0.698617136928875,-0.15626402672760045
-0.2046474999999999,-0.1687057,0.50670186,0.05076924981515027,0.6963448255827273,-0.6986693501216236,-0.15616499722407826
-0.204673,-0.1686934,0.5066677199999999,0.05062050919258342,0.6963254847183208,-0.6987215482463786,-0.1560659520749568
-0.2046985,-0.1686811,0.50663358,0.05047177496817053,0.696306111708028,-0.6987737312987918,-0.15596689128264854
-0.204724,-0.1686688,0.50659944,0.05032304714901252,0.6962867065532883,-0.6988258992745148,-0.15586781484956763
-0.2047495,-0.1686565,0.5065653,0.050174325742209425,0.6962672692555429,-0.6988780521691996,-0.15576872277812903
-0.2047749999999999,-0.1686442,0.50653116,0.05002561075486138,0.6962477998162346,-0.6989301899784988,-0.15566961507074878
-0.2048005,-0.1686319,0.50649702,0.049876902194067874,0.6962282982368079,-0.6989823126980657,-0.1555704917298441
-0.204826,-0.1686196,0.50646288,0.049728200066928616,0.6962087645187086,-0.699034420323553,-0.1554713527578338
-0.2048515,-0.1686073,0.50642874,0.049579504380542795,0.6961891986633846,-0.6990865128506152,-0.1553721981571372
-0.204877,-0.168595,0.5063946,0.049430815142009074,0.6961696006722851,-0.6991385902749059,-0.15527302793017528
-0.2049025,-0.1685827,0.50636046,0.04928213235842602,0.6961499705468606,-0.6991906525920798,-0.15517384207936968
-0.204928,-0.1685704,0.50632632,0.04913345603689223,0.6961303082885638,-0.6992426997977921,-0.15507464060714377
-0.2049535,-0.1685581,0.50629218,0.04898478618450551,0.6961106138988485,-0.6992947318876978,-0.15497542351592175
-0.204979,-0.1685458,0.5062580400000001,0.04883612280836364,0.6960908873791708,-0.6993467488574527,-0.15487619080812884
-0.2050045,-0.1685335,0.5062239000000001,0.048687465915563846,0.6960711287309875,-0.6993987507027133,-0.15477694248619156
-0.20503,-0.1685211999999999,0.50618976,0.04853881551320363,0.6960513379557576,-0.6994507374191357,-0.15467767855253783
-0.20505674,-0.16850848,0.50615524,0.04839102970947086,0.696027819707588,-0.6995073715002379,-0.15457367063503002
-0.20508596,-0.16849492,0.50611996,0.04824496988239687,0.6959968785193585,-0.6995733118159093,-0.15446018699741396
-0.20511518,-0.16848136,0.5060846800000001,0.04809892147210327,0.6959659050278415,-0.6996392315531461,-0.1543466827104524
-0.2051444,-0.1684678,0.5060494000000001,0.04795288448605403,0.6959348992360636,-0.699705130706159,-0.15423315777819657
-0.20517362,-0.16845424,0.50601412,0.04780685893171162,0.6959038611470536,-0.6997710092691599,-0.15411961220469864
-0.20520284,-0.16844068,0.50597884,0.04766084481653876,0.6958727907638421,-0.6998368672363622,-0.15400604599401302
-0.20523206,-0.1684271199999999,0.5059435600000001,0.04751484214799618,0.6958416880894615,-0.6999027046019792,-0.15389245915019445
-0.20526128,-0.16841356,0.50590828,0.04736885093354535,0.6958105531269456,-0.6999685213602252,-0.1537788516773007
-0.2052905,-0.1684,0.505873,0.04722287118064585,0.6957793858793307,-0.7000343175053161,-0.15366522357939003
-0.2053197199999999,-0.16838644,0.50583772,0.04707690289675722,0.6957481863496542,-0.7001000930314676,-0.1535515748605228
-0.20534894,-0.16837288,0.50580244,0.04693094608933775,0.6957169545409555,-0.7001658479328968,-0.15343790552476033
-0.2053781599999999,-0.16835932,0.50576716,0.04678500076584562,0.6956856904562762,-0.7002315822038216,-0.15332421557616624
-0.20540738,-0.1683457599999999,0.50573188,0.046639066933737566,0.6956543940986588,-0.700297295838461,-0.153210505018805
-0.2054365999999999,-0.1683322,0.5056966,0.04649314460047028,0.6956230654711485,-0.7003629888310342,-0.1530967738567431
-0.20546582,-0.16831864,0.50566132,0.046347233773499176,0.6955917045767918,-0.7004286611757614,-0.15298302209404818
-0.20549504,-0.16830508,0.50562604,0.04620133446027926,0.6955603114186368,-0.7004943128668647,-0.15286924973478974
-0.20552426,-0.16829152,0.50559076,0.046055446668265033,0.695528885999734,-0.7005599438985652,-0.152755456783039
-0.2055516,-0.16828156,0.50555952,0.045920103654272355,0.6955056877993863,-0.7006148951133696,-0.15264976601477553
-0.205578,-0.1682734,0.5055303,0.04579003462112643,0.6954865931675013,-0.7006645002233979,-0.15254812217905106
-0.2056044,-0.1682652399999999,0.50550108,0.04565997211334984,0.6954674735846468,-0.70071408962941,-0.152446465118822
-0.2056308,-0.16825708,0.50547186,0.045529916135853006,0.695448329052351,-0.7007636633281836,-0.15234479483664418
-0.2056571999999999,-0.16824892,0.50544264,0.04539986669354664,0.6954291595721438,-0.7008132213164976,-0.1522431113350746
-0.2056836,-0.16824076,0.50541342,0.04526982379134061,0.6954099651455554,-0.7008627635911302,-0.1521414146166706
-0.20571,-0.1682325999999999,0.5053842,0.04513978743414452,0.6953907457741179,-0.7009122901488614,-0.15203970468399036
-0.2057363999999999,-0.16822444,0.50535498,0.045009757626868103,0.695371501459363,-0.7009618009864702,-0.15193798153959315
-0.2057628,-0.16821628,0.50532576,0.044879734374420215,0.6953522322028249,-0.7010112961007371,-0.1518362451860384
-0.2057892,-0.16820812,0.50529654,0.044749717681709836,0.6953329380060377,-0.7010607754884427,-0.15173449562588692
-0.2058156,-0.16819996,0.50526732,0.044619707553645215,0.6953136188705371,-0.7011102391463678,-0.1516327328616997
-0.205842,-0.1681918,0.5052381,0.044489703995134855,0.6952942747978595,-0.701159687071294,-0.15153095689603902
-0.2058683999999999,-0.16818364,0.50520888,0.04435970701108626,0.6952749057895423,-0.7012091192600028,-0.1514291677314672
-0.2058948,-0.16817548,0.50517966,0.04422971660640721,0.6952555118471238,-0.701258535709277,-0.15132736537054822
-0.2059212,-0.1681673199999999,0.50515044,0.044099732786004764,0.6952360929721438,-0.7013079364158992,-0.15122554981584613
-0.2059475999999999,-0.16815916,0.50512122,0.043969755554785744,0.6952166491661425,-0.7013573213766521,-0.15112372106992567
-0.205974,-0.168151,0.505092,0.04383978491765692,0.6951971804306613,-0.7014066905883197,-0.15102187913535292
-0.2059958399999999,-0.1681472799999999,0.5050713,0.04372846185088273,0.6951850684048367,-0.7014418886192304,-0.1509464116214949
-0.2060176799999999,-0.16814356,0.5050506,0.0436171418332073,0.6951729384617948,-0.7014770781095213,-0.15087093641793378
-0.20603952,-0.1681398399999999,0.5050298999999999,0.043505824867556206,0.6951607906020514,-0.7015122590576098,-0.15079545352567392
-0.2060613599999999,-0.16813612,0.5050091999999999,0.0433945109568554,0.695148624826122,-0.7015474314619131,-0.15071996294571988
-0.2060832,-0.1681324,0.5049885,0.04328320010403027,0.6951364411345238,-0.7015825953208485,-0.15064446467907666
-0.20610504,-0.16812868,0.5049678,0.04317189231200683,0.6951242395277736,-0.7016177506328338,-0.15056895872674977
-0.2061268799999999,-0.16812496,0.5049471,0.043060587583710494,0.6951120200063889,-0.7016528973962861,-0.15049344508974477
-0.2061487199999999,-0.16812124,0.5049264,0.042949285922066587,0.6950997825708879,-0.7016880356096233,-0.15041792376906765
-0.20617056,-0.16811752,0.5049056999999999,0.04283798733000046,0.6950875272217888,-0.7017231652712633,-0.15034239476572447
-0.2061924,-0.1681137999999999,0.5048849999999999,0.0427266918104377,0.6950752539596108,-0.701758286379624,-0.1502668580807221
-0.20621424,-0.16811008,0.5048642999999999,0.042615399366303396,0.6950629627848733,-0.7017933989331238,-0.15019131371506733
-0.20623608,-0.1681063599999999,0.5048436,0.042504110000522594,0.6950506536980965,-0.7018285029301802,-0.15011576166976714
-0.2062579199999999,-0.16810264,0.5048229,0.042392823716020586,0.6950383266998006,-0.701863598369212,-0.1500402019458295
-0.20627976,-0.1680989199999999,0.5048022,0.04228154051572231,0.6950259817905065,-0.7018986852486375,-0.14996463454426198
-0.2063015999999999,-0.1680952,0.5047815,0.042170260402552735,0.6950136189707359,-0.7019337635668752,-0.1498890594660727
-0.20632344,-0.16809148,0.5047607999999999,0.04205898337943637,0.6950012382410105,-0.7019688333223438,-0.14981347671227
-0.2063443,-0.16808968,0.5047417599999999,0.04195434156300386,0.6949932054879204,-0.7019978194552412,-0.14974424539769968
-0.2063632,-0.16809172,0.50472604,0.041862965044121535,0.6949938905925571,-0.7020146495635712,-0.14968772827079563
-0.2063820999999999,-0.1680937599999999,0.5047103199999999,0.04177158858435331,0.6949945637801519,-0.7020314750920773,-0.1496312089211932
-0.206401,-0.1680958,0.5046946,0.04168021218524965,0.6949952250507054,-0.7020482960404374,-0.1495746873492646
-0.2064199,-0.16809784,0.5046788799999999,0.04158883584836145,0.6949958744042194,-0.7020651124083281,-0.14951816355538278
-0.2064388,-0.1680998799999999,0.50466316,0.04149745957523957,0.6949965118406949,-0.7020819241954273,-0.1494616375399204
-0.2064577,-0.16810192,0.50464744,0.04140608336743495,0.6949971373601339,-0.702098731401412,-0.14940510930325038
-0.2064766,-0.16810396,0.50463172,0.04131470722649807,0.6949977509625382,-0.7021155340259598,-0.14934857884574523
-0.2064955,-0.168106,0.504616,0.04122333115397987,0.69499835264791,-0.7021323320687483,-0.14929204616777797
-0.2065144,-0.16810804,0.5046002799999999,0.04113195515143134,0.6949989424162515,-0.7021491255294544,-0.1492355112697217
-0.2065333,-0.16811008,0.50458456,0.04104057922040294,0.6949995202675652,-0.7021659144077561,-0.14917897415194903
-0.2065522,-0.16811212,0.5045688399999999,0.04094920336244567,0.6950000862018538,-0.7021826987033307,-0.14912243481483312
-0.2065711,-0.1681141599999999,0.50455312,0.04085782757911035,0.6950006402191202,-0.7021994784158561,-0.1490658932587473
-0.20659,-0.1681162,0.5045373999999999,0.040766451871947655,0.6950011823193679,-0.7022162535450096,-0.14900934948406425
-0.2066089,-0.16811824,0.50452168,0.04067507624250846,0.6950017125025993,-0.7022330240904687,-0.14895280349115733
-0.2066278,-0.1681202799999999,0.5045059599999999,0.04058370069234375,0.6950022307688191,-0.7022497900519115,-0.14889625528039985
-0.2066467,-0.16812232,0.50449024,0.04049232522300406,0.6950027371180298,-0.7022665514290153,-0.14883970485216483
