x,y,z,rx,ry,rz,vx,vy,vz,vrx,vry,vrz,ax,ay,az,arx,ary,arz
-0.32455826,-0.45887184,0.5419143,2.8626534849759206,-0.5261253068889393,-1.7491837919096662,0.0,0.0,0.0,0.0,0.0,0.0,0.0,0.0,0.0,0.0,0.0,0.0
-0.3250571760197548,-0.46202151769508526,0.5392635701270675,2.8864423450970276,-0.5025777874440093,-1.7429180450169066,-0.021450193438571494,-0.13541596812612977,-0.11396440738812644,1.022768624530502,1.0123925211711917,0.26938698611616363,-0.00053599678223503,-0.0033837700991698224,-0.0028477391508981123,0.025556911329924343,0.025297633574287527,0.0067314338282197
-0.32533128113907045,-0.4643286399339142,0.5376465538474954,2.903256759471678,-0.47132567444423756,-1.7424667546821855,-0.018719108199627278,-0.13710442497845635,-0.10472930950929948,1.0154714513914884,1.4846918795825563,0.13690340897695166,-0.00039581804357603073,-0.0034672659611656507,-0.0023728454334917544,0.025161798141598805,0.049438793463760455,-5.213618841686061e-05
-0.32538068953915816,-0.46545391052508917,0.5369984935319488,2.9148267827604823,-0.4564700169106667,-1.744918061019095,-0.012304583289612224,-0.10879423850730847,-0.0779296142783279,0.8848923813164942,1.2435652795508088,0.021184165149871204,0.0003782731151095325,-4.739658848285479e-05,0.0008627294148916922,0.009369428674847045,0.020270712194962563,-0.014002435312226606
-0.32555788938839053,-0.46608809055609157,0.5359085994286006,2.931001495217263,-0.460046256472232,-1.746974617902811,-0.011763734837426341,-0.08614331151493249,-0.07390360162903989,0.912429019374327,0.7769621588937681,-0.025304650993731206,0.000522822431699576,0.006077994050120038,0.0019475400873646244,0.016773553578222647,-0.10599767749059333,-0.02651065504567978
-0.3257860915210485,-0.46619330841769674,0.5339260396404205,2.95355688093865,-0.47454887395637124,-1.7545929597747554,-0.012264414371816515,-0.06501539958078514,-0.08574873968714385,1.0288732595022636,0.3413155935373635,-0.1394918632615277,0.0002482506935997868,0.017411700391355787,-0.004454689472932947,0.07938831902291915,-0.33986644294052076,-0.0878213691416303
-0.326053622059776,-0.4658686090218704,0.5311980782322121,2.9802745320965034,-0.4878892294258941,-1.7675378529469055,-0.013115670161058867,-0.045684535306036056,-0.10340535072727411,1.1596568847955444,0.07856845879069502,-0.28462463394736426,-0.0005663434252124329,0.035544198260578384,-0.021198440096863398,0.20267400636575333,-0.5846872176760918,-0.22463795221635968
-0.3263387965691311,-0.46547902071865827,0.5285428600290584,3.0045891645290714,-0.4949505042451704,-1.7789767027694443,-0.013925124908247034,-0.031304946690306895,-0.11493280367369617,1.222690306894011,-0.030900083200376335,-0.36853583995704486,-0.001772363499700336,0.05632831844966017,-0.03804341462602878,0.2926044389398249,-0.7350203323354166,-0.3454897081515176
-0.32664185971090653,-0.46564968737120443,0.526933733542014,3.019763682377215,-0.4955748931383818,-1.7824657546864062,-0.014736768804258829,-0.02657060153346011,-0.11212023615037613,1.1695789976775661,-0.04323115573303474,-0.34442589188457057,-0.0034636884463783084,0.06453628963204625,-0.03058998371722515,0.1672035049199865,-0.7351949213489233,-0.2808990056805203
-0.32682457540594984,-0.4667890013070692,0.526816936608073,3.021792812140978,-0.48929462757187225,-1.774396187843674,-0.014130244813556327,-0.03288848701178185,-0.09422455722420407,0.9890877155787899,0.018959400015441302,-0.20395924452450973,-0.0015753636561094547,0.04351819970959621,0.021732896282523645,-0.35381613215935837,-0.5235673258314764,0.1317261337229148
-0.32669888924260454,-0.46858276014948597,0.5278828345891856,3.0119976220213007,-0.4734015430860586,-1.7579926538816464,-0.01047473595615811,-0.044914175377486765,-0.06703636623304238,0.7159705659402447,0.16966185439934095,-0.00021352142670350016,0.011186492265851512,-0.000679711475113462,0.11471798602879113,-1.2800637192421558,0.02904930451439114,0.8303464388252524
-0.32620860572007954,-0.4707366569764408,0.5296976712202311,2.992521306857184,-0.44620744277418367,-1.736536894389085,-0.0036015672595123387,-0.05909146837245022,-0.0357268155939945,0.37979688858006533,0.41573978796279987,0.22879152090263088,0.037745514078614845,-0.05694552738594754,0.23148229562265926,-2.5305743443234707,1.0045236083049718,1.6849643446645919
-0.3253805902320797,-0.4733443857611742,0.5316559357660903,2.9678655171255905,-0.4068387146147084,-1.711195795027697,0.005926528082060583,-0.0763200855411636,-0.006450333390255407,0.02881376069003727,0.7580821973567156,0.4715259686075125,0.07631153770884691,-0.1274968595449541,0.3416393841487955,-3.868865069939906,2.415592931706509,2.6152104022995077
-0.3243471483668125,-0.476416376774451,0.5332821712771474,2.9406622040485066,-0.35032514968203426,-1.68580776820107,0.01655167936198552,-0.0964850576952108,0.016312077050778435,-0.31043764574854077,1.2390823579080135,0.6888652126097722,0.11892943584231644,-0.20969550148871258,0.41941095272318785,-5.120844928181612,4.423808183349041,3.406906203171907
-0.323198606185171,-0.48002084506242726,0.5345475772258208,2.9124734367362395,-0.27933362034591497,-1.6630266147331123,0.02723243368504078,-0.11996729949243341,0.032804750732287856,-0.6223889503791775,1.8180249665810764,0.8556479106887191,0.15948565417037844,-0.3028840900983869,0.46371523565092737,-6.177359759302908,6.779303809711873,3.9197730049156285
-0.3219435631184216,-0.48427772877824066,0.5356838680993843,2.8856086666922036,-0.20492792100188795,-1.6402522472878638,0.037811329462119396,-0.14754043125311547,0.045872789352787144,-0.8843027767492543,2.369887737038436,1.002005205856599,0.19654969639716224,-0.40828629009509876,0.48870028920136854,-6.921175862650379,8.832941719010169,4.298928542382035
-0.32049686494293783,-0.48911959441356534,0.536963669653208,2.8604922200063045,-0.13413495635869793,-1.6148387768461374,0.04908394046236478,-0.17791524602171363,0.05855093149515695,-1.0950726059053326,2.8217718101774407,1.155893603141054,0.2336003834173393,-0.5174909947814033,0.5097032172393577,-7.363261354914911,10.244530991478296,4.679960933627611
-0.3189440437225381,-0.4942565403913828,0.5378942803620167,2.8407727003291545,-0.06430583804269545,-1.587351717933377,0.060037573713986686,-0.20764944965431356,0.06587953939848974,-1.2222735659891628,3.207413126118067,1.3100155613818203,0.26568965513517495,-0.6134337179286832,0.504401682194271,-7.383622821645404,11.221254782829511,5.025940755219784
-0.31728637070027566,-0.4990201990194794,0.5382909746462343,2.8250530959524864,0.007315593186496114,-1.5626412504311253,0.07062556449202366,-0.22996796967429778,0.06662446971615506,-1.288943750668854,3.559379810207232,1.4154232708142767,0.2929815193220127,-0.6670204017869149,0.4704553171444159,-7.133779303691913,11.95206678323056,5.121828362812196
-0.3158490375756218,-0.502786551410763,0.5380826574520665,2.813764671399002,0.07254218895450579,-1.5443724586878222,0.07765570049474818,-0.2395291410609795,0.060929690437994295,-1.298456737681141,3.8000818055206382,1.4417867420413815,0.30221672936861244,-0.6603284012240983,0.4122351959757755,-6.663296770684405,12.130571491084247,4.868054540260632
-0.314921370454277,-0.5049079268896973,0.5376983464705902,2.810231603265896,0.11591759135618432,-1.536987924953197,0.07876984344186029,-0.2316921286759737,0.05381057133322144,-1.2267665459063346,3.7944461121598487,1.3566130311003335,0.2858797196191271,-0.5818564746119628,0.3539732885724697,-5.902231418002264,11.265112485013997,4.175443932209577
-0.3144470135962364,-0.5057626956797192,0.5376987703268311,2.8128879322548648,0.13260767902421852,-1.5362968416407672,0.07527485317616457,-0.21234972682503916,0.05081652388509966,-1.1001386297668576,3.529653224892625,1.2145905238009278,0.25262604622966534,-0.46494029345789345,0.3181673084360306,-4.99637916243339,9.443150102371458,3.323481000797866
-0.3143920086507846,-0.5061496155862758,0.537956514446557,2.8198442388401754,0.13190209142072057,-1.5355294738654302,0.0681281813975822,-0.1905086838288763,0.05029306382277195,-0.9443791410448412,3.127356258167709,1.0865867224856196,0.20845971079129977,-0.3498683733620982,0.2955097713958629,-4.066812372237535,7.266615110292401,2.6102806612735043
-0.31451946746855675,-0.5064525967070297,0.538269272531158,2.826456762436921,0.13179080802796755,-1.5342774588171675,0.05999360924723693,-0.17009377988116078,0.050127609224757404,-0.8062260966857004,2.77002135638656,0.975349016946635,0.16486484886858452,-0.25130670281927314,0.27639299441005355,-3.2934719945568816,5.4699117863379305,2.0291771592374914
-0.3146114820441047,-0.5069275526760686,0.5382518761147063,2.8316720839565357,0.14441957861620336,-1.5328125056051276,0.052962152579599416,-0.15327438146186967,0.04691606154421951,-0.693483529514528,2.5603209451724336,0.8769492580391894,0.12939933147695465,-0.1751191085653113,0.24803967733680485,-2.6855269929631067,4.3787847090803655,1.549666905977993
-0.314501000070591,-0.5079344650371785,0.5377954466726684,2.8356606610698853,0.17130470088054128,-1.5286779286668075,0.04835480721879124,-0.14273695754794205,0.04015484872271316,-0.6019712953512538,2.492960002283258,0.8112158672537852,0.10570093612665216,-0.12797431840972134,0.20986716112930273,-2.2080870133790813,3.8870862061891924,1.2288726153469234
-0.314142703418425,-0.5085286158852492,0.5373734370046225,2.84033180718106,0.19424504788105998,-1.529173910814437,0.04625544973917354,-0.12981504454765885,0.034295176039620553,-0.5134057839845578,2.3978163506170493,0.7132100069301807,0.09262513968229225,-0.07698967372367893,0.17817719334961574,-1.7835192861817943,3.345472644818042,0.8276043256774103
-0.3135700916788603,-0.5080499675562447,0.5372454240993068,2.8481515572669993,0.1991939468552598,-1.5387044504467884,0.0460782140386232,-0.10947817931064323,0.03136173521293207,-0.4076519229427267,2.1644350731678204,0.5515256981626513,0.08698766501563561,-0.006168523623618832,0.15884042011905103,-1.3397274373177637,2.398333772495527,0.2527884920360831
-0.3128080367465686,-0.5067493592967113,0.5373862145929365,2.860182584625975,0.18327265802898057,-1.5533504067531847,0.047384860565669935,-0.08471591322454528,0.030795919507008346,-0.27876444396015565,1.7881868494028312,0.36585122310203433,0.08653375486629332,0.07267657728054551,0.14865176739243927,-0.8602331214988758,1.078533052572975,-0.3493294747647191
-0.31192782993318036,-0.5053041929051997,0.5376386656703085,2.875384711169729,0.15564181827714701,-1.5657758956047994,0.04943626854552943,-0.06139446242400731,0.03108759454894735,-0.13803030179746983,1.3589601389424164,0.21655396601536572,0.0884051776099695,0.14059996539289146,0.14193673049049438,-0.38384736423359556,-0.2952911451634239,-0.7900910273307321
-0.3110026386880244,-0.5043115939120687,0.5380427286610138,2.8894541014620567,0.12956574814504168,-1.5712546631217008,0.05158467094447544,-0.04390668117270547,0.0324383458587354,-0.01983782053556929,0.9847084811289014,0.13527475526178734,0.09041587163733225,0.18571349035112233,0.13891357973128488,-0.012708643048766843,-1.39548204594664,-0.9929857392754203
-0.30999630501209846,-0.5041381859600395,0.5386556956551518,2.898884189185138,0.11825616767359363,-1.5697670933460355,0.05408537630158728,-0.03429121200333539,0.03514679467492032,0.052334179632536795,0.7573476075283184,0.11406057736289443,0.09328906259927425,0.20456476237417426,0.14005046106561245,0.19656678283556744,-1.9855823479104115,-1.0064714558267944
-0.3088638857564685,-0.5050881478220676,0.5391591205518065,2.904625218610401,0.12817995412956598,-1.5613898685365308,0.057221191524954605,-0.033831880632742825,0.03674277356250726,0.09071579857961636,0.70668620943846,0.1452584799809929,0.09772962158299611,0.1962788479012912,0.1379770862060846,0.2951678674560817,-2.0349267229268677,-0.8717309585404197
-0.3075836768607685,-0.5070419881884518,0.5393468479966672,2.9094062096458626,0.15688971928475925,-1.5494360786692989,0.061070565316751785,-0.04061665273435813,0.0358932718891198,0.11854019248477782,0.7949157774917854,0.19922936950209083,0.10379429816489757,0.168814030841548,0.12937632478031186,0.35772497789137137,-1.701328703684128,-0.6846469626436396
-0.3063224617181167,-0.5090195351385924,0.5392780125164839,2.9170231759603986,0.18793508039317655,-1.5420095942571317,0.06439127902327872,-0.047002688141538185,0.03328992950428655,0.16335325978014623,0.8918554908503717,0.21700807037902395,0.10802314039401689,0.14435875409637622,0.11672385552221176,0.46100243629783605,-1.3682568606453673,-0.6070526435014291
-0.30527710434455063,-0.510168171393988,0.5392513543274225,2.9290254193685126,0.20510614850150752,-1.5441094284685812,0.0659000389520504,-0.04722000297749424,0.03116598954233829,0.23377966554859758,0.8860504965710533,0.1685439560176386,0.10726787294914171,0.13756481135398485,0.10618487453339773,0.6234975871341149,-1.3242312281414792,-0.7063645757381795
-0.30449968149398365,-0.5103906110944764,0.539881963550838,2.9415203716502454,0.20636341993826357,-1.5541641464295808,0.06544598736798972,-0.04128582778045154,0.033579487744971666,0.300997223335175,0.7750140632739435,0.0715480963786058,0.10160589736266998,0.14676153873247372,0.10781071895397529,0.7670161599441012,-1.5489219729829642,-0.9216025805265924
-0.3039057557840858,-0.5098800794320503,0.5417561266766866,2.947773582457502,0.20286886298683138,-1.5684859902143775,0.0637922973989966,-0.031121415908537016,0.043889233426192414,0.3211835654840648,0.6431006410195702,-0.04460377820647382,0.09335438654368595,0.16578933491707168,0.12879719570446985,0.785265806173496,-1.8104808178843466,-1.1700802249534865
-0.30341703903080997,-0.5090104134290532,0.5450108672742695,2.944118807479096,0.20336288326363633,-1.584920400096056,0.06156948100502799,-0.01957595098989743,0.06215129049114925,0.27562804873307445,0.5487767702736288,-0.16399020882822796,0.08425276202647293,0.18694285303365288,0.1676136593879456,0.6440146110380973,-1.964993829243919,-1.4106685548282942
-0.3030253561211655,-0.5082805551105308,0.54927047777462,2.9321503482102673,0.2115707561148653,-1.6012468182941437,0.05888951697296645,-0.009949086097785168,0.08517353802005924,0.1811141080484728,0.5118206220057303,-0.27217945110002195,0.0746322397964143,0.20228025734147378,0.21526353873465745,0.3960977973389618,-1.9749019049703687,-1.6101328762413096
-0.30281601747229736,-0.5081310818402969,0.5539023999001252,2.917385294571709,0.22569001346367934,-1.6146658261979716,0.055270109731100546,-0.004792848051443172,0.10853997327682852,0.0768503723706975,0.51534483604494,-0.3528301686172453,0.0634185630317885,0.20639585525753143,0.2608690049916675,0.14046601999564695,-1.890880812244085,-1.7342191259833666
-0.30285250786490775,-0.5083936480208437,0.5583528340770758,2.90635772496414,0.23762399973580345,-1.6242199057292594,0.05041694256617394,-0.002645374537034586,0.12881913729438021,0.0038037345303927883,0.5058909263471477,-0.40272556147313243,0.050066696790005194,0.20347600749981026,0.296860217051184,-0.029845757514518678,-1.8410423487327188,-1.7816424970491476
-0.30312755870091956,-0.5088713058251857,0.5625251433945146,2.900314491415449,0.246198380501459,-1.629452957771076,0.04449393883800778,-0.0020348443446096174,0.1457133135199056,-0.03343761547624895,0.47760670750952605,-0.4220241560028337,0.035095829070757034,0.19731539248169794,0.32332724162889287,-0.11125050107832835,-1.8357256391120327,-1.7586117837242916
-0.30359775599067496,-0.5093177267554668,0.5665638528106888,2.897254691799815,0.253511160096083,-1.6321770842711987,0.037861248791965105,-0.0013560019248556351,0.16038782875489502,-0.05004607695502816,0.4446835693611488,-0.4243188732649765,0.019400580486627916,0.1916403040126252,0.3435197422817036,-0.14333478601731525,-1.8407874181224,-1.6998646303070588
-0.30418510351221306,-0.5095408226789498,0.5706064671365304,2.895725447423536,0.26048586719571243,-1.6339127791092896,0.031042826564283203,0.0005096645881486625,0.17384395621310178,-0.05638431442517704,0.41294502268659933,-0.4200581636101994,0.00414343657475834,0.1888025388647943,0.3600352535252245,-0.15177183320050044,-1.8430492676525454,-1.6302379252081964
-0.30486756333317394,-0.5095619888367778,0.5747029351470379,2.895548936047579,0.26528705875143455,-1.633928503243874,0.024185468620326514,0.0033339270739392883,0.18647465784483125,-0.05438838507482888,0.3716958380970915,-0.4056173775004953,-0.010406015353986213,0.18812521594468987,0.37396230278809417,-0.14226576704204255,-1.8651718825088388,-1.542830036785467
-0.30566118511460466,-0.5092182954473998,0.5788530591267371,2.8966739834593866,0.26617600331860286,-1.6342110101906426,0.017204033637059794,0.007961642837039585,0.19834776107739074,-0.04507580963836138,0.31186332814121476,-0.3932145724680065,-0.02447937817576752,0.19121005902213098,0.38562201986772726,-0.11811351745352966,-1.924595677237971,-1.4640360914188852
-0.3066134025028397,-0.5082544924199981,0.5829925311004067,2.89980547615931,0.2615884134971897,-1.6367130557050227,0.009844925861376596,0.015674825741957204,0.20916367564457114,-0.025107985529688483,0.22623914917380566,-0.3936776040016015,-0.03863193749924623,0.2004257586583462,0.3945578336596336,-0.07345078093503268,-2.0336191967490236,-1.4152989138095866
-0.30771849003316715,-0.5064084107675644,0.5870340238738097,2.9056112513583283,0.25151946670922193,-1.6431318416728162,0.002174092340087869,0.027672429558833735,0.21852323846385102,0.008332410035414767,0.11696539984973621,-0.415380594360401,-0.052734692835689004,0.21780025300119335,0.40014437043804346,-0.00388079986076878,-2.1849030886704033,-1.4115151658570024
-0.30897256855378696,-0.5036750160495571,0.5910147741570843,2.9138492335742776,0.23399926055099995,-1.6537987574469597,-0.005759112774514179,0.043629339031561076,0.2267490014581267,0.05280224045353132,-0.02483152252654057,-0.4584131525015403,-0.06670127094259412,0.24220591225416063,0.4032264132268131,0.08429170277715071,-2.393545402306023,-1.4501370776898865
-0.31023784591776693,-0.4999155740040425,0.594962516659188,2.923662275494849,0.2111751382022663,-1.6695777138843464,-0.013181569254648386,0.06397930015666652,0.23408194575042393,0.10274061999111717,-0.18483143156921267,-0.5257626520866095,-0.0790367125242681,0.2740927531535233,0.4044236537910803,0.1791584945859006,-2.6283153581741505,-1.5345406047459558
-0.3114958968509455,-0.4954864796703236,0.5988132979370714,2.9342973619406583,0.18626879042198224,-1.6877319829356652,-0.020031865173282565,0.086452895423038,0.240247407922442,0.15364652148782457,-0.3442149330684777,-0.600769269657177,-0.08972224389178488,0.3086721725940397,0.403313327522417,0.2717029136298085,-2.8515235796486467,-1.630003140422535
-0.3126838932543226,-0.4905863437954493,0.6024507687271905,2.94610532619273,0.16198562801271355,-1.7061637626280157,-0.026016921127967427,0.10982128981709563,0.24471467569556832,0.20730046885647818,-0.48855812760154327,-0.671637240207416,-0.0982951310614963,0.34346995289361465,0.39900821243195944,0.36550635619453514,-3.0363935755075993,-1.7134490570143714
-0.31386803726510326,-0.4855223598099761,0.6057472677693542,2.960507516896561,0.13506750628654596,-1.7221390587192658,-0.03155038094279839,0.1323869264397688,0.24693771622736987,0.2709918632523996,-0.6361846351581123,-0.7242114234315893,-0.10565421638251589,0.37528734976799505,0.3906442475817282,0.474327392566182,-3.2196901138816068,-1.7588230019744433
-0.3151273827033862,-0.4805991636106363,0.6086697707133056,2.9783425114441426,0.10006866711528918,-1.734144166797631,-0.03707864059985598,0.15260686210707902,0.24691099531895816,0.3483533759141556,-0.8153593215061601,-0.7519037844360427,-0.11270124222016485,0.4014098470631507,0.37841560834168025,0.6042483810437762,-3.454468733657856,-1.7557901759495538
-0.3163972527097646,-0.47558749687071744,0.6112454673725444,2.9986774883394403,0.06112847043121172,-1.74385828703251,-0.042264557280914744,0.17183850671890472,0.24494150332638193,0.43351896742353124,-1.0022289037061973,-0.765251566906178,-0.11883089676387158,0.4246520199766889,0.3630775502149173,0.743415840769319,-3.6940815249322143,-1.72629539821478
-0.31769647546835766,-0.47052987826069903,0.6132977398401086,3.0222685507307787,0.020469730953698285,-1.751922798631506,-0.04722854343688218,0.18992867681863945,0.2402595203967824,0.5298067115096647,-1.1847324244677426,-0.7685923733610822,-0.1243121493880439,0.4448845069367035,0.3433583070934109,0.8975528343782665,-3.9162650000133965,-1.6795737980815033
-0.31900045338101135,-0.46558585779634615,0.6146020708215915,3.051052344960564,-0.023223015682554027,-1.7580385040965412,-0.051859126949635743,0.20613634257733945,0.23190898244946215,0.6463268866971081,-1.3698712268220101,-0.7611040639489558,-0.12897519373041902,0.46090888038833766,0.31771111227277443,1.0826392488679137,-4.1347139596011395,-1.6149122477561269
-0.32008546506058655,-0.46059678332067683,0.6148512949864325,3.0867759826802894,-0.06764574678093291,-1.7630070862076308,-0.055040276056442884,0.22139517198507785,0.21858507957351309,0.7905370882832797,-1.5457003349805625,-0.7476236507614197,-0.1308410625130921,0.47461402636585676,0.2840332946823928,1.3108460614856416,-4.328103573568558,-1.5418454989677497
-0.320988994768753,-0.4554123113390765,0.6145019005237395,1.004129928071373,-0.11056573979270465,-1.7679198207965943,-0.057059309613982465,0.23652665417052435,0.20293896955601726,-9.78218721763849,-1.7015262726415026,-0.7340878451868209,-0.1305507020331804,0.48758497934202166,0.2474263281294776,-17.71933874761621,-4.478430827576544,-1.471373973882244
-0.32151559623120535,-0.450056715465985,0.6135264035683856,-0.4796218648997945,-0.1528046233742018,-1.7729343160529443,-0.057011789072004763,0.25141464844008204,0.18499495365416777,-16.700865344340308,-1.8427800081484031,-0.721306742043016,-0.1265827256887806,0.4996521722663528,0.20804258401831519,-29.53985062238507,-4.597313520937721,-1.404798597387416
-0.32173645768840026,-0.4448637657081821,0.6120597579341104,-1.5289447702245833,-0.19267822607148566,-1.776516750654077,-0.055389873625729,0.26440504304821455,0.16558647989055908,-21.024527004644977,-1.9619786496665197,-0.7015819038731601,-0.1199625739674475,0.5079243885440085,0.16745932720287027,-36.336882486154366,-4.672847463809582,-1.3282686965789852
-0.3214891296109938,-0.43967080638190287,0.6099468383086003,-2.261832331006809,-0.22761330746647987,-1.7805026650571123,-0.05148948955825102,0.2764270589028904,0.14404621613543042,-23.50585291787322,-2.0477434723550427,-0.6845010978041044,-0.1095533876430253,0.514199458686589,0.1245307117465646,-39.64627582270571,-4.686757580491582,-1.259073699150814
-0.32075328386482055,-0.4342160243751895,0.6075222271673181,-2.7669533006673257,-0.2555349692688416,-1.7854523219040987,-0.04535764584291092,0.28883566374045355,0.12217426024686964,-24.69995358784344,-2.0919410274251966,-0.6726820882613737,-0.09558409247984714,0.520937901228915,0.08249245486981738,-40.58250168229692,-4.627221829450039,-1.201489115815377
-0.31987416881751185,-0.4288695462748349,0.6053319155564043,-3.112031763031367,-0.274665451082859,-1.7881868591242536,-0.0388371835020499,0.29978315242010023,0.10268877900821251,-25.020827513591005,-2.0884460784029826,-0.6501607843425755,-0.08140735079073384,0.5248958598429377,0.046043233474253986,-39.961335931207266,-4.486362993764629,-1.127148434511896
-0.31896811100093553,-0.4240600923827952,0.603297577933044,-3.3400891637118555,-0.29057772223627676,-1.7884146378119121,-0.032525727015796535,0.3072579873199816,0.08506683299107003,-24.73358645110834,-2.067561101480845,-0.6161891330574969,-0.06806562925419035,0.5226802630033971,0.014048253913504297,-38.30278527607652,-4.319931404992569,-1.0353575150120118
-0.31765249949234065,-0.41964657921020404,0.600820295270188,-3.4764759615490366,-0.3096657577154279,-1.7894550970149268,-0.024546245158408676,0.3121617871882635,0.06627902041637915,-23.99958185996318,-2.061601456814034,-0.5876932023440551,-0.05227035784190379,0.5160814376638004,-0.018918595422794317,-35.92431263657682,-4.184821905084117,-0.9560651380364582
-0.31584474133120194,-0.4152312063475938,0.5979696600134733,-3.545516979665747,-0.3315984822516,-1.792368163684357,-0.014601943266967671,0.3165859862631637,0.04674270027721142,-22.96470196427772,-2.06809055145693,-0.5695169470142254,-0.033592739382766225,0.5088677581060983,-0.052112025305927206,-33.10316023492007,-4.075579577213413,-0.8971582302904267
-0.3139622399475397,-0.41047570291867835,0.5951548968151928,-3.5708609177989654,-0.35005662465114185,-1.7968577422241887,-0.004837718474401937,0.32220032125976533,0.028494417241682102,-21.76225314778485,-2.0556927273873438,-0.5596253611521743,-0.01582145398328754,0.5039330324530912,-0.08202847046643397,-30.083641683360383,-3.937314461852422,-0.8543928932337099
-0.3121914766696816,-0.4053746286641634,0.5924038542889125,-3.568377482583676,-0.3594491030071479,-1.802269990859661,0.0038514548340258404,0.328962207784724,0.011600919505709288,-20.479604179875555,-1.9985553796615785,-0.5543833465765771,-0.00045595975982195246,0.501123509966312,-0.10867582448756781,-27.021749789147695,-3.726626956018613,-0.8209567821210902
-0.31071256258638474,-0.4001573931610947,0.5898400598243173,-3.549027414754788,-0.36276929651444995,-1.8083439793941718,0.010656644778831577,0.3357007714353787,-0.003414459355093184,-19.17508450317916,-1.9137635382774105,-0.5522725629481652,0.011205311501192049,0.4983617334966731,-0.1312769592023708,-24.017964374811626,-3.4751781894097933,-0.7939236426508705
-0.30935306873767937,-0.3949008534671205,0.5873268157942572,-3.5172857336573866,-0.3641287156591073,-1.8160153564644013,0.016511237930206882,0.34204910416970363,-0.01730999275369569,-17.872323236153818,-1.8227308809646272,-0.5576129864963597,0.020883284018993385,0.4950189192272507,-0.15126794655381637,-21.10994644816969,-3.220838489485213,-0.7804484783776822
-0.30770552267977613,-0.3894469860793366,0.5848496199279589,-3.477718340033129,-0.36205690665507045,-1.8228264605375448,0.023418254022194558,0.34878737053708697,-0.03021316624716447,-16.593961640347857,-1.7188479938019514,-0.5582117385836453,0.03205833059032395,0.4924427159923867,-0.16895669114473336,-18.332449633639687,-2.952384434878779,-0.7593067083873968
-0.3060157293757406,-0.38400844142617063,0.5827811489946194,-3.4367664339415027,-0.3567838525388228,-1.8239314143295355,0.030140185460888595,0.35487824413062685,-0.04039409881057656,-15.370250643419173,-1.6040244711725788,-0.5311905494481648,0.04257986379687282,0.4888437787001187,-0.18148022822633667,-15.732086580986707,-2.673465448192116,-0.6918405230243063
-0.30462518449201476,-0.37888924714966393,0.5812757364598635,-3.3968202536065486,-0.35063955714140993,-1.8203209139673744,0.035056059970514614,0.35890980263770694,-0.0472658898353519,-14.210340858082454,-1.4900708209214533,-0.482844385716959,0.049719442494795284,0.4818575970486496,-0.18801029192265892,-13.318209299721438,-2.404409780611055,-0.5902061791474815
-0.3032298935163697,-0.3737698527080178,0.5798101635490505,-3.3533948647282754,-0.3459871486710313,-1.8189687808930715,0.039710382580478695,0.3625192448311443,-0.053499896732646796,-13.090126732360478,-1.3882687694679534,-0.44757197901258183,0.05620271263323434,0.4743645488382835,-0.193264644042528,-11.043639327489828,-2.163976432188486,-0.5137606571074527
-0.301452053676417,-0.36813796602953347,0.5779700766309289,-3.3049978028998286,-0.3415463565295561,-1.8231906181609532,0.04590948352869302,0.3681650519211116,-0.061097202365274106,-12.001084870311399,-1.2919476218186712,-0.4404212412772939,0.065107999304414,0.4705396053250596,-0.2006703235576659,-8.88922947157593,-1.939943597599316,-0.4871696038005571
-0.29967199031187713,-0.36225934555979905,0.5759789089592552,-3.255445634572079,-0.33835229875396483,-1.83035673615727,0.051762777592687124,0.3744771091913424,-0.06892140540417177,-10.960330790921956,-1.2057899363677693,-0.44739404637826813,0.07316660096253348,0.4679533183105687,-0.20824139777926196,-6.879872882368819,-1.7396851758189391,-0.4852316019796034
-0.29823882214319647,-0.35661149151613186,0.5739857475460208,-3.208515850448096,-0.3328569724213573,-1.8364781580075904,0.055633978531829956,0.379160136715867,-0.07625192817828055,-9.98381196154243,-1.112520052309013,-0.44884329872846873,0.0776431847479304,0.4626926920795591,-0.2147574025012939,-5.0377837588764764,-1.5332832431593426,-0.47402571376573416
-0.2968495742379257,-0.3510319489754325,0.5717432369997643,-3.163335578596844,-0.3219522521722068,-1.8431860060435743,0.059060490764508915,0.38307181882027824,-0.08428212474765852,-9.0645826132374,-0.997907035476029,-0.4527800915870815,0.08123945681850286,0.456284437878794,-0.22226360528489067,-3.345956347823896,-1.2968982606304698,-0.4673412657391221
-0.294966060665113,-0.3452098255673964,0.5692529760709564,-3.119795297500064,-0.30618291376634554,-1.8497127231178232,0.06460489063678074,0.387723179457326,-0.09296414350682672,-8.199658113020607,-0.865754160486649,-0.45545066918650645,0.08829998081736869,0.45130821462731147,-0.23065052975481723,-1.7946621761991641,-1.0378110005824015,-0.4587170732590551
-0.29289248008820223,-0.3394736324100515,0.5670300800625361,-3.079541202315266,-0.2930278026166138,-1.853750713106927,0.07071753231189408,0.3915280230296053,-0.09983197304104559,-7.394467033027024,-0.7523468238719573,-0.4460484962542097,0.09611344462136541,0.445050406644033,-0.23574110010126367,-0.38869905493918155,-0.8177597486344449,-0.43001627599049397
-0.2907378069376974,-0.3340151794819835,0.5650447499855327,-3.0411963176049985,-0.28423858477770864,-1.8560424378897449,0.07685220572967359,0.39363054708613954,-0.1051204141142458,-6.639877457031259,-0.665018778752265,-0.42872160208717663,0.1037393926225678,0.4361084862452677,-0.2380281912455766,0.8917206340493684,-0.6479091862254076,-0.3888078829620626
-0.2885992812442597,-0.32897627234301663,0.5631128181960986,-3.0027592946656716,-0.2796854365495971,-1.8586283262403416,0.08254747502557187,0.39345715010127724,-0.10977834353178993,-5.924286803359536,-0.601845124558588,-0.4135019058269248,0.11040813022454005,0.4235960319361213,-0.2391896617521834,2.06989669215388,-0.5235354990419856,-0.3523226933733184
-0.2864595252948906,-0.3242048987940359,0.5611607071307384,-2.9652043134969643,-0.27479384152291675,-1.8611157098379147,0.08790555293976976,0.3918467427972904,-0.11418424474867606,-5.250674745936951,-0.5401063450890519,-0.3984473688844779,0.11631984578957379,0.40902598363343357,-0.23989445271794005,3.143893487898259,-0.40512386208802303,-0.31715668293166954
-0.2840605808992068,-0.31925379559270933,0.559166669186581,-2.9312624750333742,-0.26434633888229286,-1.8613752641171086,0.09415295153789127,0.3909802773557184,-0.11845315489171593,-4.630084549323003,-0.4552766936246042,-0.37356554930813396,0.12355701519625804,0.39612027715445325,-0.24034908256783205,4.09825759503772,-0.2512985586759221,-0.2664853731262795
-0.2816975126714291,-0.3142232822134967,0.5575618816617198,-2.90357229453071,-0.25248267664067625,-1.8588281095684758,0.09985610063229045,0.39035339231312666,-0.120569164638366,-4.072505940599526,-0.3680436279597054,-0.33667345511462776,0.1296749121778368,0.3839832753502743,-0.23717617389542672,4.919728599220529,-0.09780591389471394,-0.19708813581486823
-0.27959669128336534,-0.3092663782229237,0.5566109041119105,-2.880825005375323,-0.24536666715180303,-1.8569525281733892,0.10397956728122029,0.3892411065980541,-0.11940514958702073,-3.568856611649772,-0.30749085705468776,-0.30473016653533963,0.13296821523040653,0.3713754437698015,-0.2285881014627785,5.6274144114931675,0.006559157717083625,-0.137962813119027
-0.2775968652144386,-0.30452352275390365,0.5561385307101775,-2.8599171579510836,-0.24309993174980563,-1.8571015203690109,0.1073593509383403,0.38701568610662546,-0.11595538758941926,-3.102089146322472,-0.2727546177138877,-0.28384237051017813,0.13492062674125102,0.3572564124051469,-0.21640772466674438,6.25321002860399,0.06465754372615876,-0.09905847181166563
-0.27574579133831983,-0.3002625821664425,0.5559184180096863,-2.8410404463293806,-0.24363532302840213,-1.8552665656763099,0.10980943386347769,0.3824861072927368,-0.11140275580012177,-2.6714528055365103,-0.2529397565725706,-0.254685166345419,0.13525846344095968,0.3396708718958855,-0.20272115862971116,6.800738232040892,0.09608725117086636,-0.047381048650390306
-0.2740144122905629,-0.2964350578535853,0.5556136201749531,-2.8253356985960068,-0.24245740968165885,-1.848273101235774,0.11151353508716882,0.3760052541625302,-0.1073866232171415,-2.2806527811345885,-0.22615852152354682,-0.2028485648543656,0.13433576059945207,0.3193085359911871,-0.1903199600000191,7.266032537557421,0.138314042997146,0.04087385794366821
-0.2720783836585465,-0.292235107257011,0.5549940948654345,-2.812449915037924,-0.23695753990647406,-1.8404277095698323,0.11402757761377841,0.3714514244060773,-0.10496071717431811,-1.9261863629264893,-0.18058338477280003,-0.14967947892224914,0.13479703952484504,0.30275017281889005,-0.18093402020051974,7.657314260883687,0.21086416212021325,0.12887960541801746
-0.27005996243445934,-0.28749831092317396,0.5544365213527744,-2.803457223125714,-0.22941754257622818,-1.8327214531113643,0.1167382251786191,0.3695016793279976,-0.10228623671093034,-1.61137955859882,-0.12787702420945574,-0.0999172489321748,0.1355749463202397,0.2910226823189277,-0.1713951448980035,7.971113650055682,0.29333024955966436,0.20870077877157167
-0.2683636902280023,-0.2827095660905627,0.5542814414798999,-2.796221192196033,-0.22590191322644107,-1.8267584002437331,0.11774425108050054,0.3677614722123029,-0.09778821972517518,-1.3243528043317125,-0.09678463515749045,-0.06091911473569215,0.1334737545166195,0.2799756468634411,-0.1590674751598193,8.229539132160488,0.3372522316532466,0.26823849005706274
-0.26700013661578326,-0.2783830795632124,0.5543769671933431,-2.7886434623012315,-0.227806329385471,-1.8233146950463788,0.11708410257372937,0.3638222348579104,-0.09227461971137979,-1.0539952433419213,-0.09274388798184847,-0.03578802612050752,0.12863899829561964,0.26555289031631796,-0.1453834520709041,8.452779041803801,0.33460395562548567,0.30286525938442904
-0.2656867779930236,-0.27462619250207965,0.554312436251791,-2.7818539941776286,-0.22837320065567865,-1.817899066248799,0.11616433752571236,0.3573007168986222,-0.08772121703789142,-0.8048323905702828,-0.0828119814833677,-0.002854305344368157,0.12350465914292094,0.2472068464458697,-0.13369205034113177,8.634243907695465,0.341902511942731,0.3495975601078999
-0.2639389038547653,-0.27099010710657917,0.5538328304459067,-2.7765969352333166,-0.22269115138532022,-1.8081398211642317,0.11726381948529188,0.3504318230968154,-0.08527513445904894,-0.5793406860804775,-0.044356812222245294,0.048540415989089924,0.12189777447997274,0.22879248230723542,-0.1258593180640606,8.770960935549464,0.3967933209088668,0.4259563640574159
-0.26196207420770423,-0.26748387395820833,0.553176454624216,-2.7728520749631187,-0.21522532692603255,-1.7941943526243025,0.11932113723807548,0.34319893704202314,-0.08372033095231413,-0.3762843054839052,0.00030492687776927097,0.11669149824265082,0.12194081771226879,0.21028359499545768,-0.11973924087534099,8.86625877247219,0.4605475954206721,0.5282550637636952
-0.26006858717045184,-0.2640638107149051,0.5526414637288463,-2.77012477795365,-0.20951545813286945,-1.7799580401612678,0.12083009546838921,0.3358324823171614,-0.08162269206015016,-0.19225959287907096,0.03430923118000624,0.18252361005634787,0.12106386754256815,0.19206867419532186,-0.11288083202398855,8.927002757670017,0.5046616369293084,0.6238065900917728
-0.2582280217390595,-0.2606902106732932,0.5523656539855015,-2.769483466390469,-0.20396122425156077,-1.766125802856391,0.12196078655259267,0.3285325166359931,-0.0783696619111764,-0.0313161728555233,0.06564395373587166,0.24286919992274267,0.11957766642523528,0.17447447206448102,-0.104278382307635,8.947376433347205,0.5430693974982046,0.7074938857704212
-0.25612237994391085,-0.25744988917345285,0.5522020524141047,-2.770972870868415,-0.1956746715410767,-1.7499255929513198,0.1242166812181666,0.32089838819481,-0.07470916694769449,0.10749472274400883,0.10790151473621541,0.31090227205823195,0.12001818914107358,0.15681219079463404,-0.09523371034081031,8.930099482941477,0.598703891333292,0.801721726876884
-0.25397083900223777,-0.25463954043676174,0.552099183708523,-2.7735445706045936,-0.188199569904388,-1.7309313689473889,0.12651831508782302,0.3115707120463347,-0.07090591929990997,0.23018897536437732,0.14397409341878925,0.3881804619285355,0.12052303303944165,0.13680610444108438,-0.08620260651006767,8.886303773759069,0.6424215976559785,0.9088056784284401
-0.25208521280241647,-0.25220942174867994,0.5521439265623824,-2.7772122726785278,-0.18350730227398723,-1.7107225918516669,0.12740874274458933,0.3008758203629285,-0.06656590234961088,0.3375349745205527,0.16495892924665492,0.4668226711892579,0.11864949581940178,0.1150683238454371,-0.07652451101816676,8.818017682514128,0.6596406246024189,1.0151833906417322
-0.25050612334387223,-0.2498351007663818,0.5523363367544419,-2.7838824064846728,-0.17712035926642464,-1.6892898243335694,0.12677046035432854,0.29040539641564217,-0.06172022446180651,0.4214454310297088,0.19249079065335747,0.5467566946291555,0.11426716597610735,0.09431373746775185,-0.06626956553902139,8.712376138391699,0.6873472683414674,1.12075422739627
-0.24875883543575616,-0.24697616390370544,0.5522608546890075,-2.792177357636395,-0.16315216033316918,-1.668763123762411,0.126896227623546,0.28267753171952525,-0.05833680988828504,0.48957187475207714,0.25367840150107596,0.6179371590017423,0.11128725824471304,0.07873345206858781,-0.05875078283118117,8.583241017213572,0.770665114146684,1.2087117742741813
-0.24702041979882444,-0.24384363798288392,0.551993010920239,-2.799614486972099,-0.14974311649256666,-1.6519432725134147,0.12692328691615562,0.27657724284799784,-0.055993272144043336,0.5543426204508365,0.3088335269171527,0.6677054379769694,0.10822518375205625,0.06631493961795051,-0.05318408666231586,8.452089575155595,0.841550120975414,1.2583406407858704
-0.24542503139624536,-0.24052141521511272,0.5516564095937623,-2.8058045084958247,-0.139693612388731,-1.6383597240738683,0.12623249096265324,0.27163713528000144,-0.054063530243967005,0.6178004716102375,0.3451709794951136,0.6993097963905086,0.10404593789450893,0.05618684383584184,-0.04846605733882553,8.322400116763223,0.8789299171940503,1.2761529995949286
-0.2441771048914375,-0.2372383044852736,0.5513444944730927,-2.810435799022821,-0.13554780129227795,-1.62791606293287,0.12390870949535215,0.2667367441474145,-0.05209327365762371,0.6815227439158128,0.35175853260923334,0.714104554190522,0.09724751865449882,0.04640802555248392,-0.043811860758897155,8.196774098187447,0.8654243558364721,1.2653059363516568
-0.24326843145498203,-0.23397393427170862,0.5509519575159907,-2.8135255930477525,-0.1338221433583085,-1.6211577485191977,0.12007531164869845,0.26197346384061104,-0.050577565665950855,0.7454726161413449,0.3463361953440437,0.7103961713588716,0.0881096992969929,0.03713189120552643,-0.040049124041462325,8.075036194277939,0.832174713245589,1.22376194460115
-0.24225179700768903,-0.23068167124487704,0.5501810617117036,-2.81425626216291,-0.1295841174277961,-1.6159265065201198,0.1168969312535715,0.25756199486265696,-0.050883195834756284,0.813505204703394,0.3525150856685901,0.6991933330742339,0.08032435955549344,0.02870410809125059,-0.03944287453291598,7.963536571035074,0.8192897925681955,1.1708214365161067
-0.24086636193334648,-0.22741603331621596,0.5492933719417885,-2.8127873484485666,-0.12765448208618924,-1.6118377257485041,0.11556007562829958,0.253234381206429,-0.051699798908393546,0.8847225321911506,0.34724785084200993,0.6826889873699464,0.07584164007771417,0.020652060043648265,-0.0397096364374725,7.860484958617049,0.7875875694926412,1.1104764456351335
-0.2390877366082781,-0.22414860105955342,0.5486828184916843,-2.811795751515582,-0.12748160277668227,-1.607789188712126,0.11608807314696325,0.24912254111283183,-0.05116547443956345,0.9465343969622281,0.33369438179724836,0.6663140767784296,0.07460847409975996,0.013186277877360379,-0.03770556866510514,7.744551582233841,0.7428872333763795,1.0520326916344158
-0.23681043598047405,-0.22058849265803576,0.5484099622766438,-2.813558197749382,-0.12614034080790368,-1.605032028599621,0.11887960923956481,0.24657482489184937,-0.049066621815926456,0.9888536847435565,0.32592443476853394,0.6442572915445213,0.07720217226573393,0.008549493621901888,-0.03313615212196704,7.599195368702507,0.7091245884270928,0.9857005533360416
-0.234427372552516,-0.2172508474846621,0.5486746597678264,-2.8200763329045313,-0.12723941195721744,-1.600482463233856,0.12198873446947323,0.24311397810216326,-0.044552288340057374,1.0033948391299683,0.3068440496723591,0.631206525247146,0.08025558422572371,0.002512212329379159,-0.024647216975616303,7.411355030421985,0.6573540604511123,0.9363092236553894
-0.2321437160373753,-0.21431834592492516,0.5492337407816617,-2.8304005254080775,-0.12877305255408097,-1.5937005690767039,0.12444191555442967,0.23793712454698918,-0.03888075874658736,0.9960619383052234,0.2863919473154164,0.6287831710395945,0.08212473928706002,-0.0062317001221097925,-0.014456364615186477,7.1921081504983455,0.6047303071563046,0.9061026631541296
-0.2302008609056025,-0.21185211037047774,0.5501733258513933,-2.8443052378471547,-0.1296531466646358,-1.5857039117600003,0.1251461510150282,0.23084939933731008,-0.03171331826605324,0.9691025315672146,0.26973209184262587,0.6317260198390953,0.0810113470960387,-0.017933219824467692,-0.002043564344110701,6.946096859932566,0.5599294097808739,0.885730391362487
-0.22842136807150806,-0.2096933885652242,0.5511685306686478,-2.858337513712913,-0.13045694516320608,-1.5790255825997448,0.1250165273744043,0.22269175505228633,-0.024644696296438326,0.9397047651943122,0.25400471051908563,0.6279702286685478,0.07853188098328986,-0.03110077921109454,0.009857169498073613,6.702867239821907,0.5179414790249554,0.8547030435905159
-0.22639984420453374,-0.2075082346210504,0.5516795899905327,-2.8697559071370744,-0.13234859349713043,-1.5744987854280335,0.12598522430270753,0.21508011935178287,-0.020190873913955278,0.9208781466532734,0.23375699016580354,0.6139825888101027,0.07796191458530181,-0.042985905127686366,0.017044480689640047,6.484139791776887,0.46955160669449103,0.8073978986041311
-0.22408590328078798,-0.20516622749846863,0.5516743073006606,-2.8798666370132877,-0.13650623057649314,-1.571381868569782,0.12823229686667217,0.20860037959520952,-0.018374203388278745,0.9061059633008044,0.20374708630144275,0.5937535966211669,0.079549857284089,-0.05264268698947298,0.01961244057835769,6.2783117366302905,0.40615542536809934,0.750955535819392
-0.22199482088263017,-0.20310825911740665,0.5515890876306966,-2.8929526131943786,-0.13922971445783155,-1.5655666902974723,0.12929169862830098,0.20114562124393026,-0.01703003893467332,0.875320215475572,0.18173641734805446,0.5867665004503444,0.07910343420102166,-0.06366360526306411,0.021316990785772795,6.051397701975852,0.35793239408267435,0.7182766878102262
-0.22018497335561737,-0.2013415853237816,0.5511481562612963,-2.907432429125578,-0.1351858837913125,-1.5575065761009936,0.12895107123322086,0.1927359134103269,-0.017420650993526424,0.8367965052282129,0.19219983285620218,0.5902605484952759,0.07632359350747916,-0.0759769559779408,0.02006717313397727,5.817852830666882,0.36546900785614767,0.704072291200157
-0.21832383007723227,-0.1997612265938549,0.54982753827113,-2.916773208100138,-0.1287067497485451,-1.5503558037798888,0.12883142746151754,0.18391394055482246,-0.021900376638309564,0.8214733755856931,0.21332004559060366,0.5890181160985695,0.07399164309155082,-0.08863733440258546,0.012000494917429754,5.629703209295328,0.39065183212288834,0.682327969658742
-0.21615061375224495,-0.1982061926457798,0.547852743556742,-2.9196170167995934,-0.12638741220904168,-1.5449046967753755,0.13013801420564364,0.17545638231971947,-0.02920987091308538,0.8346035412161125,0.2138182297545147,0.5796033799601664,0.07411462148539116,-0.10033362568398808,-0.0005825910295316015,5.494483512670779,0.3805768550839506,0.6474970393869984
-0.21371733698409884,-0.19695484552153708,0.5461860452039621,-2.9210575914020893,-0.12949097254773803,-1.5387822627788135,0.13255698483745482,0.1660531828505377,-0.03471743859444899,0.8510874260074416,0.18884541228323634,0.5734904370554533,0.07609811467582878,-0.11328790638588222,-0.00979498892085047,5.368658742147103,0.3281030922399767,0.6191711823373541
-0.2111998967031808,-0.1961623598247393,0.5446933733241551,-2.9217598047631177,-0.1360954075073,-1.5307165484590135,0.1352120531936239,0.15503451830988768,-0.03913383137224232,0.8677165887629991,0.14865757410761193,0.5764543202084638,0.0784218434172591,-0.1285874411377354,-0.016921748137989356,5.2465905206270325,0.25159945450949533,0.6068457441703036
-0.2089109224113121,-0.1958784993083362,0.5433057177151297,-2.9228476208154475,-0.14249475214172605,-1.5197972307314143,0.13663347831553127,0.14225639258560416,-0.04283198995432682,0.8793021612464547,0.1113213651162936,0.5922883881005399,0.07861352903527871,-0.14640804166592458,-0.022646004692394327,5.1194793009905055,0.1820102581580082,0.6164304477413178
-0.20702226970878063,-0.1956583901126525,0.5420151260645237,-2.9223635555466836,-0.15361907423883692,-1.5121668608533154,0.13608208436739114,0.1298881792574762,-0.045882296653349426,0.8952768832362046,0.05375197026047215,0.5917197564202986,0.07549407857616595,-0.16304417631205315,-0.027124844814166802,5.0032720479429775,0.08046010330489456,0.598262096487322
-0.20530584150512873,-0.19506532041923225,0.5405875316138884,-2.9189243680081973,-0.16965469899760352,-1.511259932491315,0.13472098734503243,0.11995206972977329,-0.0494058676580771,0.9219203162638185,-0.02385936190337405,0.5595732290037737,0.07110493423645989,-0.1751403707671691,-0.0322716592700128,4.908186909804968,-0.05183822071874125,0.5276868184974912
-0.2035480766997045,-0.19439205472296003,0.5390698400069739,-2.9161404718479993,-0.18345746022376494,-1.5108148173641338,0.13358792255393445,0.11096761053576401,-0.05315806824354626,0.9419177469409282,-0.08715704132976755,0.5266408821234029,0.06722045948942643,-0.18530413465961987,-0.037657866806716074,4.804620303514793,-0.15645719584016846,0.457765467588001
-0.20175849725666956,-0.1941511961447441,0.5376836628332023,-2.917852000611453,-0.18789856141254246,-1.5047436141311568,0.13262888996974492,0.10050313387821518,-0.05609227822158446,0.9377546281046449,-0.10358959075938742,0.5213635289411277,0.0637360788872409,-0.19766413139435887,-0.041522972503546196,4.6634601690117945,-0.1796234593418928,0.4361377398055789
-0.20023703817746533,-0.1938122664403327,0.5365123616655261,-2.919781096558243,-0.1953152424385818,-1.5024987750803134,0.13043910024784186,0.09111040493070487,-0.057859203719012854,0.930639802053917,-0.13298302419877708,0.49831895170229323,0.05828662663998181,-0.2078830584507396,-0.043324135252374975,4.521295728745514,-0.22386128268255706,0.3853415358649963
-0.19902487103223668,-0.19270989642555553,0.5351738214058481,-2.915536049689231,-0.2178119668090112,-1.5135321958924886,0.12689080645009704,0.08584105982116011,-0.060297076381814904,0.9505713867215547,-0.23107433305513286,0.4143745567168707,0.05071290772614178,-0.2109070705676126,-0.04619930555525752,4.42842289645272,-0.38198070490975916,0.23391407310838236
-0.1981283965689092,-0.19100860324551705,0.5333740360343089,-2.906957888499218,-0.24212372594977039,-1.5326016091515755,0.12202566220828603,0.08372346384244007,-0.06474104022891769,0.9876592837226502,-0.33253817518026385,0.29707683184447625,0.04114403923562806,-0.20856523845826522,-0.05235579858156203,4.366892490603668,-0.5413359020051638,0.030825035856275662
-0.1975073511742722,-0.1894216430948741,0.5314886675041007,-2.9029071134053943,-0.25221374805282504,-1.546383295756981,0.11610160650499424,0.08127506183671189,-0.06933729433659465,0.9997837505044235,-0.362402148888138,0.21027625377821257,0.030067966254135242,-0.20684313867311957,-0.05859555865978445,4.265248986348959,-0.576260505834425,-0.11548822400332098
-0.19704898204109245,-0.18829264771891718,0.5296801330987385,-2.902056588451781,-0.25272162275509885,-1.555004783313822,0.10970215582015248,0.07691031851872691,-0.07331849210536087,0.9944253725626768,-0.34585403711676194,0.1519194414647532,0.018504584729297818,-0.20838036474112878,-0.06363040761250893,4.137147839111639,-0.5324365596451595,-0.21005194453641327
-0.19672702270864142,-0.18714038281889234,0.528174359325422,-2.8984430340507967,-0.2628965406503122,-1.5687106011979035,0.1029788246787228,0.07296837427201448,-0.07566029947220523,1.0003065926102914,-0.37493685762434165,0.07288747633094039,0.006721401190169203,-0.20916617078650176,-0.06577750035480592,4.031458500538274,-0.5663008502409644,-0.3366204318221784
-0.19649566048845482,-0.185938081158722,0.5266665665688223,-2.890913095976762,-0.28114173586257607,-1.586236127438456,0.09616672950539723,0.06955316267064954,-0.0778640325471301,1.0222880417356586,-0.43991034766594816,-0.019833544317683943,-0.004881454636140569,-0.2090473771967003,-0.06763325757189058,3.955700177107492,-0.6593619741503208,-0.48259318755655
-0.1963159142260616,-0.18513128519676683,0.5249429208705169,-2.8850674389380515,-0.292845319757072,-1.5982790586494522,0.08945730174977881,0.0645620699386959,-0.08093219893085374,1.0335000616904817,-0.4708449833176111,-0.08214323667449473,-0.01598823052962861,-0.21157263344167476,-0.07088573457770309,3.8640110659717974,-0.6927846192907451,-0.5735284874375784
-0.19624388415048802,-0.18479537886909939,0.5233116670184257,-2.882937779916176,-0.29674214864578424,-1.604214266304726,0.08258909116924083,0.05772384792256774,-0.083383638176652,1.0250562070424512,-0.4635335624335548,-0.11260879682150267,-0.027050895013462455,-0.21712263558307326,-0.07301391564624482,3.7419448901990857,-0.6611841840639889,-0.6085623392047476
-0.19628419223519908,-0.18451038174350656,0.5220882576162259,-2.882591467538754,-0.3007818072050194,-1.610977954457619,0.0755535980168356,0.051090578484211266,-0.08377825189298499,1.0070024510106546,-0.4569493412955751,-0.14513011681637297,-0.03808492092213393,-0.22217419430741636,-0.07163599583729205,3.607184260566487,-0.631684867629073,-0.6460626469832323
-0.1963252186535417,-0.18444503310525065,0.5212792386722036,-2.885081570155758,-0.3038905295980503,-1.615826194232942,0.06888441328406843,0.04386801573599617,-0.08218911470786426,0.9749745687907967,-0.4460658288140019,-0.1668005370358781,-0.048196956065886115,-0.22807216395321303,-0.06697234442861093,3.4527704987886727,-0.5958049966295436,-0.6643325532440084
-0.19628043467219145,-0.18480739439341426,0.5207161990500215,-2.892206283301618,-0.3025579176031816,-1.6144175889941235,0.0629710747912659,0.03511881707971379,-0.07950244359610463,0.9213635725809524,-0.41475651653319034,-0.1579241432227538,-0.05675999072957076,-0.2363636311129838,-0.06059977884468275,3.266501947096439,-0.5266992214372257,-0.6309042340844634
-0.1962197534958537,-0.18518625707671105,0.520327978969366,-2.90214807266024,-0.3002313049378696,-1.6114869164745917,0.057453903043163106,0.02683940883363431,-0.07610770255655827,0.8558050060763891,-0.3801398479845728,-0.1421089115759425,-0.0644200073932164,-0.24363629188538338,-0.05321866033796438,3.065414774288956,-0.45398125212433305,-0.5867819481538701
-0.19620032213442787,-0.18522781726429322,0.5200333554993953,-2.909880116331213,-0.30256931476999127,-1.6132642855783603,0.05205029450471772,0.020658325798838275,-0.07242222068019322,0.802414023233671,-0.3687835999917144,-0.14875429558513872,-0.07167579012524553,-0.24718962580608583,-0.045556484964093175,2.8903331815542437,-0.4222722134757775,-0.5815297043839325
-0.19627776558373736,-0.18525345779744434,0.5198547329004751,-2.9178042911589737,-0.302285807256102,-1.6147742653182995,0.046498696416447056,0.01497456139648192,-0.06835967390637554,0.7494696466648831,-0.345585297407148,-0.15355340958809613,-0.07897691778889987,-0.24981035148180314,-0.03747644785232811,2.720889777962303,-0.37160476399857945,-0.5733303118696317
-0.1964957177959226,-0.1854734979263351,0.5199761760221197,-2.9286986214215505,-0.29936523310908597,-1.6135402446105913,0.0406065450397262,0.008784358541823009,-0.06308492440641189,0.6840821200715103,-0.31108849731435745,-0.14506160485077593,-0.08664480673816279,-0.2532065339554244,-0.02759076056869719,2.5353274523104674,-0.3034192444671521,-0.5430880221737817
-0.19670724475127302,-0.18558290548225942,0.5203315923370672,-2.940496285495069,-0.29955316793539777,-1.6142294421113144,0.03507911624138453,0.003536055465074645,-0.05697117943215333,0.6165908708865252,-0.29266403975219035,-0.1457069129756236,-0.09348736640888149,-0.2549295021742846,-0.016575245604005112,2.35142241574382,-0.2640708564857521,-0.5290016317194627
-0.19679268012256376,-0.18557545140878723,0.5208961265225965,-2.9531605459678003,-0.3005094071817066,-1.6156838600859662,0.030458941427390526,-0.0007876700238035124,-0.05018132486412113,0.547357029801658,-0.27862043006403325,-0.14964231881311316,-0.0986185150912717,-0.25505501452802315,-0.004734410220402611,2.169733548625677,-0.23316251074773514,-0.5208219488519257
-0.1967170257719188,-0.18562372748614056,0.5214346098403472,-2.965052741360437,-0.30092007969030976,-1.6159634567879961,0.02686606290577275,-0.005037300494711737,-0.043850519218267055,0.4841874825180147,-0.2626300885672504,-0.1476664642495038,-0.10188489331238668,-0.255052858816035,0.0060064845590125215,2.0032811334964458,-0.19985522237110115,-0.5029650883249756
-0.19665166328556374,-0.1856282143327648,0.5218226544663879,-2.974015965209469,-0.30301521958624833,-1.617232725821002,0.02345194210289759,-0.008752792372296245,-0.03854036888210027,0.43690634934430717,-0.25519757561343054,-0.1501698095153608,-0.1047604967320674,-0.2541556959238542,0.01473706304689819,1.868102121794409,-0.18181870850713766,-0.49311284245397713
-0.19667927840653313,-0.1856321160271461,0.522189690623173,-2.982357923910294,-0.3038904991507525,-1.6183133269283405,0.019823646233834667,-0.012162620156055253,-0.033600672966782874,0.3940268888723091,-0.2423689184635913,-0.15144172561094438,-0.10791468491485308,-0.2527713822883869,0.02260302681243291,1.744074502776772,-0.15524350674733517,-0.481472228977365
-0.19679075974230487,-0.18554026523453834,0.5225373271179302,-2.991038956413352,-0.30394712386790756,-1.6196151976104292,0.016035804995399056,-0.014839246824043343,-0.029009013678878186,0.3509107740083476,-0.22629601489581627,-0.15345948204072418,-0.11124813299135979,-0.25019709143432534,0.02966608975494011,1.6231142906263685,-0.12397407644232919,-0.4714065463295385
-0.19691827411324603,-0.18531418473886743,0.5227150248056401,-2.9982553978427386,-0.30456903445993166,-1.6220953528828173,0.012414035509700674,-0.016641253181859217,-0.025452723785347655,0.3160304672361083,-0.21360469311602753,-0.1606500008143785,-0.11421019135696955,-0.24622907993245394,0.03479689949079056,1.5193332860879485,-0.09924455384934047,-0.47029008659426735
-0.19706552202878821,-0.1852209174316882,0.5228577271632451,-3.004788443364924,-0.30385496055608935,-1.6229855567772842,0.008934145079766935,-0.018858640364580428,-0.022253517839824596,0.2853812202327949,-0.19527730917765923,-0.1598551260801853,-0.1168517728375338,-0.24306795265369097,0.039186038304645066,1.4255408532051161,-0.06576124917907167,-0.4558235357939262
-0.1971916681476064,-0.18523033938257183,0.5230448765416914,-3.0105428487572667,-0.30541554733045784,-1.6229484413901232,0.0057805380385744,-0.021331698160651388,-0.019025348518253358,0.25923826743436496,-0.18843669367816698,-0.1545690030086181,-0.11887281851410837,-0.24042354450976594,0.04350112705748624,1.341919232533639,-0.052461685427593996,-0.43423495677121016
-0.19719261798641,-0.18508929870739207,0.5232062529337919,-3.015396738079585,-0.3076428402458745,-1.6241399638793854,0.0034228863376078934,-0.022869178887953066,-0.016098871388571717,0.2379824879276511,-0.18502110628312837,-0.15507295189943465,-0.11950362224690146,-0.23628522957921316,0.047190148686465455,1.2688226046108937,-0.04527294437645254,-0.4229518494526663
-0.19707193086569677,-0.18488633095138468,0.5234064859877162,-3.0224811009759547,-0.3049195585030979,-1.624376009780675,0.0018050563120895775,-0.023932382018383103,-0.013159515403442533,0.20681275078092398,-0.15868633726781226,-0.15090456615120085,-0.11887707685943642,-0.2314677390122013,0.05079772080304762,1.1811545128661944,0.00012107257532337906,-0.40415436027057694
-0.19684558152252543,-0.18480683787643418,0.5238306926506543,-3.0320528788360317,-0.30233136849387304,-1.6233116409516934,0.0008152902149538696,-0.025411220368893137,-0.00934695504994173,0.16506827660038795,-0.13429920172700338,-0.1406989647424793,-0.11721557363990819,-0.22748128273928203,0.05576777929304194,1.0782146515216229,0.04098359889820674,-0.37576520906181415
-0.1965781035320838,-0.18481747765504794,0.524396531603189,-3.042511282775089,-0.3007864511613784,-1.6218077034687266,0.00012066711263585754,-0.027131355759259,-0.00509088611361983,0.12078526410166343,-0.116013078879483,-0.12878285384851537,-0.11510589898521291,-0.22401050930474856,0.06134222301778539,0.973895931024434,0.07048131665010973,-0.34530261203721896
-0.19639349441729184,-0.18500800393181915,0.524882497430849,-3.052114525625287,-0.29903311139748256,-1.619337650116438,-0.000872374593791701,-0.02950055346990562,-0.001448269648194958,0.08225537121058121,-0.09770338775431063,-0.11280219771795749,-0.11355520974608603,-0.22172431410977758,0.06573300706748056,0.8821313116069641,0.09919468683856718,-0.30887978745636185
-0.19628789968964672,-0.1853435559589571,0.5251859324369126,-3.0603436368289665,-0.29656426210013426,-1.616364972659711,-0.0021316510467560075,-0.03232493163721582,0.0011312003850631686,0.05165124844016079,-0.07702153841073456,-0.09513702663714775,-0.11249396286269935,-0.2202647221057078,0.06821963202235667,0.8062109043728765,0.13108118048925413,-0.2706514497209322
-0.19618399746302959,-0.18572787189683887,0.5254019593842884,-3.0686895029629584,-0.294405085263303,-1.6129004945563163,-0.003284011836201501,-0.03513380774161245,0.003142854738890665,0.021663740512360072,-0.058878198992605386,-0.07593968251275626,-0.11128319550289222,-0.21881991794636219,0.06968531202980352,0.7334441430107331,0.15782330399148717,-0.23092330645682907
-0.19604969773907754,-0.18606251149784292,0.5256692745053893,-3.0785099807333265,-0.29136646866677024,-1.6095899489804528,-0.004185828639492888,-0.03746989918045081,0.0052607512719548164,-0.014032023787474576,-0.037617459037170786,-0.05831419983201791,-0.10968640388460418,-0.21662321445017008,0.07128808852905498,0.6531442819902457,0.18904241591427917,-0.194938714843823
-0.19598020344303774,-0.18632005319481854,0.5260717968449503,-3.089537860940862,-0.2868622091303236,-1.6071392662934139,-0.005294013940035438,-0.03923009782650865,0.007869890619345012,-0.053868212959166537,-0.01067805622911977,-0.04548804525913795,-0.10848002301634412,-0.21352283206733566,0.07366928266433581,0.568148947836224,0.22890541534083908,-0.1680014238287743
-0.19597818389510818,-0.18657733043681018,0.5267218181066898,-3.1019635571645923,-0.28289807975176845,-1.6042485980115408,-0.006611232963889096,-0.040802691727376515,0.011467859859824047,-0.09848578907355221,0.012290708639551392,-0.03117622360514452,-0.10765761516049889,-0.2101946684543735,0.07764096615047496,0.477515212763458,0.26100144375965273,-0.13932691166044633
-0.1959739097131214,-0.18673598177811043,0.5275489762251777,-3.1160434611741357,-0.27888378750108317,-1.6010207759300825,-0.007802468993137103,-0.04174024635924985,0.015675458439550618,-0.14879849144746723,0.03422351076134962,-0.015945478039787457,-0.10664706514542822,-0.2058953144709852,0.08252328755289659,0.37986938845863005,0.2904650935115913,-0.10991339464801261
-0.1959468079036227,-0.18667968986401756,0.5281795482090967,-1.047843612688757,-0.27490966348636126,-1.5997705582594428,-0.008778624239954475,-0.0415344955289595,0.018718409902782923,9.50647774170258,0.05473770452365747,-0.01064191400841949,-0.1053043255308744,-0.19980018771121827,0.08531764045481734,16.548705121150455,0.31672868199023724,-0.09795644165964991
-0.19591353586246116,-0.18660096229841588,0.5286857011857756,0.4418526567704193,-0.2697419912841094,-1.5989960400456404,-0.009628703598800406,-0.04114253619255259,0.02099001173748533,15.975112289119721,0.07964121600552429,-0.0077754282435948665,-0.10378782041694513,-0.19356325905532418,0.08674139240041234,26.926078433604612,0.34961398259877746,-0.09041726760661332
-0.19587582511331061,-0.18659168411502072,0.5291037910613038,1.509523806213459,-0.26635733487057306,-1.5978445058999449,-0.010367783932895376,-0.04100473495326336,0.02269763033409517,20.140997475423315,0.0948286939542444,-0.003253934587678799,-0.10212766732465058,-0.1879264151848208,0.08718030878469417,33.15488612776238,0.36529959013371643,-0.08031534133870638
-0.1958444766176134,-0.18663742967695163,0.5294013959531917,2.2700974635287703,-0.26349272257210343,-1.5967096324134882,-0.011052516396786225,-0.041043743268503116,0.023718208106249077,22.652072516612733,0.10666454684014047,0.0010005855236915797,-0.10042280901303133,-0.18274328259541922,0.08645568642289872,36.43675112203853,0.3749307707447135,-0.07094291907430661
-0.1958380887128334,-0.18672514821138914,0.529662517348158,2.8053055568575798,-0.2607493202854677,-1.5950731123601092,-0.011773072383367715,-0.04119228185101107,0.024477904659792892,23.97051425704667,0.11717062341284812,0.007412446311031067,-0.09882559498687817,-0.17788844904508488,0.08531414098494594,37.62845219079091,0.3820646474848036,-0.05821718265416596
-0.1958276475666693,-0.18676827832433024,0.530073014692814,3.1743503368988586,-0.25787677061367653,-1.593297523611595,-0.012393192162652795,-0.0410437347426985,0.02585639099781076,24.431343077908096,0.12757683913551818,0.014178234709800341,-0.09710468730853446,-0.17267137579306174,0.08524138842599695,37.34976175688786,0.3888319467201784,-0.04525378012692281
-0.19579014478266502,-0.1866863334231409,0.530596109400407,3.4230541903580023,-0.25558080597096333,-1.5925860452814136,-0.012811477583735213,-0.04024031203869515,0.02765134509323291,24.291139217892933,0.13459642789007104,0.015667563757484102,-0.09509362692240568,-0.16650262843556687,0.08586854596014468,36.07169971145372,0.38973524750575583,-0.04149423160402708
-0.19571047382560366,-0.18670411792532834,0.5311774749665561,3.58461809199038,-0.2537229391970753,-1.5905787504342606,-0.012968561013075287,-0.0398651978023269,0.029588477387919095,23.73528628414354,0.13904381314541991,0.023139836946758953,-0.09270103465825133,-0.16122388553263547,0.08671643687738963,34.13282602363983,0.386303060074668,-0.027814018903684578
-0.19555401534563185,-0.18665322674312032,0.5315930035981788,3.684454582085243,-0.2521631936813247,-1.5893445216618542,-0.012717293852252148,-0.03911463227940333,0.03061595972771444,22.903900099278317,0.14170159222721737,0.026648506082496408,-0.08969098828594428,-0.15546342436650185,0.08601634055025113,31.78638943290496,0.37996787334489746,-0.02115771499034261
-0.19538344067489424,-0.18657048959053718,0.5319207558100814,3.7392223643877722,-0.2489340915783216,-1.5889343720047309,-0.012371542161683027,-0.038181681218653334,0.03114339735320343,21.8894791389627,0.15183051708202042,0.026151170859130518,-0.0866066799874393,-0.14955822024829435,0.08449786865689783,29.198772969876924,0.3863290688194361,-0.021400200880052504
-0.19523237070244043,-0.18636744779819286,0.5321949259992732,3.7619050870923925,-0.24519778076363266,-1.5900931960187121,-0.012094124692882288,-0.0366659816925524,0.031355859214232715,20.762877878593397,0.16363822584370535,0.01837730452741212,-0.0837230202007891,-0.1428414248544098,0.08249399863758629,26.49544376140542,0.3953257540323488,-0.03382924461978359
-0.19520883026927802,-0.18632499167470873,0.5323873645756652,3.762276289435415,-0.24101020588197436,-1.5900817145085024,-0.012386334213139272,-0.03590871448175907,0.031138857716758266,19.5764989495574,0.17677585749189867,0.016461605658433784,-0.08187442443141438,-0.13758312978703877,0.07982643945650221,23.767444901170666,0.4062997345955974,-0.036094595184533874
-0.19521733144728026,-0.1862308149227624,0.5324307541552425,3.7478850902951066,-0.23858198961544222,-1.5907861839341335,-0.012775546782611868,-0.03488501253586483,0.0302014226066006,18.369767977991536,0.18087050345320937,0.01132213581542309,-0.08024000588667136,-0.13202522510001924,0.07602614647578403,21.081531107055458,0.40181384240954465,-0.04369877004076936
-0.19515487513483457,-0.18623202209007045,0.5324915290539218,3.7206474786726607,-0.2335261704646685,-1.5896509712864557,-0.01277769349006715,-0.03429626233174527,0.02935692904796568,17.153868100863647,0.1968196594347604,0.015032754620938131,-0.07800262579297176,-0.1273513958022237,0.0724877328807238,18.455266616297067,0.41731790551884645,-0.03626042669213299
-0.19507975776675732,-0.1863095310304693,0.5324908117464496,3.6853185878134127,-0.2280525092529407,-1.5883745096498165,-0.012684832668346383,-0.03403392458779137,0.028234792033415095,15.952625426711778,0.21372559303100797,0.019232552600168786,-0.07566852781621704,-0.12335507091950476,0.06858289333052768,15.926911019481482,0.4339922403376606,-0.02821010515754785
-0.19505906070304138,-0.18662306960960973,0.5323777164429734,3.646821654015386,-0.22253165361268604,-1.5868966719023643,-0.012815386490088194,-0.03482781830502524,0.026613581899366932,14.78941184386083,0.2298055602848078,0.02417352780633274,-0.07377399488648899,-0.12124029027206715,0.06395081068591071,13.53289422911812,0.4488168092534535,-0.019142622583578663
-0.19506765733543188,-0.18698102685839463,0.5321107273787353,3.6081421381235206,-0.2177428865749464,-1.5861457871397386,-0.013041957380239434,-0.03573316344349277,0.0243269497169184,13.677337795120664,0.24146269331454304,0.025488485863003948,-0.07209326975686825,-0.11937133204277921,0.058333044032978974,11.291433563471983,0.45581598347878777,-0.016404517271185793
-0.19512378892977048,-0.18729573054189166,0.5316910770087416,3.5695019883098267,-0.21221003714331213,-1.5850953207224068,-0.013445515776605068,-0.036336697809365125,0.021416528619009882,12.615909625713046,0.25579394962987284,0.0281412022666502,-0.07075606363442777,-0.11704882517921517,0.05182688695516888,9.197441104434894,0.4671007232098928,-0.011501194685672744
-0.19531241514057612,-0.1874940831093623,0.5310858838883014,3.531348281247176,-0.20566712404563595,-1.58486451814993,-0.014413722709883286,-0.03631396842707994,0.017763309372359485,11.605639594471187,0.2738997424983756,0.026846888866948523,-0.07040238801714266,-0.11374174917754429,0.044257726527929184,7.2476566519738,0.4843953067139422,-0.013348871909121334
-0.19562904685909074,-0.18785454169151083,0.5304496099782059,3.4932757556062732,-0.19751183572376038,-1.5838916372314953,-0.015897561439625882,-0.03699542529901887,0.014127730617044754,10.642976138088738,0.2983899100392823,0.02908151321713525,-0.07092263671528537,-0.11170704311137891,0.03692952155770469,5.432101297048748,0.5119052061210096,-0.009231488279963337
-0.19589214351468784,-0.18826221358409254,0.5297187701082111,3.457522836909183,-0.19050917825747046,-1.583250610837258,-0.017025023621562347,-0.037811371439525676,0.010216447486916917,9.736802996553777,0.3160475916805981,0.02966213345742691,-0.07083117379711268,-0.10995452759168324,0.02934398308264306,3.76191272807817,0.5271975670490487,-0.0080007193980292
-0.196047184228539,-0.18853621999412404,0.529038430394664,3.4232162376886883,-0.18527118166445514,-1.5825892360873806,-0.01755992601321872,-0.037913004624629494,0.006722744255424144,8.880992093019612,0.3243557149524618,0.030312197364174457,-0.06974931012366127,-0.10705397963510235,0.022670037659807143,2.222762206275523,0.5263957376227746,-0.006687956936496111
-0.19620206232790371,-0.18865275230261572,0.5284877916573801,3.389403702443978,-0.18038515995585885,-1.5823233067347318,-0.018035196587808965,-0.03722646537396331,0.003997860815219105,8.06929376891195,0.33036557391141497,0.02909006666183626,-0.0685977359347354,-0.10291369541107212,0.01747080007893493,0.8005174424031285,0.5217650901575478,-0.008549102886614864
-0.19635379247779294,-0.18891468696995078,0.5281653660057841,3.355790046824852,-0.17668158102484802,-1.5806244394821165,-0.018440438560304716,-0.037204482052143835,0.0024647674694894214,7.298779244054634,0.33032442866708356,0.03461038908267544,-0.06736097619632661,-0.10000264225626383,0.01441385713234666,-0.5129943448373693,0.5071240749226745,0.000940088729395069
-0.1964501980102105,-0.1891601048419474,0.5280724118579047,3.3212319448115837,-0.17319735585026497,-1.5790696690944976,-0.018536587912018527,-0.03706060601042369,0.002071086157928877,6.562664023123513,0.32902977124116156,0.03918250958433236,-0.06564080938741723,-0.09696863414299386,0.013351607584995956,-1.7321787192336904,0.4907914447248716,0.008575355831038724
-0.1965536473297105,-0.18922065521999573,0.5280269358639459,3.2868254150195253,-0.16801142034486885,-1.5794295411944228,-0.018630537087083596,-0.03601783662988639,0.0019122070285749874,5.864894888095938,0.33550382730267214,0.03459980255154441,-0.06396499731720826,-0.09251308172746596,0.012712484041581658,-2.8530564688968543,0.48793302607061684,0.0006565979505317541
-0.1966617871975859,-0.18915751717384588,0.5279883815352866,3.2536283858004382,-0.16220140414958906,-1.5799100718582593,-0.018712201634026943,-0.03440830264090383,0.0017876831356241605,5.208998342391235,0.34433744006768247,0.02968390053861511,-0.06231540266031814,-0.08723223608385136,0.012148779436870937,-3.8724637763090723,0.4891083577566579,-0.007599337616408776
-0.1967366080167773,-0.18910443904337706,0.5279904825112303,3.22154618383625,-0.15627979751830753,-1.5795379522606354,-0.01860583464226946,-0.03288605521018228,0.0018532498828100067,4.592906676275602,0.35302381866262283,0.02899080305414527,-0.0603967933649796,-0.0822451426467759,0.011919353900646091,-4.79669942947678,0.4900041433530483,-0.008548526606792927
-0.19672985372820007,-0.1889801269602121,0.5278687817442164,3.1918255709063184,-0.15128244547939176,-1.5793108194073746,-0.018096861649148616,-0.031070199543301674,0.0013331452057093662,4.0208628219651805,0.3567429841862636,0.027660705598608604,-0.05785711927564455,-0.07690533036932308,0.010714923832084071,-5.621311530554029,0.482551331578706,-0.010538629723623428
-0.19666431037150478,-0.18894699763862507,0.52764489483309,3.1636507956516113,-0.14614569489259369,-1.577808596381865,-0.017312782652805742,-0.029734734216941196,0.0003579628384508271,3.4872403940923866,0.36070349425474,0.03234382411352862,-0.054927378033796125,-0.07251964270981033,0.00878155605328926,-6.358510571088357,0.47571108715683935,-0.002396781780836573
-0.1966335724577659,-0.1889423975961302,0.5272597391642031,3.137765605062775,-0.14061092830354865,-1.5765764486792673,-0.016704856275139325,-0.02856567519054855,-0.0013239498985663635,2.9939214844821556,0.3661015495556587,0.035535131694854304,-0.052374639503993646,-0.06853528810503905,0.005717913243293677,-7.0075840355061665,0.47147078035344847,0.0030178435534081414
-0.19677023830218787,-0.1889865638799616,0.5267559771435357,3.113693351259875,-0.13171446185236446,-1.575975883833702,-0.016883335995778133,-0.027650830269062825,-0.0034770085515244808,2.5369665076299506,0.38667762581850695,0.035622212042123395,-0.05121097878987964,-0.0650881978289884,0.0019503320327971798,-7.577594714910044,0.4927827693654966,0.003079480898492051
-0.1969480130847824,-0.1887854361344463,0.5261927698171451,3.091810963738415,-0.1232394270343872,-1.5778029885283742,-0.01722087646546361,-0.025608770479270498,-0.0058002136532846905,2.116574251789919,0.404033237403265,0.02439081741311033,-0.050346356010160145,-0.0598485008776654,-0.001997141678894425,-8.070417600446278,0.5081030027341735,-0.01582701686968609
-0.19706301515604918,-0.18847353810743028,0.5257150222661611,3.0713870333849793,-0.11599966549459918,-1.579525554991262,-0.017225836473050867,-0.023125191744379294,-0.007607989268596513,1.7277332825825766,0.4145300960072458,0.01421597538442831,-0.04894857437587281,-0.05401528531204975,-0.004970661472340095,-8.496606107743913,0.5115021267089255,-0.03243501673793062
-0.19710574252119398,-0.1880895275362653,0.5252766861782387,3.053192994979414,-0.11169913196445068,-1.5808985375083053,-0.01687122662937371,-0.02040501801378088,-0.0091393446087971,1.3726554226531245,0.41056965769846504,0.006194338063722606,-0.04698729794767034,-0.04794851903285812,-0.007397937032980759,-8.854314871173443,0.49058016914307956,-0.04497104791462844
-0.19709212366240308,-0.1877882305481393,0.5250565563131859,3.03444444375267,-0.10512794489312947,-1.5813616478302377,-0.01625017120291933,-0.018184357430948334,-0.009573831545624233,1.036840416882282,0.41716266827446125,0.002834794898260604,-0.04463431294591573,-0.04288822403471548,-0.007919395961388668,-9.169754557063397,0.48792698426836456,-0.04934467821133083
-0.19708282555214163,-0.18750969865124958,0.5249246754396586,3.0161383105886492,-0.09872965089591929,-1.5824400653235708,-0.015659790789481227,-0.016161184397599455,-0.009571696022806287,0.7241149406082332,0.42239546557520696,-0.003201162607932101,-0.04239844531077375,-0.03830018568242949,-0.0076946414122465055,-9.437693299704826,0.483068583933316,-0.05808103792602555
-0.19711466479382792,-0.18725937468436685,0.5247044713623399,2.9999123301189234,-0.09329214208889268,-1.5839311495381223,-0.015271140868766736,-0.014353089409351136,-0.009977703238731,0.4410783636580391,0.42266686551939786,-0.010831274895564619,-0.040563062468521066,-0.03420069105052344,-0.008160090273208267,-9.648399136001581,0.470032038150225,-0.06924473638994266
-0.19719115352439845,-0.18702151649671495,0.5244686710723353,2.9854861818526963,-0.0885421707229262,-1.5850983115030042,-0.015091335789010596,-0.012677837768820711,-0.010432310932402645,0.18503547085971334,0.41950449299986864,-0.016538185400249858,-0.03912890105219167,-0.03043829488119254,-0.008693979898204482,-9.80798687308921,0.4516055964944539,-0.07687393387527035
-0.19730965947975343,-0.18688478697525895,0.524247227835793,2.973157611872755,-0.08435670043721219,-1.5846126385901709,-0.0150983168685677,-0.011543672527372895,-0.010793261699834675,-0.043903852100916796,0.41366202599585794,-0.014222038650348972,-0.03804779176462467,-0.027687677002746817,-0.009056017564785806,-9.917700022648308,0.4292027312823774,-0.07084579202685959
-0.19744416715019758,-0.18656093020602152,0.5240454881710274,2.9623408050284747,-0.08020653772521094,-1.5853881932943898,-0.015162003380008778,-0.009581534556100788,-0.011040162192716162,-0.24977548114798043,0.4077499028423362,-0.017866402672997155,-0.03709189764408961,-0.023626442398532704,-0.009216829613050466,-9.985694435569107,0.4073088192524033,-0.07497405741186068
-0.19758639079639748,-0.1862333270986565,0.5238308137600045,2.9523025470590225,-0.07633234552377952,-1.587167775020153,-0.015241386455089538,-0.007689269721289255,-0.011330737904476099,-0.43711936305053173,0.4006602212748791,-0.02597252531125288,-0.03618900291133544,-0.019795718272374002,-0.009446337169787279,-10.020742856076277,0.3840531300518794,-0.08646361299506868
-0.19759466287150718,-0.18612764162547585,0.5237237994082694,2.9411435592185255,-0.07219398818022782,-1.5880893886256133,-0.014675939433264165,-0.006916715526653646,-0.011100737524200805,-0.6156971279066643,0.39497959958752277,-0.029635096637502734,-0.03423078031905702,-0.017948283561986578,-0.00879710359349741,-10.040123014266108,0.3638081021247508,-0.09018620768089153
-0.1974116254067612,-0.18627748117823958,0.5236193807730337,2.9293722659944286,-0.0652537561889444,-1.587490266425291,-0.013231554876177186,-0.00736528792773296,-0.0108661039775532,-0.7835693920508258,0.40247230477368784,-0.025986371516986344,-0.03085440875932472,-0.018198691260532068,-0.008158238258158836,-10.04102266709793,0.3662030797317998,-0.08155326880152497
-0.19710428794996726,-0.18664329259514995,0.5233379293276994,2.9189860833985217,-0.05754556707868236,-1.584933501517232,-0.011266035290691454,-0.008789440628293716,-0.011464414155742914,-0.9319637919141185,0.4130000585939604,-0.01336031050135157,-0.026699065896120394,-0.020076889110558088,-0.008932982393984762,-10.009258062417844,0.37361701204622616,-0.058118078010452226
-0.19675847570681995,-0.18710993417929833,0.522854838316034,2.9105135180704402,-0.05059142367928793,-1.5808527080985377,-0.009207312804327966,-0.0106029327032367,-0.012968287751757701,-1.059407024336997,0.4193151640256952,0.0057623867940091705,-0.022503594651959412,-0.022555049377037294,-0.011203545243613274,-9.943272641017638,0.37376473410342054,-0.024450956367893434
-0.19643878951840005,-0.1875798644695841,0.5223494013985012,2.902610717264563,-0.04266737399188978,-1.5764975878376342,-0.007363016635856242,-0.012330603735953053,-0.014495865869713305,-1.1732402822764474,0.4296618394360304,0.025217584376202397,-0.018784611202107976,-0.024820187946673056,-0.013450416665665193,-9.856323800631532,0.380664047715192,0.008833068464313948
-0.19620091720021318,-0.1879606890398873,0.5219453461815947,2.8952394145137883,-0.035675665704079686,-1.5728941625829351,-0.00598362608059978,-0.013545157754542068,-0.015468369719072986,-1.2743630797822667,0.4349708460090627,0.040192162556938325,-0.015948537113100188,-0.026162232686548794,-0.014704396498865907,-9.750504335116013,0.37892903366967196,0.0336793327692816
-0.1959687019055896,-0.1880948166240654,0.5218958870727661,2.8863639039067497,-0.029207544266804192,-1.5711535894535213,-0.004692294690724493,-0.01353729901924925,-0.014733049787938091,-1.3729464632655428,0.4373998723435882,0.0457210594691882,-0.013339231109712846,-0.025418394557362348,-0.013061547868082423,-9.643384932025581,0.37241648192904114,0.04200351661955736
-0.19583255537501548,-0.1881076157501145,0.5220993772907113,2.8776762069812243,-0.025423264417168738,-1.5706557368576939,-0.003907125703464432,-0.012952756291691986,-0.0128498024163876,-1.461282181138496,0.4270294879148626,0.04516295033204811,-0.011650977108319544,-0.023728979073559753,-0.009540994984322222,-9.522085149965264,0.3446377939679252,0.039895200133926896
-0.19572311492364255,-0.18804191059220243,0.5222999005207009,2.870414734114455,-0.022580508638388598,-1.5708897807125985,-0.00328033960549952,-0.012020726460039703,-0.011070245970839736,-1.5341680881071285,0.41263211207333295,0.041203848538659216,-0.010275276146532602,-0.02150446079414603,-0.006292520780924418,-9.378283769512105,0.3108868754113911,0.032146709209281296
-0.19557805461322947,-0.1880044268216715,0.5223129509487704,2.8647766409942674,-0.02065404731260085,-1.570577650722281,-0.0025142098933469813,-0.011256955985617025,-0.010250464447304004,-1.59152490458392,0.39454239670299995,0.03997321913865147,-0.008704497683398102,-0.01962402259055185,-0.004743069745324568,-9.212476375131518,0.27189129852265426,0.02918673279134688
-0.19545197952045126,-0.18804963138561087,0.5220953656277584,2.861200992854677,-0.01884152863560093,-1.569517531694506,-0.001870887836286467,-0.010907699494053008,-0.01054426936032549,-1.632160172972364,0.37670196974276776,0.04227630328669986,-0.007383377800028609,-0.018490704670233366,-0.005102933422260676,-9.023279353775322,0.23440253913302941,0.032230881007545654
-0.1953938455622412,-0.18808312926505255,0.5216313402899238,2.8596921314343935,-0.015543520685852644,-1.5686681711071984,-0.0015729646369430329,-0.010512860893182869,-0.011969406507403371,-1.6569776510580265,0.36656880099359485,0.04346717081190371,-0.006677940857135722,-0.017312656388843384,-0.007348524411790007,-8.81286037057467,0.2108758626045261,0.03332626541778032
-0.19541348464882757,-0.18795857743714814,0.5211352656209988,2.858429381609337,-0.011360740714096273,-1.5691510098803914,-0.001649293515343325,-0.00939331994851273,-0.013469180201353403,-1.6753500266668608,0.3609686890787521,0.038375181639898025,-0.006619341267416829,-0.014953122633413458,-0.009656468390290326,-8.597517969524642,0.19560230901643388,0.023862850631792276
-0.19552821952984004,-0.18772771016782408,0.5207629069377933,2.8566042608184765,-0.007796561085712377,-1.5704544940152834,-0.002161892443788111,-0.007827510401202636,-0.014312941900589326,-1.6914664357979428,0.3526762202300422,0.029702937927925964,-0.007293437652517826,-0.011911672878197832,-0.010800673398799171,-8.384409404897799,0.17624372853940318,0.008664287699088053
-0.19563031508854986,-0.18744059817494546,0.5206061661226475,2.853285467983211,-0.005116558908545711,-1.571931866769487,-0.0025865810627606137,-0.006072492300038012,-0.014104744754186148,-1.7098776425084758,0.34059749373799925,0.02065044772849335,-0.007801395966384814,-0.008638108445063068,-0.010150151157114479,-8.181098021844786,0.1510811558443003,-0.006746984223452617
-0.1956637418693753,-0.18711531830091818,0.5205307757365782,2.8494832632407454,-0.0017620994297501478,-1.573808391592888,-0.002666433841353539,-0.004223478447536361,-0.013523211384892557,-1.7258546559344543,0.3321966740978827,0.010194130316143406,-0.007717325089630295,-0.005298460379907149,-0.00889219602992183,-7.979385812799755,0.1327844159617215,-0.024080242630813535
-0.19567655445577298,-0.1868942180000392,0.5203280148315452,2.8474251916977806,0.0008527604767335274,-1.5750754428937308,-0.0026426780062268995,-0.0029500352572941757,-0.013560224885203606,-1.729232008800069,0.320708740408287,0.0031123188271922507,-0.007461984829551214,-0.003016569278570579,-0.008705874914662353,-7.762193803204092,0.10982558593196193,-0.035274738510979245
-0.19571121110647774,-0.1867246741331365,0.5199563891142729,2.846992485393427,0.0032587542114732946,-1.5764087591343325,-0.0027184679038405935,-0.0019791871786259668,-0.014378272054322528,-1.7212937224419085,0.3087719336184217,-0.0039076015326294285,-0.007380584976547225,-0.0013054675164083113,-0.009833538539309447,-7.532105958493342,0.08675578085056793,-0.046052878870202256
-0.19567221482019265,-0.1866094581215474,0.519563950251651,2.8465150206311396,0.006037431180009963,-1.5769837937786777,-0.002443852300552806,-0.0013094914441545056,-0.015247837323398093,-1.7104946504989083,0.2991292995807064,-0.007021463611192998,-0.006714282659986066,-0.00014679621165908504,-0.011016037403164574,-7.303650269062775,0.068174632442441,-0.04998460632943886
-0.19559531603363117,-0.1865519921324687,0.5191961189365214,2.845806715736131,0.00864186673609995,-1.5770291447119653,-0.0020032690661539324,-0.0009423556503284796,-0.015954142098603116,-1.697950244022783,0.28912595324092266,-0.007488198797928272,-0.005788476507816887,0.0004725144177458436,-0.011891934739113118,-7.078650316998566,0.049507978738058435,-0.04937072634091817
-0.19554252142427303,-0.18657194703563243,0.518859874434696,2.844856703406135,0.012498780002234018,-1.577402005001127,-0.0016943958610100723,-0.0009545860255431033,-0.016472431736887748,-1.6839020539659946,0.28543690753458034,-0.009435011713408815,-0.005109233634160344,0.000438823361330935,-0.012428311986596071,-6.857414356944389,0.04194355233812158,-0.05125416291805496
-0.1955441342095298,-0.18659964390161884,0.5185453659625028,2.843717072899017,0.017122114145195468,-1.577719559288378,-0.0016521631889579393,-0.0010024830111577175,-0.016857773168827125,-1.6682844380491433,0.2854846379195485,-0.011003076627807123,-0.004895771480817771,0.0003463065673213754,-0.012726927262319238,-6.639727269620071,0.04085211815468483,-0.05245032866490571
-0.19553761492523727,-0.18635624208882612,0.5180719906228434,2.843864312174428,0.022065808820172613,-1.579688173427968,-0.0015718963410141665,0.00021515049495453666,-0.01795827437742268,-1.6443958509803127,0.2870040250751651,-0.020162292963523527,-0.004624536969838148,0.0023770278805324624,-0.014215598651809729,-6.414260135749267,0.04225722682950142,-0.06633360874860544
-0.19557860874427138,-0.18604198229656818,0.5174023580476844,2.8469693116525825,0.02429374267168729,-1.580847394756495,-0.0017149246814742213,0.0017009386308537845,-0.019911691899424575,-1.604967843849339,0.27577274518121686,-0.025060872152898078,-0.004735054200980278,0.004800382137502291,-0.017091928949313436,-6.169050472049804,0.022256751763625356,-0.072689585197466
-0.19567363991104397,-0.18575563624466956,0.516682079831267,2.850970920599915,0.026712698945209924,-1.5818836131118446,-0.0021004237709828693,0.002980078632465396,-0.021995478119611143,-1.560495776586938,0.2659834911230848,-0.02910764100331962,-0.005248794020276215,0.006809774930554869,-0.020106387277535893,-5.922236770308375,0.00523126607878556,-0.07744066758807895
-0.19574722903582284,-0.1854969315281585,0.5159459041510154,2.8555563404987416,0.028938344739518368,-1.5835747299225393,-0.0023642951453733186,0.004063257767681437,-0.024039797670131317,-1.5128033099674043,0.25578097293515234,-0.03596798842500131,-0.005544373884897017,0.0084346762349912,-0.02297052216957844,-5.676919744038993,-0.0120112333661192,-0.0867737841892726
-0.19570134290380758,-0.18549582077473273,0.5151822751017923,2.8605809524467865,0.030411099980194433,-1.582810988632647,-0.0020556652727120248,0.00388797982113211,-0.02609915698814723,-1.4628384417802993,0.24258622333613186,-0.031005646066026484,-0.004872356158331382,0.0079053953278718,-0.025779868562208604,-5.434646157003409,-0.033786271017452095,-0.07603491552794621
-0.19555455309341363,-0.1856837495883526,0.5144368745917812,2.8649400241392784,0.03134626002608773,-1.5793392694593573,-0.001290038761846192,0.002836930629535763,-0.027958637220267625,-1.4159743539991778,0.22756227992265982,-0.013637767947908795,-0.003453315802493582,0.005923363177633877,-0.028175816269303763,-5.204334872320565,-0.058018353822078136,-0.044807962738483836
-0.19546508343417227,-0.18571268462461088,0.5136814370982007,2.8699025697857503,0.032628419110058926,-1.5775273097066247,-0.0008282485240324282,0.0025766551333878188,-0.029758854051411272,-1.3662483752553916,0.21493396684450328,-0.004852839458437702,-0.002583046568341831,0.0053217885002958785,-0.030405541091908315,-4.975660130951451,-0.07755930653172954,-0.02883561004989867
-0.19548687485780783,-0.18559160167404046,0.513024347341558,2.875111692522479,0.032944497271878696,-1.5775513694027619,-0.0009068474616013533,0.00302602579570263,-0.03099668545187055,-1.3155720943942193,0.19847155600269134,-0.005049990335054944,-0.0026426147578388604,0.0059261716096370605,-0.0316306018672297,-4.7517794835769385,-0.10297932398906218,-0.028360644164981203
-0.19552286131866406,-0.18547617844005868,0.5126056663852747,2.8786261693136574,0.03379239603799041,-1.5773683372003933,-0.0010464437122041394,0.003423804266831846,-0.031047044409234746,-1.273142019945897,0.18535871393962638,-0.00425919332910707,-0.0028027327330977137,0.006427222036504308,-0.030831596563443343,-4.547969663215092,-0.12207651595574055,-0.02624343528585649
-0.19551217871476112,-0.1855113655168895,0.5122946918404607,2.881738204460155,0.0333978603130444,-1.5762512758164917,-0.0009602900656963923,0.003096886897700443,-0.030578791537655626,-1.2326176917430436,0.16716873396292548,0.0008565852238175218,-0.002580088907516829,0.005699903348268079,-0.029185866379443787,-4.353045390599807,-0.14914813331207985,-0.016937968603070785
-0.19540866697092882,-0.1857034837416268,0.5120017327385056,2.8846468849117297,0.03381264617726992,-1.5743570467252042,-0.0004446864319154163,0.0020524249122321867,-0.03003659166074216,-1.193065716465442,0.15372916341480328,0.00934563892518498,-0.0016440321873585316,0.0037905052577938223,-0.027462185522287675,-4.165194415890669,-0.16750340462450092,-0.0022397786682943083
-0.19517441643246894,-0.18588201344591218,0.511700259169114,2.887150024191714,0.03554966191660473,-1.5721037436455774,0.0006550976329582764,0.0011218146792030623,-0.029548565864211566,-1.1554660554172418,0.14720079405562664,0.01908409611271801,0.00024479534335032855,0.002125215409919029,-0.025877424020748274,-3.985861318112192,-0.17376491647643677,0.014141544569132565
-0.1949948869516626,-0.18596204016232296,0.5113166979470728,2.8908772409249117,0.03544600924172156,-1.5704110109124665,0.0014447303317589885,0.0006958172812610618,-0.029455575790841335,-1.1122096746467791,0.13250181434703623,0.025716434446992353,0.0015611491236986572,0.001352016087836827,-0.02499888523346078,-3.8020577194391114,-0.19354307723355996,0.0248604285161918
-0.19498733583744374,-0.18614956389819273,0.5109710240190395,2.894362172279507,0.03587351230292489,-1.568274661908824,0.001392721556991412,-0.00021040658832999063,-0.029179183087610597,-1.0704973918911471,0.12110272781363347,0.03407259027978707,0.0014303974294125436,-0.00020430634511868257,-0.02383755414030331,-3.6259749115138247,-0.20723922210403495,0.03816855877033279
-0.19513037964049815,-0.1862059506986451,0.5105669752226316,2.897741195631261,0.037218882891861725,-1.5673494134395787,0.0006409002707435741,-0.00046009507022684473,-0.029177673555304887,-1.02969746278625,0.11464671701138686,0.03634934740896446,0.00013061892830676923,-0.0006170043369478711,-0.023169279939565555,-3.4563386485942047,-0.21226972476942646,0.040917742710802354
-0.1952380240824289,-0.1862584866466718,0.5100700563979361,2.901983177100668,0.039244960060465094,-1.5657796479346482,9.160490293891072e-05,-0.0006790581101072953,-0.029598340881795297,-0.985327480659439,0.11178355066967816,0.04149670535164911,-0.0007934853898817029,-0.0009666895952601879,-0.023227112936830743,-3.2854577030747305,-0.21113919040748702,0.048400423073101606
-0.19521389201848618,-0.18651402952277868,0.509603803883441,2.9054136367480656,0.0422814881806336,-1.5615944043557461,0.00018423219867372428,-0.001832609066968269,-0.02984436160820393,-0.945447682988746,0.11386946270172185,0.05855202760060259,-0.0006161087025894378,-0.0028727012388156366,-0.02299067477792773,-3.1268734076032954,-0.20174704056762421,0.0756283453346129
-0.1950728911326353,-0.18679714949457155,0.509186620026421,2.907295361881509,0.04684166927625469,-1.5573854149536925,0.0008171040559908965,-0.0030556092681337165,-0.029838832505662542,-0.9133416624574451,0.12304389949800229,0.0748295780683461,0.0004616040088038216,-0.0048418573962839325,-0.02233931695076292,-2.9857446652335593,-0.18073893045469225,0.10079252024235605
-0.19496337918991993,-0.18719425013323526,0.5087118033229127,2.909101204356771,0.050699980616437136,-1.5523612493162524,0.0012713529833127525,-0.004746308449892893,-0.03009186170201716,-0.8818219553786164,0.12857169963764445,0.0940446885763842,0.0012098988074717549,-0.007539743143404472,-0.022139417630241146,-2.849539910064292,-0.1664282261190779,0.1301763806429511
-0.19485768370528875,-0.18753357454419764,0.5080998694334403,2.910426276475551,0.057926164185512205,-1.5470958853837236,0.0016845256361108342,-0.0060796867353475215,-0.030960989434404066,-0.8528086413695768,0.1495933795413588,0.11336213101879511,0.0018684632623258487,-0.009563517279197922,-0.022977499842045945,-2.7213391077608744,-0.12655404344453808,0.1589110749435006
-0.19481075284658314,-0.18761480261057867,0.5073493379719864,2.9131147549589653,0.06375997303039839,-1.5424302975786681,0.0018023218238003016,-0.006139224905804082,-0.03242189276590491,-0.81764160197277,0.16313284713015583,0.12884470208598087,0.002013671599476794,-0.009396191912467095,-0.024783816388038477,-2.5864069272493606,-0.10033145445728703,0.18041714672121154
-0.1948372586076861,-0.18750016441355505,0.506621345787885,2.9164464848271554,0.06674535623650897,-1.538466587680092,0.0015710882517764473,-0.005278741451993191,-0.03369324049110398,-0.7800467831338813,0.16276746610555914,0.14019865437944387,0.0015699540020038493,-0.007691855932828191,-0.026222046356866098,-2.451174946953453,-0.09814162815582463,0.19440424617854452
-0.19481306951104962,-0.18736826093471548,0.5061964254987814,2.916545270310214,0.07220998571181149,-1.5338225236303924,0.001586938267629898,-0.0043773304206448016,-0.033476604052704084,-0.7582706189816721,0.1740185810313555,0.15406524985897407,0.0015526676355672266,-0.005966536827070552,-0.025126688134408947,-2.346227159012459,-0.0765471536549656,0.21221115413511418
-0.1947179131362343,-0.18701715619747392,0.5059258990693511,2.9146178681450987,0.07841506103566737,-1.5310874615015229,0.0019319807680968008,-0.002496832928367704,-0.03253978574502194,-0.7459463248654409,0.1881922133140432,0.1582443959352814,0.002087493150747643,-0.002648744203780334,-0.022855110007871045,-2.260048929181819,-0.050658504733621636,0.21328744781341388
-0.1946326902538302,-0.18660187756136606,0.5058469012401693,2.9112359828628893,0.08335304118556387,-1.5291610171694905,0.0022125040821637074,-0.0004101910933881521,-0.030746831918510735,-0.7399764137698589,0.1957752363154771,0.158348132515709,0.00249926680015119,0.0009218246512841229,-0.01921234386475452,-2.186925582998271,-0.03653679336434287,0.20750450310975393
-0.19457363002370406,-0.18611387860536027,0.5059483672227422,2.905525992937922,0.09108277273083698,-1.527408214716447,0.0023559216115524896,0.001910459687784233,-0.028193829447725097,-0.7441474933759036,0.2160048273779349,0.15754201902338077,0.0026697915857216655,0.004784802925471659,-0.014397697930016207,-2.1328377514146135,-0.0016175764534947512,0.2003584275459514
-0.19459379228526286,-0.1852979250426656,0.5060482469710325,2.8988544696324268,0.09942911471699319,-1.5279217291048635,0.002121763473388245,0.005640995514069473,-0.025769369571017504,-0.7516088173984691,0.23809601708618308,0.1461232270308799,0.002202848902197732,0.010902444153173728,-0.009932916652407961,-2.0857739813648126,0.03544589065620824,0.17562822460439156
-0.19460708557463377,-0.18436357082066476,0.5060781039241532,2.892887688085421,0.10582755238468164,-1.5292407145963431,0.0019303197777877838,0.009731535786662504,-0.023787981176518404,-0.754452695761068,0.2499881927086444,0.13144169648832008,0.001820523933449592,0.01745249029173001,-0.006335286129612096,-2.032287155670459,0.05438370777172212,0.14612131316058488
-0.19454234294610254,-0.18371393826257795,0.5061085468999273,2.887313089260921,0.11141964253252237,-1.5279831707646723,0.002111259462686688,0.012282538084941865,-0.021900114400686798,-0.7543913422208667,0.2575026376357686,0.12943409026025662,0.002072880938174274,0.021239794490940087,-0.002994846192621088,-1.975425823097562,0.06545684200375969,0.13867622572907035
-0.19451547919869244,-0.18306874084945796,0.506036636747078,2.883236264915458,0.1149474611766545,-1.5264562534295203,0.0021056773059699666,0.01467542003647571,-0.020582312055701532,-0.7464443871926016,0.25499156081291197,0.12871839198228388,0.0020056346554080955,0.024656362487769652,-0.0007029585273907275,-1.9069386039170717,0.05942091634031934,0.13360392272994795
-0.1946828255512189,-0.18214499333020462,0.505822442671998,2.8806417850621346,0.11670520879964297,-1.5278561909297645,0.0011944518630989385,0.018235205934365395,-0.019993170821277297,-0.7311099276526323,0.244330461177679,0.11433817305844428,0.0004226765470810971,0.02993289660822325,0.00030390018935027717,-1.827984853505817,0.03989654011399413,0.10577559169388073
-0.19506941870750538,-0.18096017727712582,0.5056165532344328,2.8774987901654034,0.11870418992975273,-1.5320098087217364,-0.0006930294952113829,0.022819601467927546,-0.019394957128618124,-0.7182576475573752,0.23530870978334004,0.08779712515337186,-0.0027519878374551695,0.036779007861493934,0.0012978417091156042,-1.7553955523255769,0.023664510510870266,0.0583465138564278
-0.19567321103730054,-0.17958792725028477,0.5054650790835667,2.873984453273047,0.12145517831836383,-1.5383652702644721,-0.00349690238007558,0.02803104445134166,-0.01857371151898064,-0.7069711148625837,0.23023188268977693,0.052297228529852476,-0.007373589709006428,0.04448466400443189,0.0026377594690213156,-1.6874572828431138,0.014496340159059515,-0.002770322816374529
-0.19638287279812558,-0.1783352957973709,0.5052842914626657,2.8720402195940045,0.12350997940459815,-1.5440313601150204,-0.006650388976703092,0.032403770634483194,-0.01793138101647454,-0.688156292979092,0.22215831525723706,0.021787775446681534,-0.012451966678699862,0.050569672585591884,0.0036404467470210053,-1.6088012374254743,0.0005625728993397458,-0.05381775895831862
-0.19705847135397972,-0.17732629860526522,0.5051330088126956,2.87099828535308,0.12528132057517155,-1.5479406053154425,-0.009481581787430889,0.03539905640150049,-0.017185384398001984,-0.665338072049768,0.21316767522683688,0.0010168063340057175,-0.016848443795532273,0.054176554476844635,0.004788844282436212,-1.5256334182199458,-0.01451878862618829,-0.08712070733780913
-0.1976929439232244,-0.17650593860500344,0.5050829652689057,2.870399957149415,0.12632834546616276,-1.551497690713996,-0.01197167623727337,0.037340463228746276,-0.01600716482122409,-0.6408925650799986,0.20125845678515503,-0.017033451446939178,-0.020550554531236043,0.05591671298302718,0.006629446574351901,-1.4420614934551002,-0.03406962486958441,-0.11493445140984544
-0.19824408724465126,-0.17594652675904815,0.5052808656137097,2.8683529253021076,0.1275048170343338,-1.5546800612135334,-0.01393937739322906,0.037942974892085125,-0.013735572571192815,-0.6237576548840468,0.1905641824400077,-0.03238126335643384,-0.023273894815447654,0.055364679922575905,0.010250812550878452,-1.3730739934494627,-0.05103855114612228,-0.1374429033521999
-0.1987471673124173,-0.1754946550279262,0.5054727946211661,2.8666872971776636,0.12732090055502623,-1.5574505933006442,-0.015573913548412605,0.037988723077361584,-0.011610217030954537,-0.6050710819293192,0.1740893740636192,-0.044978535083636015,-0.025362890709779908,0.053895093578269826,0.01352599016925272,-1.3034130765237224,-0.07722002542345158,-0.15471363964897814
-0.19909099431354632,-0.175097944407482,0.5054846496945246,2.866257024654344,0.12769231066221184,-1.5597429754228578,-0.016372864737320136,0.0377503310128859,-0.010436587105688393,-0.5809632382680943,0.16106243470603251,-0.0546459767679634,-0.025993351384982866,0.05199041552513008,0.015114887086875712,-1.2266132333462778,-0.09689268584062334,-0.1665925045986942
-0.19931553985961728,-0.17481271187067055,0.5054388085503561,2.8667718478494937,0.12780847987628224,-1.561590651323469,-0.016564025415652477,0.036980465073795724,-0.00959751245696633,-0.5530933870489935,0.14754269020464197,-0.06168060327103079,-0.02558772742914097,0.04924833927921009,0.016098793108779083,-1.14565427626502,-0.11684171584802483,-0.17372779345985712
-0.19938300671120143,-0.17455023968720418,0.5055930717825856,2.86648461562071,0.12807664571395125,-1.5637890427284715,-0.01600187077266247,0.036120403229560644,-0.007875376582210214,-0.5298286267985749,0.1354616729354489,-0.06991748806515904,-0.023931098545004977,0.04643170320489784,0.01853496927497206,-1.0746731415548694,-0.1338227207217801,-0.18267843394255348
-0.19940591792605833,-0.17443855482162368,0.5060272509443455,2.865237398822692,0.1270910912374322,-1.5642410060485579,-0.015249212773548345,0.03457936333024401,-0.004943584017231464,-0.5117070764321398,0.11820469045566502,-0.0695198600548108,-0.022001509449867968,0.042552613738336804,0.022930133272612188,-1.0142928925500674,-0.15900285798313657,-0.17691021136991147
-0.19936071506013078,-0.17445562327897352,0.506650814128154,2.8621838669934094,0.126858227020948,-1.5644181360327274,-0.014206694200547668,0.03249588980975812,-0.0012865704209546946,-0.502442924049546,0.10539206033018622,-0.06778001425627546,-0.01964009021634409,0.03787290293547415,0.02841780303205774,-0.9704413426624349,-0.17603233619885592,-0.16905392654315562
-0.19923952146981594,-0.17467736308059098,0.5073187765523843,2.857725410087479,0.12752399880915374,-1.5633871718604404,-0.01285320501976667,0.02954551489139219,0.0023812267380447848,-0.49974260379068036,0.09748927362659023,-0.06041984261565734,-0.01682352700366706,0.031871218976646035,0.03377028102975395,-0.9388135347698857,-0.1843587650534625,-0.15199905372239952
-0.19915338416172879,-0.1748723738238267,0.5077639756140102,2.8545483196699943,0.1280417373752398,-1.5622811443383118,-0.01172307350800626,0.02685269182668845,0.004811853337289463,-0.4907743042949412,0.08937705196590881,-0.05300830115921988,-0.014459907183452405,0.0264687330520684,0.03690014147548902,-0.8975657641516034,-0.192803601054367,-0.13533441556209624
-0.19919760917262178,-0.17496351554832046,0.5080441048702499,2.8520997106274715,0.1298292855935688,-1.5619698658362313,-0.011250325067649877,0.02476648115414432,0.006334635278222764,-0.47844711068261414,0.08767676979788587,-0.04960886922281936,-0.013263878793851436,0.022233632595971057,0.038421311182561396,-0.8518414659679643,-0.19026807487828112,-0.12585830124402772
-0.1993326691578476,-0.17482292065407976,0.5082629803265338,2.8497998995479,0.13226196819653627,-1.5635695171941675,-0.01121841476950841,0.02385432139235552,0.007478082123083507,-0.4656514464226312,0.0891554192787103,-0.05522639330012651,-0.012839967714847118,0.020084173291970507,0.03926434379211278,-0.8066091560805495,-0.1824764140036928,-0.1317565871657686
-0.19957042033673195,-0.17459270509804958,0.508376893606534,2.849030088883387,0.13345364977358193,-1.5650444103230277,-0.011660722615211309,0.023396194629001905,0.008057114893613148,-0.44599531185830604,0.08486110740648928,-0.0599207589222133,-0.013222544943708345,0.01875556976637624,0.039138041036881385,-0.7511439958585695,-0.18457613506788248,-0.13594320327565032
-0.1997948817888162,-0.17418402018396156,0.508563161923212,2.8487610097162817,0.13364467012426104,-1.566584976936436,-0.012012878511543878,0.02378401406691786,0.008926320995285156,-0.4246438905162912,0.07620369595505323,-0.06462363583592683,-0.013443369438738716,0.018881627280908423,0.03950151027204499,-0.6943870901287591,-0.19392847688269982,-0.14002715631312157
-0.2000583915445938,-0.173676732249319,0.5086738620379754,2.8496334286495903,0.13300393067446167,-1.5686289258420938,-0.012523182887513256,0.024603213063834062,0.009381702553452265,-0.39872224570642806,0.06419292566507873,-0.07137239752154677,-0.013923036669705693,0.019727028582259075,0.0391613810294221,-0.6315569729035015,-0.20863885896994844,-0.14742534799905666
-0.20035106592103738,-0.17325149309153942,0.5087914943649762,2.85032752764799,0.13167382395867638,-1.570373200024382,-0.0131374426918203,0.024989992780532266,0.009828571632699101,-0.37463825383922167,0.04966693714821069,-0.07631907755859779,-0.014563506071348879,0.01982421254464485,0.03881648665790164,-0.573560962166711,-0.2271531644371758,-0.1515971649648625
-0.2006408885273497,-0.17291349410503534,0.5089717915753841,2.8497768911111896,0.1321980870406622,-1.5719686014273662,-0.013700967022395542,0.02494175964434735,0.01052722167432044,-0.3572960230519906,0.04461369745460514,-0.08025467175726315,-0.015101070562668954,0.019189729619252808,0.038903134951508815,-0.5284818817702143,-0.2292768737277965,-0.15395818937795788
-0.20089301660024034,-0.17250073565832377,0.509027177574612,2.850153401470892,0.1320960904724582,-1.5737752406716712,-0.014053683988378562,0.025235480043467377,0.010590925415046087,-0.33625812257177135,0.037000589799121485,-0.08490677752949964,-0.015270371035258457,0.01914597962717044,0.03792338136085864,-0.47846894003161605,-0.23563085172245232,-0.15745393533885793
-0.20113270542216527,-0.17194535842913525,0.5090196153352331,2.851127401100078,0.13097825018564796,-1.5769486349112414,-0.014323753634048628,0.02617027701182515,0.01034065400868614,-0.31326871023507497,0.025143237037233295,-0.09562251860525939,-0.015296450787426898,0.020177705952573156,0.03644486136671933,-0.42658262372252675,-0.24891947099850842,-0.17101290750708925
-0.20136519357113367,-0.17145885733926536,0.5090912983675431,2.8505969896160788,0.1323557759393558,-1.580842254005647,-0.014539711692466895,0.026728044779158855,0.010455409853301146,-0.2982439845941408,0.02562206434328084,-0.10907940464805047,-0.01523112718093936,0.020548828546623384,0.035619311621388254,-0.38949186489792414,-0.24116517648633243,-0.1887865463878802
-0.20165937649617052,-0.17109785557155988,0.508997388860585,2.850715139290793,0.13454001104666313,-1.5836166724556322,-0.015025342385706535,0.026663624452647337,0.009776383711629758,-0.2807697504017132,0.02994710775599021,-0.11656052310221342,-0.015619519419999403,0.0198669833214559,0.033486674657304864,-0.3493323406903184,-0.2271823280000958,-0.19605017950538547
-0.2021374696174504,-0.17079055006827606,0.5085617730119807,2.853629442553355,0.1355091309048702,-1.585622773470236,-0.0163364814650545,0.02634306533583008,0.007523613182894337,-0.2509795235731023,0.028497929242525512,-0.11999669786231487,-0.017380372035225848,0.018774968193228818,0.02877646935749675,-0.28965645181361993,-0.2232658837438339,-0.19633282343043829
-0.20268251270895968,-0.17060195996240918,0.5080485803365575,2.8572410205585186,0.13566860756209373,-1.5863983531696055,-0.017885978983131174,0.025476707112050495,0.005008848898532068,-0.2192977487916915,0.02345118442276399,-0.11743642409602284,-0.01949146500400624,0.016798853653211945,0.023758788605779655,-0.22847754073082052,-0.22548727506740443,-0.1865593019146655
-0.20310431007737,-0.17042818838992643,0.5078022296734223,2.857093056140646,0.14014559789323686,-1.5888624083503429,-0.0187746406506712,0.024576925431509546,0.003852470236963201,-0.2066155762322539,0.03887998994823467,-0.12278655374703636,-0.020436233377259815,0.014821921010427647,0.021157495598532843,-0.20084496440982685,-0.19333566874352998,-0.19031423234062664
-0.20340982894629353,-0.17018384014956087,0.5077002451431507,2.8552181080601855,0.1455582768891244,-1.5924289159959357,-0.019067572954570185,0.024044236089051235,0.0034169621030751404,-0.20252327617423213,0.057985783978083516,-0.13291863540890583,-0.02035634991938205,0.013515338957018466,0.019836818025311807,-0.1883782037343935,-0.15592046159033354,-0.20197742878879119
-0.20368169488711294,-0.1699933114327349,0.5074040693095934,2.856602517538779,0.14671128579577025,-1.594444434492994,-0.019179655715470718,0.02328119374588313,0.0020892091816749345,-0.18336081469854307,0.056357462857253834,-0.13522319332057647,-0.019975647209972903,0.011859244244525953,0.017057886868572267,-0.15100649277655404,-0.15429443696957465,-0.20019827947794422
-0.20389647676359554,-0.1699825642985314,0.5070537002894964,2.8595331050228214,0.14708711361351848,-1.594890344913208,-0.019010928907223057,0.021713119208877554,0.0005675244004195623,-0.15788289677631856,0.05126006744217617,-0.13000605063165802,-0.019135023251692328,0.008900406087097777,0.01403159444735505,-0.10409567935704217,-0.15852696562569488,-0.18586467659251352
-0.20409438898058074,-0.16999881364120648,0.5066462390644659,2.8634098486238355,0.14846133843727893,-1.594750419670107,-0.018763229004760986,0.020093629313770178,-0.0011505022522087316,-0.12922324282341147,0.05114318824610307,-0.1222345453457904,-0.018185541057973646,0.005938046624440906,0.010760810699736226,-0.053163362558929526,-0.15429541653224216,-0.16765103311813584
-0.2043428224992945,-0.16991935845311704,0.506051970145678,2.8695164908986803,0.1475705999023502,-1.594026965456694,-0.018754980719110755,0.018998435206257148,-0.0036579996645324637,-0.09158242856223844,0.04054867165184952,-0.11205565482800606,-0.017663826366638852,0.003936985561911832,0.00625845553785975,0.011396260839719001,-0.16773946474085155,-0.14591200289893752
-0.2046793931985638,-0.16967773175712356,0.505349405863655,2.8756461090277456,0.14743664454086833,-1.5943858870140402,-0.01914972586586926,0.018711946379824845,-0.006547523120807959,-0.055723712541189,0.034088145394145765,-0.10736282275865304,-0.017831979960790376,0.003346961448444086,0.0012416814399318372,0.07116656864251594,-0.17388069887368302,-0.13397311799298176
-0.20519396285569647,-0.1694129364854455,0.504549847513514,2.881520962882284,0.14885392004611636,-1.595638383451815,-0.020345964142724014,0.01854621907720244,-0.009744980382274252,-0.022879651479500072,0.03525957678598706,-0.10700717425971044,-0.0193385023873125,0.0029757763082548447,-0.00415098805098601,0.12421591876428092,-0.167061517662903,-0.12963550204110305
-0.20579558073720455,-0.16911106686886515,0.5038071311417718,2.887328190850245,0.14922249739201063,-1.5979375741236168,-0.02187906624387463,0.018560179526190056,-0.012515616874268512,0.007948267787474192,0.03156244037781649,-0.11148715102773976,-0.021367434051832584,0.002916061224149141,-0.008677823738193213,0.17240522909384026,-0.1685910628683045,-0.13352210443787244
-0.20625802276154803,-0.16900346233432598,0.5033413347364137,2.89146173662101,0.1496775246579743,-1.5988541945669814,-0.022677056838837487,0.01766684334739097,-0.013853170103257094,0.029354712467825325,0.028530787512577153,-0.10923881317933509,-0.02210787175513285,0.001337653469629256,-0.010676809076390627,0.20346108836938948,-0.16896273701908823,-0.12602549781544525
-0.20655274129535975,-0.16902466898156268,0.5031811599512054,2.893349398950191,0.1506637115390014,-1.5990599221609485,-0.022643358276458914,0.016217355700390904,-0.013694698852744712,0.03913053234908492,0.028203784430624077,-0.10373231156418689,-0.021433965529804533,-0.0011286170215367287,-0.010113072036963294,0.2141601249811727,-0.1647918389571527,-0.11327854195671629
-0.20675873339723197,-0.16919578898063306,0.5031555068617225,2.893779030970454,0.1517475057507517,-1.59815393929341,-0.022188025031550068,0.014142353010791756,-0.012912646907140867,0.04152423109448952,0.028423833934509788,-0.09326881385349318,-0.020072345580574146,-0.004574186472456547,-0.008520142722005063,0.21219010613120332,-0.15982072928856847,-0.09258113089100466
